work_id,title,doi,publication_date,supervisors,supervisor_areas,areas
W3002172438,"Sterilizing of Alphitobius diaperinus (Panzer, 1797) (Coleoptera: Tenebrionidae) irradiated in pupa stage",https://doi.org/10.15392/bjrs.v9i1a.1445,2021-04-30,Valter Arthur,Valter Arthur (P),P
W3002391705,PROPAGATION OF MANGO SEEDLINGS OF THE CULTIVAR “TOMMY” BY GRAFTS IRRADIATED,https://doi.org/10.15392/bjrs.v9i1a.1449,2021-04-30,Valter Arthur,Valter Arthur (P),P
W3003543800,APPLICATION OF GAMMA RADIATION IN PEA (PISUM SATIVUM L.) IN NATURA TO INHIBIT SPROUTING AND INCREASE SHELF LIFE,https://doi.org/10.15392/bjrs.v9i1a.1439,2021-04-30,Valter Arthur,Valter Arthur (P),P
W3003767768,Glycine max oil physical-chemical quality obtained of irradiated seeds,https://doi.org/10.15392/bjrs.v9i1a.1450,2021-04-30,Valter Arthur,Valter Arthur (P),P
W3003850080,APPLE PORRIDGE SUBMITTED TO GAMMA RADIATION FOR SHELF-LIFE EXTENDED,https://doi.org/10.15392/bjrs.v9i1a.1372,2021-04-30,Valter Arthur,Valter Arthur (P),P
W3004084447,"DISINFESTATION OF MANGOES HADEN IN-FESTED BY Anastrepha fraterculus (WIED., 1830) (DIPTERA, TEPHRITIDAE), WITH GAMMA RADIATION",https://doi.org/10.15392/bjrs.v9i1a.1444,2021-04-30,Valter Arthur,Valter Arthur (P),P
W3004288181,SHELF-LIFE OF PAPAYA NECTAR SUBMITTED TO IONIZING RADIATION,https://doi.org/10.15392/bjrs.v9i1a.1374,2021-04-30,Valter Arthur,Valter Arthur (P),P
W3088715199,SUSTENTABILIDADE URBANA E INDICADORES DE ÁREA VERDE NO MUNICÍPIO DE SÃO PAULO,https://doi.org/10.54399/rbgdr.v17i1.6178,2021-03-23,Giuliano Maselli Locosselli,Giuliano Maselli Locosselli (E),E
W3110738593,Meridional changes in the South Atlantic Subtropical Gyre during Heinrich Stadials,https://doi.org/10.1038/s41598-021-88817-0,2021-05-03,Marília Campos,Marília Campos (T),T
W3112519777,Multispectral and X-ray images for characterization of Jatropha curcas L. seed quality,https://doi.org/10.1186/s13007-021-00709-6,2021-01-26,Valter Arthur,Valter Arthur (P),P
W3118279996,Potential use of cassava by-product as ruminant feed,https://doi.org/10.1007/s11250-021-02555-z,2021-01-09,Adibe Luiz Abdalla; Helder Louvandini,Adibe Luiz Abdalla (P); Helder Louvandini (P),P
W3118483448,hRNAi-mediated knock-down of Sphenophorus levis V-ATPase E in transgenic sugarcane (Saccharum spp interspecific hybrid) affects the insect growth and survival,https://doi.org/10.1007/s00299-020-02646-5,2021-01-03,Antonio Vargas de Oliveira Figueira,Antonio Vargas de Oliveira Figueira (P),P
W3118560306,"Mycosporine-Like Amino Acids (MAAs): Biology, Chemistry and Identification Features",https://doi.org/10.3390/ph14010063,2021-01-14,Ernani Pinto Junior,Ernani Pinto Junior (E),E
W3118702585,Distinct bacterial community structure and composition along different cowpea producing ecoregions in Northeastern Brazil,https://doi.org/10.1038/s41598-020-80840-x,2021-01-12,Lucas William Mendes,Lucas William Mendes (P),P
W3119155659,Moderate swidden agriculture inside dense evergreen ombrophilous forests can sustain soil chemical properties over 10–15 year cycles within the Brazilian Atlantic Forest,https://doi.org/10.1016/j.catena.2020.105117,2021-01-13,José Lavres Junior,José Lavres Junior (T),T
W3119210310,"Seed size influences the promoting activity of rhizobia on plant growth, nodulation and N fixation in lima bean",https://doi.org/10.1590/0103-8478cr20200246,2021-01-01,Lucas William Mendes,Lucas William Mendes (P),P
W3119714006,"Occurrence of caffeine, fluoxetine, bezafibrate and levothyroxine in surface freshwater of São Paulo State (Brazil) and risk assessment for aquatic life protection",https://doi.org/10.1007/s11356-020-11799-5,2021-01-06,Ernani Pinto Junior,Ernani Pinto Junior (E),E
W3119859824,"Recovery of 15N fertilizer in intercropped maize, grass and legume and residual effect in black oat under tropical conditions",https://doi.org/10.1016/j.agee.2020.107226,2021-01-12,Eduardo Mariano; Paulo César Ocheuze Trivelin,Eduardo Mariano (T); Paulo César Ocheuze Trivelin (T),T
W3119902330,"Trace elements and δ 13 C and δ 15 N isotopes in sediments, phytoplankton and oysters as indicators of anthropogenic activities in estuaries in the Brazilian Amazon",https://doi.org/10.1016/j.rsma.2021.101618,2021-01-01,Marcelo Zacharias Moreira,Marcelo Zacharias Moreira (E),E
W3120831690,Distinct taxonomic composition of soil bacterial community across a native gradient of Cerrado-Ecotone-Caatinga,https://doi.org/10.1016/j.apsoil.2020.103874,2021-01-11,Lucas William Mendes,Lucas William Mendes (P),P
W3121025337,Growth and saxitoxin production responses to copper (CuCl2) exposure by the cyanobacterium Raphidiopsis raciborskii,https://doi.org/10.1007/s10811-020-02324-9,2021-01-08,Flavia Vischi Winck,Flavia Vischi Winck (P),P
W3121106836,"Soil CO2 concentration, efflux, and partitioning in a recently afforested grassland",https://doi.org/10.1007/s11056-020-09824-z,2021-01-04,Rafael Silva Santos,Rafael Silva Santos (E),E
W3121545671,Plant Compartments and Developmental Stages Modulate the Balance between Niche-Based and Neutral Processes in Soybean Microbiome,https://doi.org/10.1007/s00248-021-01688-w,2021-01-18,Lucas William Mendes,Lucas William Mendes (P),P
W3122406477,Characterization and Comparison of Intestinal Bacterial Microbiomes of Euschistus heros and Piezodorus guildinii Collected in Brazil and the United States,https://doi.org/10.3389/fmicb.2021.769965,2021-10-27,Lucas William Mendes,Lucas William Mendes (P),P
W3122527749,Effect of Fertiactyl® on the absorption and translocation of 14C-glyphosate in young eucalyptus plants,https://doi.org/10.1080/03601234.2021.1872325,2021-01-15,Kassio Ferreira Mendes; Valdemar Luiz Tornisielo,Kassio Ferreira Mendes (E); Valdemar Luiz Tornisielo (E),E
W3123298438,Restoration of quarry areas in Mediterranean regions through a low-cost soil rebuilding technique for profitable pedotechnosystems development,https://doi.org/10.1016/j.still.2021.104936,2021-01-20,Cassio Hamilton Abreu Junior,Cassio Hamilton Abreu Junior (P),P
W3123361126,Grazing exclusion regulates bacterial community in highly degraded semiarid soils from the Brazilian Caatinga biome,https://doi.org/10.1002/ldr.3893,2021-01-23,Lucas William Mendes,Lucas William Mendes (P),P
W3125119374,"Bee propolis extract as a phytogenic feed additive to enhance diet digestibility, rumen microbial biosynthesis, mitigating methane formation and health status of late pregnant ewes",https://doi.org/10.1016/j.anifeedsci.2021.114834,2021-01-21,Adibe Luiz Abdalla,Adibe Luiz Abdalla (P),P
W3125232735,Nickel Influences Urease Activity and Calcium Distribution in Tomato Fruits,https://doi.org/10.1021/acsagscitech.0c00003,2021-01-27,Hudson Wallace Pereira de Carvalho,Hudson Wallace Pereira de Carvalho (T),T
W3125369486,Distribution and origin of sedimentary organic matter in an eutrophic estuary: Pina Sound – NE Brazil,https://doi.org/10.1590/0001-3765202120190638,2021-01-01,Marcelo Zacharias Moreira,Marcelo Zacharias Moreira (E),E
W3125930863,"Phylogenomic analysis of Anabaenopsis elenkinii (Nostocales, Cyanobacteria)",https://doi.org/10.1099/ijsem.0.004648,2021-01-21,Marli de Fatima Fiore,Marli de Fatima Fiore (P),P
W3126206008,Investigating δ13C values in stalagmites from tropical South America for the last two millennia,https://doi.org/10.1016/j.quascirev.2021.106822,2021-02-05,Luiz Carlos Ruiz Pessenda,Luiz Carlos Ruiz Pessenda (T),T
W3126454266,Genomic and transcriptomic resources for candidate gene discovery in the Ranunculids,https://doi.org/10.1002/aps3.11407,2021-01-01,Diego Mauricio Riaño Pachón,Diego Mauricio Riaño Pachón (P),P
W3127129936,Asymbiotic nitrogen fixation in the phyllosphere of the Amazon forest: Changing nitrogen cycle paradigms,https://doi.org/10.1016/j.scitotenv.2021.145066,2021-02-04,Plínio Barbosa de Camargo,Plínio Barbosa de Camargo (E),E
W3127332474,Propagation of uncertainty of soil hydraulic parameterization in the prediction of water balance components: A stochastic analysis in kaolinitic clay soils,https://doi.org/10.1016/j.geoderma.2020.114910,2021-02-06,Quirijn de Jong van Lier,Quirijn de Jong van Lier (E),E
W3127955207,Effect of pyrolysis temperature on eucalyptus wood residues biochar on availability and transport of hexazinone in soil,https://doi.org/10.1007/s13762-021-03147-y,2021-01-30,Kassio Ferreira Mendes; Valdemar Luiz Tornisielo,Kassio Ferreira Mendes (E); Valdemar Luiz Tornisielo (E),E
W3128202527,Smartphone-based digital images as a novel approach to determine formaldehyde as a milk adulterant,https://doi.org/10.1016/j.foodcont.2021.107956,2021-02-05,Fabio Rodrigo Piovezani Rocha,Fabio Rodrigo Piovezani Rocha (T),T
W3128231263,The effect of global warming on the establishment of mangroves in coastal Louisiana during the Holocene,https://doi.org/10.1016/j.geomorph.2021.107648,2021-02-10,Luiz Carlos Ruiz Pessenda,Luiz Carlos Ruiz Pessenda (T),T
W3128242165,Genome-Resolved Metagenomics Is Essential for Unlocking the Microbial Black Box of the Soil,https://doi.org/10.1016/j.tim.2021.01.013,2021-02-05,Lucas William Mendes,Lucas William Mendes (P),P
W3128773514,Consequences of a Severe Drought on Dissolved Carbon Forms of a Tropical Mesoscale River Under High Human Influence,https://doi.org/10.1007/s11270-021-05033-2,2021-02-01,Luiz Antonio Martinelli; Plínio Barbosa de Camargo,Luiz Antonio Martinelli (E); Plínio Barbosa de Camargo (E),E
W3128798565,Evaluation of ozone technology as an alternative for degradation of free gossypol in cottonseed meal: a prospective study,https://doi.org/10.1080/19440049.2020.1865579,2021-02-04,Adibe Luiz Abdalla,Adibe Luiz Abdalla (P),P
W3129106619,Chemometrics unraveling nutrient dynamics during soybean seed germination,https://doi.org/10.1016/j.microc.2021.106045,2021-02-10,Hudson Wallace Pereira de Carvalho,Hudson Wallace Pereira de Carvalho (T),T
W3129609028,Alien plant introductions and greenhouse gas emissions: Insights from Gunnera tinctoria invasions,https://doi.org/10.1016/j.scitotenv.2021.145861,2021-02-15,Mauricio Cruz Mantoani,Mauricio Cruz Mantoani (E),E
W3130621099,A Multi‐Proxy Approach to Unravel Late Pleistocene Sediment Flux and Bottom Water Conditions in the Western South Atlantic Ocean,https://doi.org/10.1029/2020pa004058,2021-02-19,Marília Campos,Marília Campos (T),T
W3130898158,Urea- Versus Ammonium Nitrate–Based Fertilizers for Green Sugarcane Cultivation,https://doi.org/10.1007/s42729-021-00443-x,2021-02-24,José Lavres Junior; Lílian Angélica Moreira,José Lavres Junior (T); Lílian Angélica Moreira (P),P+T
W3132777137,"Photosynthetic Parameters and Growth of Rice, Lettuce, Sunflower and Tomato in an Entisol as Affected by Soil Acidity and Bioaccumulation of Ba, Cd, Cu, Ni, and Zn",https://doi.org/10.1007/s00244-021-00850-2,2021-05-07,José Lavres Junior,José Lavres Junior (T),T
W3134264579,Adaptive evolution of Moniliophthora PR-1 proteins towards its pathogenic lifestyle,https://doi.org/10.1186/s12862-021-01818-5,2021-05-14,Antonio Vargas de Oliveira Figueira,Antonio Vargas de Oliveira Figueira (P),P
W3134686076,Ingestion and effects of cerium oxide nanoparticles on Spodoptera frugiperda (Lepidoptera: Noctuidae),https://doi.org/10.1016/j.envpol.2021.116905,2021-03-10,Hudson Wallace Pereira de Carvalho,Hudson Wallace Pereira de Carvalho (T),T
W3134813985,"CyanoMetDB, a comprehensive public database of secondary metabolites from cyanobacteria",https://doi.org/10.1016/j.watres.2021.117017,2021-03-08,Ernani Pinto Junior,Ernani Pinto Junior (E),E
W3134920304,"The value of climate responses of individual trees to detect areas of climate-change refugia, a tree-ring study in the Brazilian seasonally dry tropical forests",https://doi.org/10.1016/j.foreco.2021.118971,2021-02-26,Giuliano Maselli Locosselli,Giuliano Maselli Locosselli (E),E
W3135139121,Revealing the high variability on nonconserved core and mobile elements of Austropuccinia psidii and other rust mitochondrial genomes,https://doi.org/10.1371/journal.pone.0248054,2021-03-11,Diego Mauricio Riaño Pachón,Diego Mauricio Riaño Pachón (P),P
W3135292283,Synchrotron-based X-ray microscopy for assessing elements distribution and speciation in mangrove tree-rings,https://doi.org/10.1016/j.rechem.2021.100121,2021-01-01,Luiz Carlos Ruiz Pessenda,Luiz Carlos Ruiz Pessenda (T),T
W3136172719,Partial Substitution of K by Na Alleviates Drought Stress and Increases Water Use Efficiency in Eucalyptus Species Seedlings,https://doi.org/10.3389/fpls.2021.632342,2021-03-15,José Lavres Junior,José Lavres Junior (T),T
W3138205803,The Use of the Generalized Linear Model to Assess the Speed and Uniformity of Germination of Corn and Soybean Seeds,https://doi.org/10.3390/agronomy11030588,2021-03-19,Deoclecio Jardim Amorim,Deoclecio Jardim Amorim (T),T
W3138476166,Trichostrongylus colubriformis affecting sheep phosphorus metabolism and precision feeding as a mitigating strategy,https://doi.org/10.1590/s1984-29612021001,2021-01-01,Helder Louvandini,Helder Louvandini (P),P
W3138852228,"Reconstructing the history of environmental impact in a tropical mangrove ecosystem: A case study from the Suape port-industrial complex, Brazil",https://doi.org/10.1016/j.rsma.2021.101747,2021-03-19,Plínio Barbosa de Camargo,Plínio Barbosa de Camargo (E),E
W3138919469,Can the insecticide Imidacloprid affect the health of the Neotropical freshwater fish Astyanax altiparanae (Teleostei: Characidae)?,https://doi.org/10.1016/j.etap.2021.103634,2021-03-18,Ernani Pinto Junior,Ernani Pinto Junior (E),E
W3139422816,Bacillus subtilis changes the root architecture of soybean grown on nutrient-poor substrate,https://doi.org/10.1016/j.rhisph.2021.100348,2021-03-23,Lucas William Mendes,Lucas William Mendes (P),P
W3143514697,MEAD OF NATURAL FERMENTATION,https://doi.org/10.15414/jmbfs.3628,2021-04-29,Valter Arthur,Valter Arthur (P),P
W3143606862,"Determining the Sterilization Doses under Hypoxia for the Novel Black Pupae Genetic Sexing Strain of Anastrepha fraterculus (Diptera, Tephritidae)",https://doi.org/10.3390/insects12040308,2021-03-30,Thiago de Araújo Mastrangelo,Thiago de Araújo Mastrangelo (P),P
W3144506385,Human-modified landscapes narrow the isotopic niche of neotropical birds,https://doi.org/10.1007/s00442-021-04908-9,2021-04-09,Marcelo Zacharias Moreira,Marcelo Zacharias Moreira (E),E
W3144646940,Non-native prey species supporting fish assemblage biomass in a Neotropical reservoir,https://doi.org/10.1007/s10530-021-02510-x,2021-03-28,Marcelo Zacharias Moreira,Marcelo Zacharias Moreira (E),E
W3145232491,"Moniliophthoraperniciosa, the causal agent of witches’ broom disease of cacao, interferes with cytokinin metabolism during infection of Micro‐Tom tomato and promotes symptom development",https://doi.org/10.1111/nph.17386,2021-04-07,Antonio Vargas de Oliveira Figueira,Antonio Vargas de Oliveira Figueira (P),P
W3145412754,A bioinspired nitrone precursor to a stabilized nitroxide radical,https://doi.org/10.1016/j.freeradbiomed.2021.03.030,2021-03-30,Ernani Pinto Junior,Ernani Pinto Junior (E),E
W3149218435,Not just a methane source: Amazonian floodplain sediments harbour a high diversity of methanotrophs with different metabolic capabilities,https://doi.org/10.1111/mec.15912,2021-04-05,Tsai Siu Mui,Tsai Siu Mui (P),P
W3150833094,Mid‐ to Late Holocene Contraction of the Intertropical Convergence Zone Over Northeastern South America,https://doi.org/10.1029/2020pa003936,2021-03-27,Marília Campos,Marília Campos (T),T
W3152598625,Nitrogen accumulated and biologically fixed by uninoculated Anadenanthera peregrina (L.) Speg trees under monospecific stands in the Atlantic Forest biome,https://doi.org/10.1007/s40415-021-00713-z,2021-04-15,Paulo César Ocheuze Trivelin,Paulo César Ocheuze Trivelin (T),T
W3152840179,"Shedding Light on the Dynamic Role of the “Target of Rapamycin” Kinase in the Fast-Growing C4 Species Setaria viridis, a Suitable Model for Biomass Crops",https://doi.org/10.3389/fpls.2021.637508,2021-04-13,Diego Mauricio Riaño Pachón,Diego Mauricio Riaño Pachón (P),P
W3152894666,"Isolation and enzyme bioprospection of bacteria associated to Bruguiera cylindrica, a mangrove plant of North Sumatra, Indonesia",https://doi.org/10.1016/j.btre.2021.e00617,2021-04-21,Lucas William Mendes,Lucas William Mendes (P),P
W3153502076,The effects of microwave application on the physicochemical properties of bacaba (Oenocarpus bacaba Mart.) oil [pdf],https://doi.org/10.17306/j.afs.2021.0893,2021-04-27,Valter Arthur,Valter Arthur (P),P
W3154481206,Stability Analyses by HPLC-MS of Guanitoxin Isolated from Sphaerospermopsis torques-reginae,https://doi.org/10.21577/0103-5053.20210053,2021-01-01,Ernani Pinto Junior,Ernani Pinto Junior (E),E
W3154951414,Low Diffusive Methane Emissions From the Main Channel of a Large Amazonian Run-of-the-River Reservoir Attributed to High Methane Oxidation,https://doi.org/10.3389/fenvs.2021.655455,2021-04-08,Plínio Barbosa de Camargo,Plínio Barbosa de Camargo (E),E
W3155598205,Convolutional Neural Networks Using Enhanced Radiographs for Real-Time Detection of Sitophilus zeamais in Maize Grain,https://doi.org/10.3390/foods10040879,2021-04-16,Thiago de Araújo Mastrangelo; Valter Arthur,Thiago de Araújo Mastrangelo (P); Valter Arthur (P),P
W3156045673,Short-term nickel residual effect in field-grown soybeans: nickel-enriched soil acidity amendments promote plant growth and safe soil nickel levels,https://doi.org/10.1080/03650340.2021.1912325,2021-04-17,José Lavres Junior,José Lavres Junior (T),T
W3156523204,Consequences of land-use change in Brazil’s new agricultural frontier: A soil physical health assessment,https://doi.org/10.1016/j.geoderma.2021.115149,2021-04-20,Rafael Silva Santos,Rafael Silva Santos (E),E
W3156725318,Overexpression of a Sugarcane BAHD Acyltransferase Alters Hydroxycinnamate Content in Maize Cell Wall,https://doi.org/10.3389/fpls.2021.626168,2021-04-21,Diego Mauricio Riaño Pachón,Diego Mauricio Riaño Pachón (P),P
W3156861082,Soil CO2 emission and soil attributes associated with the microbiota of a sugarcane area in southern Brazil,https://doi.org/10.1038/s41598-021-87479-2,2021-04-15,Tsai Siu Mui,Tsai Siu Mui (P),P
W3157302119,Cow bonechar decreases indaziflam pre-emergence herbicidal activity in tropical soil,https://doi.org/10.1080/03601234.2021.1916302,2021-05-05,Kassio Ferreira Mendes,Kassio Ferreira Mendes (E),E
W3157784553,Changes in leaf functional traits with leaf age: when do leaves decrease their photosynthetic capacity in Amazonian trees?,https://doi.org/10.1093/treephys/tpab042,2021-04-22,Plínio Barbosa de Camargo,Plínio Barbosa de Camargo (E),E
W3158348298,"An overview of the Sixth International Conference on the Comparative Biology of Monocotyledons - Monocots VI - Natal, Brazil, 2018",https://doi.org/10.1590/2175-7860202172035,2021-01-01,Adriana Pinheiro Martinelli,Adriana Pinheiro Martinelli (P),P
W3158712178,INFLUENCE OF IRRADIATION ON POWDER CHARACTERISTICS AND CHITOSAN SOLUTION,https://doi.org/10.15392/bjrs.v9i1a.1451,2021-04-30,Valter Arthur,Valter Arthur (P),P
W3158801254,EFFECT OF IRRADIATION IN HONEY INOCULATED WITH Bacillus sporothermodurans,https://doi.org/10.15392/bjrs.v9i1a.1448,2021-04-30,Valter Arthur,Valter Arthur (P),P
W3160023570,Effect of long-term crop rotation and fertilisation management on soil humus dynamics in organic and sustainable agricultural management systems,https://doi.org/10.1071/sr20101,2021-05-19,Quirijn de Jong van Lier,Quirijn de Jong van Lier (E),E
W3160155384,Variability in soil physical–chemical properties along the root-explored profile in deep Oxisols of commercial eucalypt plantations,https://doi.org/10.1016/j.foreco.2021.119334,2021-05-16,Cassio Hamilton Abreu Junior,Cassio Hamilton Abreu Junior (P),P
W3160287333,Impacts of market economy access and livelihood conditions on agro-food transition in rural communities in three macro-regions of Brazil,https://doi.org/10.1007/s10668-021-01480-3,2021-05-10,Luiz Antonio Martinelli,Luiz Antonio Martinelli (E),E
W3160355583,Taking the pulse of Earth's tropical forests using networks of highly distributed plots,https://doi.org/10.1016/j.biocon.2020.108849,2021-05-24,Luiz Antonio Martinelli; Plínio Barbosa de Camargo,Luiz Antonio Martinelli (E); Plínio Barbosa de Camargo (E),E
W3160521158,Development and characterization of a new in-house reference material for stable carbon and oxygen isotopes analyses,https://doi.org/10.1039/d1ja00030f,2021-01-01,Marília Campos,Marília Campos (T),T
W3161009848,"Multi-Sensor Approach for Tropical Soil Fertility Analysis: Comparison of Individual and Combined Performance of VNIR, XRF, and LIBS Spectroscopies",https://doi.org/10.3390/agronomy11061028,2021-05-21,Hudson Wallace Pereira de Carvalho,Hudson Wallace Pereira de Carvalho (T),T
W3161090736,Landholders' perceptions on legal reserves and agricultural intensification: Diversity and implications for forest conservation in the eastern Brazilian Amazon,https://doi.org/10.1016/j.forpol.2021.102504,2021-05-18,Maria Victoria Ramos Ballester,Maria Victoria Ramos Ballester (E),E
W3161561634,"Replacing maize with low tannin sorghum grains: lamb growth performance, microbial protein synthesis and enteric methane production",https://doi.org/10.1071/an20605,2021-05-10,Adibe Luiz Abdalla,Adibe Luiz Abdalla (P),P
W3161877208,Arbuscular mycorrhizal community in soil from different Brazilian Cerrado physiognomies,https://doi.org/10.1016/j.rhisph.2021.100375,2021-05-08,Lucas William Mendes,Lucas William Mendes (P),P
W3162129695,"Permanent occurrence of Raphidiopsis raciborskii and cyanotoxins in a subtropical reservoir polluted by domestic effluents (Itupararanga reservoir, São Paulo, Brazil)",https://doi.org/10.1007/s11356-021-16994-6,2021-10-25,Ernani Pinto Junior,Ernani Pinto Junior (E),E
W3162425738,Perspective: What constitutes a quality paper in atomic spectrometry,https://doi.org/10.1016/j.talo.2021.100045,2021-05-18,Fabio Rodrigo Piovezani Rocha,Fabio Rodrigo Piovezani Rocha (T),T
W3162927747,"Hydrological influence on the evolution of a subtropical mangrove ecosystem during the late Holocene from Babitonga Bay, Brazil",https://doi.org/10.1016/j.palaeo.2021.110463,2021-05-15,Luiz Carlos Ruiz Pessenda,Luiz Carlos Ruiz Pessenda (T),T
W3163058041,"Growth performance, carcass traits and meat quality of lambs fed increasing level of Macadamia nut cake",https://doi.org/10.1590/0001-3765202120190852,2021-01-01,Adibe Luiz Abdalla,Adibe Luiz Abdalla (P),P
W3163540264,Large-scale flow analysis: From repetitive assays to expert analyzers,https://doi.org/10.1016/j.talanta.2021.122479,2021-05-08,Elias Ayres Guidetti Zagatto; Fabio Rodrigo Piovezani Rocha,Elias Ayres Guidetti Zagatto (T); Fabio Rodrigo Piovezani Rocha (T),T
W3163672961,"Climate drivers of tree fall on the streets of São Paulo, Brazil",https://doi.org/10.1007/s00468-021-02145-4,2021-05-17,Giuliano Maselli Locosselli,Giuliano Maselli Locosselli (E),E
W3164670859,Increased hydraulic constraints in Eucalyptus plantations fertilized with potassium,https://doi.org/10.1111/pce.14102,2021-05-25,Cassio Hamilton Abreu Junior,Cassio Hamilton Abreu Junior (P),P
W3164675142,"Will climate change shift carbon allocation and stem hydraulics? Insights on a systemic view of carbon- and water-related wood traits in an anysohydric tropical tree species (Hymenaea courbaril, Leguminosae)",https://doi.org/10.1016/j.ecolind.2021.107798,2021-05-21,Giuliano Maselli Locosselli,Giuliano Maselli Locosselli (E),E
W3164947520,"Amazonocrinis nigriterrae gen. nov., sp. nov., Atlanticothrix silvestris gen. nov., sp. nov. and Dendronalium phyllosphericum gen. nov., sp. nov., nostocacean cyanobacteria from Brazilian environments",https://doi.org/10.1099/ijsem.0.004811,2021-05-25,Marli de Fatima Fiore,Marli de Fatima Fiore (P),P
W3165084313,Microbial co-occurrence network and its key microorganisms in soil with permanent application of composted tannery sludge,https://doi.org/10.1016/j.scitotenv.2021.147945,2021-05-23,Lucas William Mendes,Lucas William Mendes (P),P
W3165386651,Can an invasive African grass affect carbon and nitrogen stocks in open habitats of the Brazilian Cerrado?,https://doi.org/10.1016/j.flora.2021.151968,2021-11-22,Plínio Barbosa de Camargo,Plínio Barbosa de Camargo (E),E
W3165750094,Chemical Characterization of Microcystis aeruginosa for Feed and Energy Uses,https://doi.org/10.3390/en14113013,2021-05-23,Ernani Pinto Junior,Ernani Pinto Junior (E),E
W3165797917,"Ecological implications of twentieth century reforestation programs for the urban forests of São Paulo, Brazil: a study based on litterfall and nutrient cycling",https://doi.org/10.1186/s13717-021-00292-7,2021-05-01,Plínio Barbosa de Camargo,Plínio Barbosa de Camargo (E),E
W3167830634,Deforestation and land use change mediate soil carbon changes in the eastern Brazilian Amazon,https://doi.org/10.1007/s10113-021-01796-w,2021-06-04,Plínio Barbosa de Camargo,Plínio Barbosa de Camargo (E),E
W3168349587,Aceitação e consumo de alimentos irradiados em Goiânia-GO / Acceptance and consumption of irradiated foods in Goiânia-GO,https://doi.org/10.34188/bjaerv4n2-005,2021-04-05,Valter Arthur,Valter Arthur (P),P
W3169803157,"O tamanho da semente influencia a atividade promotora dos rizóbios sobre o crescimento de plantas, nodulação e fixação de N em feijão-fava",,2021-01-01,Lucas William Mendes,Lucas William Mendes (P),P
W3169955012,"Modulation of structural carbohydrates, phenol compounds and lignin content in Eucalyptus urophylla cuttings grown under boron, copper and zinc induced-deficiency",https://doi.org/10.1007/s11056-021-09859-w,2021-06-08,José Lavres Junior,José Lavres Junior (T),T
W3170274656,Potential of Egeria densa and Pistia stratiotes for the phytoremediation of water contaminated with saflufenacil,https://doi.org/10.1080/03601234.2021.1936386,2021-06-06,Kassio Ferreira Mendes; Valdemar Luiz Tornisielo,Kassio Ferreira Mendes (E); Valdemar Luiz Tornisielo (E),E
W3171804700,Hormetic effects of low-dose gamma rays in soybean seeds and seedlings: A detection technique using optical sensors,https://doi.org/10.1016/j.compag.2021.106251,2021-06-15,Thiago de Araújo Mastrangelo; Valter Arthur,Thiago de Araújo Mastrangelo (P); Valter Arthur (P),P
W3172492054,‘Floc and Sink’ Technique Removes Cyanobacteria and Microcystins from Tropical Reservoir Water,https://doi.org/10.3390/toxins13060405,2021-06-08,Ernani Pinto Junior,Ernani Pinto Junior (E),E
W3173517867,Unravelling homeostasis effects of phosphorus and zinc nutrition by leaf photochemistry and metabolic adjustment in cotton plants,https://doi.org/10.1038/s41598-021-93396-1,2021-07-02,José Lavres Junior,José Lavres Junior (T),T
W3173682682,Indaziflam sorption–desorption and its three metabolites from biochars- and their raw feedstock-amended agricultural soils using radiometric technique,https://doi.org/10.1080/03601234.2021.1941559,2021-06-30,Kassio Ferreira Mendes; Valdemar Luiz Tornisielo,Kassio Ferreira Mendes (E); Valdemar Luiz Tornisielo (E),E
W3173741507,Yield and morphology of forage cactus cultivars under drip irrigation management based on soil water matric potential thresholds,https://doi.org/10.1016/j.jaridenv.2021.104564,2021-06-20,Quirijn de Jong van Lier,Quirijn de Jong van Lier (E),E
W3173904627,Silicon Amendment Enhances Agronomic Efficiency of Nitrogen Fertilization in Maize and Wheat Crops under Tropical Conditions,https://doi.org/10.3390/plants10071329,2021-06-29,José Lavres Junior,José Lavres Junior (T),T
W3174344966,How green can Amazon hydropower be? Net carbon emission from the largest hydropower plant in Amazonia,https://doi.org/10.1126/sciadv.abe1470,2021-06-25,Alex Vladimir Krusche,Alex Vladimir Krusche (E),E
W3174379107,Comparison of sources with different solubilities for Mn supply and retranslocation along with soybean development,https://doi.org/10.1080/01904167.2021.1943437,2021-06-28,Hudson Wallace Pereira de Carvalho; José Lavres Junior,Hudson Wallace Pereira de Carvalho (T); José Lavres Junior (T),T
W3174456299,Trichostrongylus colubriformis afetando o metabolismo do fosforo em ovinos e alimentação de precisão como estratégia de mitigação,,2021-01-01,Helder Louvandini,Helder Louvandini (P),P
W3174706226,Strategies for probing absorption and translocation of foliar-applied nutrients,https://doi.org/10.1093/jxb/erab229,2021-05-19,Hudson Wallace Pereira de Carvalho,Hudson Wallace Pereira de Carvalho (T),T
W3175627830,Polynomial functions to predict flux-based field capacity from soil hydraulic parameters,https://doi.org/10.1016/j.geoderma.2021.115308,2021-06-19,Quirijn de Jong van Lier,Quirijn de Jong van Lier (E),E
W3176184655,Trichostrongylus colubriformis infection negatively impacted phosphorus metabolism of lambs,https://doi.org/10.1016/j.smallrumres.2021.106462,2021-06-29,Adibe Luiz Abdalla; Helder Louvandini,Adibe Luiz Abdalla (P); Helder Louvandini (P),P
W3176365928,New Variants of Squash Mosaic Viruses Detected in Human Fecal Samples,https://doi.org/10.3390/microorganisms9071349,2021-06-22,Cassio Hamilton Abreu Junior,Cassio Hamilton Abreu Junior (P),P
W3176781986,Physiological and hematological parameters of sheep reared in the tropics and subtropics,https://doi.org/10.1590/1678-4162-12204,2021-05-01,Helder Louvandini,Helder Louvandini (P),P
W3176882386,Responses of Low-Cost Input Combinations on the Microbial Structure of the Maize Rhizosphere for Greenhouse Gas Mitigation and Plant Biomass Production,https://doi.org/10.3389/fpls.2021.683658,2021-06-30,Tsai Siu Mui,Tsai Siu Mui (P),P
W3177409010,A Reductionist Approach Using Primary and Metastatic Cell–Derived Extracellular Vesicles Reveals Hub Proteins Associated with Oral Cancer Prognosis,https://doi.org/10.1016/j.mcpro.2021.100118,2021-01-01,Diego Mauricio Riaño Pachón; Flavia Vischi Winck,Diego Mauricio Riaño Pachón (P); Flavia Vischi Winck (P),P
W3178111599,Empty body chemical composition of Nellore steers estimated by indirect methods,https://doi.org/10.17523/bia.2021.v78.e1495,2021-01-01,Marcelo Zacharias Moreira,Marcelo Zacharias Moreira (E),E
W3179650620,"Metabolic potential and survival strategies of microbial communities across extreme temperature gradients on Deception Island volcano, Antarctica",https://doi.org/10.1111/1462-2920.15649,2021-07-01,Lucas William Mendes,Lucas William Mendes (P),P
W3180216348,"Effects of Beach Nourishment Project on Coastal Geomorphology and Mangrove Dynamics in Southern Louisiana, USA",https://doi.org/10.3390/rs13142688,2021-07-08,Luiz Carlos Ruiz Pessenda,Luiz Carlos Ruiz Pessenda (T),T
W3180754173,Partitioning of Environmental and Taxonomic Controls on Brazilian Foliar Content of Carbon and Nitrogen and Stable Isotopes,https://doi.org/10.3389/ffgc.2021.662801,2021-07-12,Eduardo Mariano; Luiz Antonio Martinelli; Plínio Barbosa de Camargo,Eduardo Mariano (T); Luiz Antonio Martinelli (E); Plínio Barbosa de Camargo (E),T+E
W3181813510,Nepheline Syenite and Phonolite as Alternative Potassium Sources for Maize,https://doi.org/10.3390/agronomy11071385,2021-07-08,Cassio Hamilton Abreu Junior,Cassio Hamilton Abreu Junior (P),P
W3182235756,"Application of ionizing radiation in the “licuri” (Syagrus coronata (Mart.)) as phytosanitary treatment of the Pachymerus nucleorum beetle (Fabricius, 1792)",https://doi.org/10.15392/bjrs.v9i1a.1576,2021-04-30,Valter Arthur,Valter Arthur (P),P
W3182533399,Improvement of the Mass-Rearing Protocols for the South American Fruit Fly for Application of the Sterile Insect Technique,https://doi.org/10.3390/insects12070622,2021-07-09,Thiago de Araújo Mastrangelo,Thiago de Araújo Mastrangelo (P),P
W3182780757,Effects of the middle Holocene high sea‐level stand and climate on Amazonian mangroves,https://doi.org/10.1002/jqs.3343,2021-07-12,Luiz Carlos Ruiz Pessenda,Luiz Carlos Ruiz Pessenda (T),T
W3184004829,Taxonomic and nitrogen-cycling microbial community functional profiles of sugarcane and adjacent forest soils in Southeast Brazil,https://doi.org/10.15406/mojes.2021.06.00224,2021-07-05,Tsai Siu Mui,Tsai Siu Mui (P),P
W3184089423,"Histosol pedogenesis in floodplain coastal environments in the state of Rio de Janeiro, Brazil",https://doi.org/10.1016/j.catena.2021.105612,2021-07-23,Luiz Carlos Ruiz Pessenda,Luiz Carlos Ruiz Pessenda (T),T
W3184363078,Trends in Free‐access Genomic Data Accelerate Advances in Cyanobacteria Taxonomy,https://doi.org/10.1111/jpy.13200,2021-07-22,Marli de Fatima Fiore,Marli de Fatima Fiore (P),P
W3184391543,Dynamics of bacterial and archaeal communities along the composting of tannery sludge,https://doi.org/10.1007/s11356-021-15585-9,2021-07-24,Lucas William Mendes,Lucas William Mendes (P),P
W3184756831,Forced degradation studies to identify organic impurities in pharmaceuticals: a Brazilian perspective,https://doi.org/10.4322/2179-443x.0729,2021-01-01,Ernani Pinto Junior,Ernani Pinto Junior (E),E
W3185072357,Impacts of sea-level changes on mangroves from southeastern Brazil during the Holocene and Anthropocene using a multi-proxy approach,https://doi.org/10.1016/j.geomorph.2021.107860,2021-07-18,Luiz Carlos Ruiz Pessenda,Luiz Carlos Ruiz Pessenda (T),T
W3185533562,Cover crops shape the soil bacterial community in a tropical soil under no-till,https://doi.org/10.1016/j.apsoil.2021.104166,2021-07-26,Lucas William Mendes,Lucas William Mendes (P),P
W3185819172,Using 14C-glyphosate to investigate the distribution of two formulations in transgenic glyphosate-resistant soybean,https://doi.org/10.1080/03601234.2021.1956250,2021-07-26,Kassio Ferreira Mendes; Valdemar Luiz Tornisielo,Kassio Ferreira Mendes (E); Valdemar Luiz Tornisielo (E),E
W3186173459,Biological N Fixation and N Transfer in an Intercropping System between Legumes and Organic Cherry Tomatoes in Succession to Green Corn,https://doi.org/10.3390/agriculture11080690,2021-07-22,Paulo César Ocheuze Trivelin,Paulo César Ocheuze Trivelin (T),T
W3186959541,"Potassium supply modulates Eucalyptus leaf water-status under PEG-induced osmotic stress: integrating leaf gas exchange, carbon and nitrogen isotopic composition and plant growth",https://doi.org/10.1093/treephys/tpab095,2021-07-19,José Lavres Junior,José Lavres Junior (T),T
W3188086628,Estimating lateral flow in double ring infiltrometer measurements,https://doi.org/10.36783/18069657rbcs20210027,2021-01-01,Quirijn de Jong van Lier,Quirijn de Jong van Lier (E),E
W3188152062,"土壌CO_2放出および土壌の物理的,化学的および微生物学的属性に及ぼす燃焼および非燃焼サトウキビ収穫システムの影響【JST・京大機械翻訳】",,2021-01-01,Tsai Siu Mui,Tsai Siu Mui (P),P
W3189068942,Development and characterization of an in-house standard for stable carbon and oxygen isotopes analyses,,2021-01-01,Marília Campos,Marília Campos (T),T
W3189350341,The use of indigenous bacterial community as inoculant for plant growth promotion in soybean cultivation,https://doi.org/10.1080/03650340.2021.1964017,2021-08-11,Lucas William Mendes,Lucas William Mendes (P),P
W3189492782,"Mass spectrometric determination of the peptide profile of genacol®, a hydrolysed collagen-based nutritional supplement",https://doi.org/10.1016/j.joca.2021.05.057,2021-07-29,Ernani Pinto Junior,Ernani Pinto Junior (E),E
W3190107366,Holocene changes in the intertropical convergence zone over South America,,2021-01-01,Marília Campos,Marília Campos (T),T
W3191683077,Low pH-induced cell wall disturbances in Arabidopsis thaliana roots lead to a pattern-specific programmed cell death in the different root zones and arrested elongation in late elongation zone,https://doi.org/10.1016/j.envexpbot.2021.104596,2021-07-30,Victor Alexandre Vitorello,Victor Alexandre Vitorello (P),P
W3193126621,Phosphorus Quantification in Sugar Cane (Saccharum officinarum) Leaves In Vivo by Portable X-ray Fluorescence Spectroscopy,https://doi.org/10.1021/acsagscitech.1c00084,2021-08-09,Hudson Wallace Pereira de Carvalho,Hudson Wallace Pereira de Carvalho (T),T
W3193152488,"Palynotaxonomy of tribe Hippomaneae A. Juss. (Euphorbioideae, Euphorbiaceae)",https://doi.org/10.1080/00173134.2021.1923798,2021-08-04,Adriana Pinheiro Martinelli,Adriana Pinheiro Martinelli (P),P
W3195448713,Inherent and dynamic effects on the structural stability of Brazilian Oxisols,https://doi.org/10.1016/j.geodrs.2021.e00426,2021-08-12,Thaís Nascimento Pessoa,Thaís Nascimento Pessoa (E),E
W3197047141,LT‐Brazil: A database of leaf traits across biomes and vegetation types in Brazil,https://doi.org/10.1111/geb.13381,2021-08-30,Eduardo Mariano; Luiz Antonio Martinelli; Maria Gabriella da Silva Araújo,Eduardo Mariano (T); Luiz Antonio Martinelli (E); Maria Gabriella da Silva Araújo (E),T+E
W3197056328,Single-phase determination of calcium and magnesium in biodiesel using smartphone-based digital images,https://doi.org/10.1016/j.fuel.2021.121837,2021-09-06,Fabio Rodrigo Piovezani Rocha; Samara Soares,Fabio Rodrigo Piovezani Rocha (T); Samara Soares (T),T
W3197133748,Effects of extensive-to-intensive pasture conversion on soil nitrogen availability and CO2 and N2O fluxes in a Brazilian oxisol,https://doi.org/10.1016/j.agee.2021.107633,2021-08-31,Luiz Antonio Martinelli,Luiz Antonio Martinelli (E),E
W3197140608,Unfolding the Fate and Effects of Micronutrients Supplied to Soybean (Glycine max (L.) Merrill) and Maize (Zea mays L.) Through Seed Treatment,https://doi.org/10.1007/s42729-021-00598-7,2021-09-07,Hudson Wallace Pereira de Carvalho,Hudson Wallace Pereira de Carvalho (T),T
W3197804234,A new flow cell design for chemiluminescence detection using an improved signal transduction network. Determination of hydrogen peroxide in pharmaceuticals,https://doi.org/10.1016/j.microc.2021.106789,2021-09-03,Boaventura Freire dos Reis,Boaventura Freire dos Reis (T),T
W3198042842,Establishment of the Hohenbergia capitata complex (Bromeliaceae) with notes on leaf anatomy and description of a new endangered species,https://doi.org/10.11646/phytotaxa.518.3.2,2021-09-07,Adriana Pinheiro Martinelli,Adriana Pinheiro Martinelli (P),P
W3198293299,"Kochia (Bassia scoparia) harvest date impacts nutrient composition, in vitro degradability, and feed value more than pre-harvest herbicide treatment or herbicide resistance traits",https://doi.org/10.1016/j.anifeedsci.2021.115079,2021-09-03,Adibe Luiz Abdalla,Adibe Luiz Abdalla (P),P
W3198295300,"Proline Exogenously Supplied or Endogenously Overproduced Induces Different Nutritional, Metabolic, and Antioxidative Responses in Transgenic Tobacco Exposed to Cadmium",https://doi.org/10.1007/s00344-021-10480-6,2021-09-03,José Lavres Junior,José Lavres Junior (T),T
W3198300950,Microcystins can be extracted from Microcystis aeruginosa using amino acid-derived biosurfactants,https://doi.org/10.1007/s11356-021-16257-4,2021-09-07,Marli de Fatima Fiore,Marli de Fatima Fiore (P),P
W3198756139,Nitrogen pollution promotes changes in the niche space of fish communities,https://doi.org/10.1007/s00442-021-05029-z,2021-09-03,Marcelo Zacharias Moreira,Marcelo Zacharias Moreira (E),E
W3198769234,The Effect of Cutting and Waterlogging on Plant-Related CO2 and N2O Fluxes Associated with the Invasive N-Fixing Species Gunnera tinctoria,https://doi.org/10.3390/d13090427,2021-09-04,Mauricio Cruz Mantoani,Mauricio Cruz Mantoani (E),E
W3198845262,Methods for Delivery of dsRNAs for Agricultural Pest Control: The Case of Lepidopteran Pests.,https://doi.org/10.1007/978-1-0716-1633-8_23,2022-01-01,Antonio Vargas de Oliveira Figueira,Antonio Vargas de Oliveira Figueira (P),P
W3199096505,Active methane processing microbes and the disproportionate role of NC10 phylum in methane mitigation in Amazonian floodplains,https://doi.org/10.1007/s10533-021-00846-z,2021-09-17,Maria Gabriella da Silva Araújo; Tsai Siu Mui,Maria Gabriella da Silva Araújo (E); Tsai Siu Mui (P),P+E
W3199238141,Revisiting the Feddes reduction function for modeling root water uptake and crop transpiration,https://doi.org/10.1016/j.jhydrol.2021.126952,2021-09-20,Quirijn de Jong van Lier,Quirijn de Jong van Lier (E),E
W3199560866,Trophic ecology of two amphibian species in patches and core forest of Atlantic Forest: A dietary and isotopic approach,https://doi.org/10.1111/aec.13107,2021-09-13,Plínio Barbosa de Camargo,Plínio Barbosa de Camargo (E),E
W3199899810,Isotopic niches of tropical birds reduced by anthropogenic impacts: a 100‐year perspective,https://doi.org/10.1111/oik.08386,2021-09-15,Marcelo Zacharias Moreira,Marcelo Zacharias Moreira (E),E
W3200124965,Novel approach for screening milk based on fast and environmentally friendly determination of protein and fat,https://doi.org/10.1016/j.jfca.2021.104178,2021-09-15,Fabio Rodrigo Piovezani Rocha,Fabio Rodrigo Piovezani Rocha (T),T
W3201361304,Accessing biochar's porosity using a new low field NMR approach and its impacts on the retention of highly mobile herbicides,https://doi.org/10.1016/j.chemosphere.2021.132237,2021-09-14,Valdemar Luiz Tornisielo,Valdemar Luiz Tornisielo (E),E
W3201793218,Fine roots stimulate nutrient release during early stages of leaf litter decomposition in a Central Amazon rainforest,https://doi.org/10.1007/s11104-021-05148-9,2021-10-02,Plínio Barbosa de Camargo,Plínio Barbosa de Camargo (E),E
W3202112496,Conversion of soil water retention and conductivity parameters from van Genuchten–Mualem to Groenevelt and Grant model,https://doi.org/10.1071/sr21051,2021-10-03,Quirijn de Jong van Lier,Quirijn de Jong van Lier (E),E
W3203328320,Sugarcane as a forage plant: Structural and chemical traits that affect fiber quality,https://doi.org/10.15376/biores.16.4.7623-7634,2021-09-28,Hudson Wallace Pereira de Carvalho,Hudson Wallace Pereira de Carvalho (T),T
W3203385365,Fluorescência de clorofila como um novo marcador para avaliação da qualidade da semente de amendoim,https://doi.org/10.52755/sas.v2iedesp1.111,2021-09-30,Valter Arthur,Valter Arthur (P),P
W3203420942,In Situ Analysis of Nickel Uptake from Foliar Application in Pecan Using Instrumental µXRF Analysis,https://doi.org/10.1007/s42729-021-00599-6,2021-09-24,José Lavres Junior,José Lavres Junior (T),T
W3203526920,Multiple effects of mutualistic ants improve the performance of a neotropical ant-plant: A long-term study with the Cecropia-Azteca system,https://doi.org/10.1016/j.baae.2021.09.004,2021-09-27,Marcelo Zacharias Moreira,Marcelo Zacharias Moreira (E),E
W3203553936,Does algae β-glucan affect the fecal bacteriome in dairy calves?,https://doi.org/10.1371/journal.pone.0258069,2021-09-30,Lucas William Mendes,Lucas William Mendes (P),P
W3203660158,"Effects of the 2017–2018 winter freeze on the northern limit of the American mangroves, Mississippi River delta plain",https://doi.org/10.1016/j.geomorph.2021.107968,2021-09-24,Luiz Carlos Ruiz Pessenda,Luiz Carlos Ruiz Pessenda (T),T
W3203979740,"Diversity, structure, and composition of plant growth-promoting bacteria in soil from Brazilian Cerrado",https://doi.org/10.1016/j.rhisph.2021.100435,2021-09-28,Lucas William Mendes,Lucas William Mendes (P),P
W3204795307,"Climate, sea-level, and anthropogenic influences on coastal vegetation of the southern Bahia, Northeastern Brazil, during the mid-late Holocene",https://doi.org/10.1016/j.geomorph.2021.107967,2021-09-27,Luiz Carlos Ruiz Pessenda,Luiz Carlos Ruiz Pessenda (T),T
W3205429840,10Boron Is Mobile in Cowpea Plants,https://doi.org/10.3389/fpls.2021.717219,2021-10-15,Cassio Hamilton Abreu Junior,Cassio Hamilton Abreu Junior (P),P
W3205620775,Maize Transformation: From Plant Material to the Release of Genetically Modified and Edited Varieties,https://doi.org/10.3389/fpls.2021.766702,2021-10-14,José Hernandes Lopes Filho,José Hernandes Lopes Filho (P),P
W3205809346,A Poultry Litter-Derived Organomineral Phosphate Fertilizer Has Higher Agronomic Effectiveness Than Conventional Phosphate Fertilizer Applied to Field-Grown Maize and Soybean,https://doi.org/10.3390/su132111635,2021-10-21,José Lavres Junior,José Lavres Junior (T),T
W3205810241,Comparative floral anatomy of Alcantarea and Vriesea,,2021-01-01,Adriana Pinheiro Martinelli,Adriana Pinheiro Martinelli (P),P
W3206308228,Leaf 13C and 15N composition shedding light on easing drought stress through partial K substitution by Na in eucalyptus species,https://doi.org/10.1038/s41598-021-99710-1,2021-10-11,Francisco Scaglia Linhares; José Lavres Junior,Francisco Scaglia Linhares (P); José Lavres Junior (T),P+T
W3206445103,Topsoil and subsoil C and N turnover are affected by superficial lime and gypsum application in the short-term,https://doi.org/10.1016/j.soilbio.2021.108456,2021-10-11,Eduardo Mariano,Eduardo Mariano (T),T
W3206891467,Aplicação de isótopos estáveis de carbono no estudo das mudanças climáticas e ambientais,https://doi.org/10.14295/derb.v42.735,2021-10-06,Luiz Carlos Ruiz Pessenda; Marília Campos,Luiz Carlos Ruiz Pessenda (T); Marília Campos (T),T
W3206915984,Potential of thaxtomin A for the control of the Asian soybean rust,https://doi.org/10.1080/07060661.2021.1992016,2021-10-14,Deoclecio Jardim Amorim,Deoclecio Jardim Amorim (T),T
W3206959442,Trace elements distribution in tropical tree rings through high-resolution imaging using LA-ICP-MS analysis,https://doi.org/10.1016/j.jtemb.2021.126872,2021-10-07,Giuliano Maselli Locosselli,Giuliano Maselli Locosselli (E),E
W3207023017,Conversion of Brazilian savannah to agricultural land affects quantity and quality of labile soil organic matter,https://doi.org/10.1016/j.geoderma.2021.115509,2021-10-19,Rafael Silva Santos,Rafael Silva Santos (E),E
W3207607026,"Carbon stocks in umbric ferralsols driven by plant productivity and geomorphic processes, not by mineral protection",https://doi.org/10.1002/esp.5262,2021-10-11,Plínio Barbosa de Camargo,Plínio Barbosa de Camargo (E),E
W3207729754,Nutritional status of Eucalyptus plantation and chemical attributes of a Ferralsol amended with lime and copper plus zinc,https://doi.org/10.1016/j.foreco.2021.119742,2021-10-07,José Lavres Junior,José Lavres Junior (T),T
W3208092636,The effect of Haemonchus contortus and Trichostrongylus colubriforms infection on the ruminal microbiome of lambs,https://doi.org/10.1016/j.exppara.2021.108175,2021-11-02,Adibe Luiz Abdalla; Helder Louvandini; Lucas William Mendes; Tsai Siu Mui,Adibe Luiz Abdalla (P); Helder Louvandini (P); Lucas William Mendes (P); Tsai Siu Mui (P),P
W3208145878,A novel approach to partitioning evapotranspiration into evaporation and transpiration in flooded ecosystems,https://doi.org/10.1111/gcb.15974,2021-11-04,Mauricio Cruz Mantoani,Mauricio Cruz Mantoani (E),E
W3208395480,Ovarian activation delays in peripubertal ewe lambs infected with Haemonchus contortus can be avoided by supplementing protein in their diets,https://doi.org/10.1186/s12917-021-03020-7,2021-11-03,Helder Louvandini; Tsai Siu Mui,Helder Louvandini (P); Tsai Siu Mui (P),P
W3209053450,Innovative prediction of milk fraud associated to digital imaging photometry,,2021-01-01,Fabio Rodrigo Piovezani Rocha,Fabio Rodrigo Piovezani Rocha (T),T
W3210688157,"Taxonomy of Hohenbergia lanata Pereira & Moutinho, new collections with an amendment to its description",https://doi.org/10.1590/0001-3765202120200973,2021-01-01,Adriana Pinheiro Martinelli,Adriana Pinheiro Martinelli (P),P
W3210856341,"The Hologenome of Haliclona fulva (Porifera, Demospongiae) Reveals an Abundant and Diverse Viral Community",https://doi.org/10.3389/fmars.2021.736817,2021-11-02,Diego Mauricio Riaño Pachón,Diego Mauricio Riaño Pachón (P),P
W3211315233,Aerobic Methanotrophy and Co-occurrence Networks of a Tropical Rainforest and Oil Palm Plantations in Malaysia,https://doi.org/10.1007/s00248-021-01908-3,2021-10-30,Lucas William Mendes,Lucas William Mendes (P),P
W3211962881,"The fundamental of the effects of water, organic matter, and iron forms on the pXRF information in soil analyses",https://doi.org/10.1016/j.catena.2021.105868,2021-11-17,Hudson Wallace Pereira de Carvalho,Hudson Wallace Pereira de Carvalho (T),T
W3212703929,Effect of vertebrate exclusion on leaf litter decomposition in the coastal Atlantic forest of southeast Brazil,https://doi.org/10.1007/s42965-021-00189-8,2021-11-09,Luiz Antonio Martinelli,Luiz Antonio Martinelli (E),E
W3212743069,The experience of teaching introductory programming skills to bioscientists in Brazil,https://doi.org/10.1371/journal.pcbi.1009534,2021-11-11,Diego Mauricio Riaño Pachón; Flavia Vischi Winck,Diego Mauricio Riaño Pachón (P); Flavia Vischi Winck (P),P
W3212787928,Effect of Counterions on the Foliar Absorption and Transport of Potassium in Soybeans [Glycine max (L.) Merrill],https://doi.org/10.1021/acsagscitech.1c00211,2021-11-05,Hudson Wallace Pereira de Carvalho,Hudson Wallace Pereira de Carvalho (T),T
W3212791760,Taxonomic and functional diversity in the fecal microbiome of beef cattle reared in Brazilian traditional and semi-intensive production systems,https://doi.org/10.3389/fmicb.2021.768480,2021-11-04,Adibe Luiz Abdalla; Elisabete Aparecida De Nadai Fernandes; Helder Louvandini; Lucas William Mendes,Adibe Luiz Abdalla (P); Elisabete Aparecida De Nadai Fernandes (T); Helder Louvandini (P); Lucas William Mendes (P),P+T
W3213012176,Passiflora organensis FT/TFL1 gene family and their putative roles in phase transition and floral initiation,https://doi.org/10.1007/s00497-021-00431-2,2021-11-08,Adriana Pinheiro Martinelli,Adriana Pinheiro Martinelli (P),P
W3213051154,Stemflow generation as influenced by sugarcane canopy development,https://doi.org/10.1007/s10661-021-09570-5,2021-11-10,Luiz Antonio Martinelli; Plínio Barbosa de Camargo,Luiz Antonio Martinelli (E); Plínio Barbosa de Camargo (E),E
W3213149749,A simple membrane-based approach for assessing the diffusion kinetics of mineral foliar fertilizers,https://doi.org/10.1590/1678-4499.20210044,2021-01-01,Hudson Wallace Pereira de Carvalho,Hudson Wallace Pereira de Carvalho (T),T
W3213550512,"Aplicações de glyphosate: Desempenho de soja transgênica, comunidade bacteriana e teor de nitrogênio foliar / Glyphosate applications: Performance of transgenic soy, bacterial community and foliar nitrogen content",https://doi.org/10.34117/bjdv7n10-311,2021-10-22,Kassio Ferreira Mendes,Kassio Ferreira Mendes (E),E
W3213836447,Wood production and nutritional and antioxidant status of field-grown Eucalyptus under a differential supply of lime and copper plus zinc,https://doi.org/10.1016/j.indcrop.2021.114192,2021-11-16,José Lavres Junior,José Lavres Junior (T),T
W3214976600,Non-Target-Site Resistance Mechanisms Endow Multiple Herbicide Resistance to Five Mechanisms of Action in Conyza bonariensis,https://doi.org/10.1021/acs.jafc.1c04279,2021-12-02,Kassio Ferreira Mendes,Kassio Ferreira Mendes (E),E
W3215535859,Yield and nutrient concentrations of organic cherry tomatoes and legumes grown in intercropping systems in rotation with maize,https://doi.org/10.1080/01448765.2021.1992796,2021-11-22,Paulo César Ocheuze Trivelin,Paulo César Ocheuze Trivelin (T),T
W3216780021,"Combined Use of Vinasse and Nitrogen as Fertilizers Affects Nitrification, Ammonification, and Denitrification by Prokaryotes",https://doi.org/10.3389/fsoil.2021.746745,2021-11-22,Tsai Siu Mui,Tsai Siu Mui (P),P
W3216842340,Cowpea nodules host a similar bacterial community regardless of soil properties,https://doi.org/10.1016/j.apsoil.2021.104354,2021-12-01,Lucas William Mendes,Lucas William Mendes (P),P
W3217322267,2D and 3D techniques to assess the structure and porosity of Oxisols and their correlations with other soil properties,https://doi.org/10.1016/j.catena.2021.105899,2021-11-30,Thaís Nascimento Pessoa,Thaís Nascimento Pessoa (E),E
W3217517060,Use of internal markers to estimate feed intake and selection of forage in sheep fed grass and legume hay,https://doi.org/10.1016/j.anifeedsci.2021.115177,2021-11-30,Adibe Luiz Abdalla; Helder Louvandini,Adibe Luiz Abdalla (P); Helder Louvandini (P),P
W4200005878,Unraveling the accumulation and localization of selenium and barium in Brazil nuts using spectroanalytical techniques,https://doi.org/10.1016/j.jfca.2021.104329,2021-12-06,Hudson Wallace Pereira de Carvalho,Hudson Wallace Pereira de Carvalho (T),T
W4200023064,Comparing soil-to-plant cadmium (Cd) transfer and potential human intake among rice cultivars with different Cd tolerance levels grown in a tropical contaminated soil,https://doi.org/10.1007/s10661-021-09655-1,2021-12-10,Adriana Pinheiro Martinelli; Cassio Hamilton Abreu Junior; José Lavres Junior,Adriana Pinheiro Martinelli (P); Cassio Hamilton Abreu Junior (P); José Lavres Junior (T),P+T
W4200075303,Forest-to-pasture conversion modifies the soil bacterial community in Brazilian dry forest Caatinga,https://doi.org/10.1016/j.scitotenv.2021.151943,2021-12-02,Lucas William Mendes,Lucas William Mendes (P),P
W4200078767,"Exploring wood anatomy, density and chemistry profiles to understand the tree-ring formation in Amazonian tree species",https://doi.org/10.1016/j.dendro.2021.125915,2021-12-13,Hudson Wallace Pereira de Carvalho,Hudson Wallace Pereira de Carvalho (T),T
W4200080587,Fate of nickel in soybean seeds dressed with different forms of nickel,https://doi.org/10.1016/j.rhisph.2021.100464,2021-12-16,Hudson Wallace Pereira de Carvalho; José Lavres Junior,Hudson Wallace Pereira de Carvalho (T); José Lavres Junior (T),T
W4200082316,Taxonomy and Functional Diversity in the Fecal Microbiome of Beef Cattle Reared in Brazilian Traditional and Semi-Intensive Production Systems,https://doi.org/10.3389/fmicb.2021.768480,2021-12-08,Adibe Luiz Abdalla; Elisabete Aparecida De Nadai Fernandes; Helder Louvandini; Lucas William Mendes,Adibe Luiz Abdalla (P); Elisabete Aparecida De Nadai Fernandes (T); Helder Louvandini (P); Lucas William Mendes (P),P+T
W4200123099,Land degradation affects the microbial communities in the Brazilian Caatinga biome,https://doi.org/10.1016/j.catena.2021.105961,2021-12-27,Lucas William Mendes,Lucas William Mendes (P),P
W4200155810,Dietary expansion facilitates the persistence of a large frugivore in fragmented tropical forests,https://doi.org/10.1111/acv.12766,2021-12-30,Marcelo Zacharias Moreira,Marcelo Zacharias Moreira (E),E
W4200168450,Soil processes and properties related to the genesis and evolution of a Pleistocene savanna palm swamp (vereda) in central Brazil,https://doi.org/10.1016/j.geoderma.2021.115671,2021-12-24,Plínio Barbosa de Camargo,Plínio Barbosa de Camargo (E),E
W4200350416,"Nitrification inhibitor 3,4-Dimethylpyrazole phosphate improves nitrogen recovery and accumulation in cotton plants by reducing NO3− leaching under 15N-urea fertilization",https://doi.org/10.1007/s11104-021-05169-4,2021-10-01,José Lavres Junior,José Lavres Junior (T),T
W4200404470,Glyphosate hormesis attenuates water deficit stress in safflower (Carthamus tinctorius L.) by modulating physiological and biochemical mediators,https://doi.org/10.1016/j.scitotenv.2021.152204,2021-12-10,Deoclecio Jardim Amorim,Deoclecio Jardim Amorim (T),T
W4200496122,Changes in soil organic matter fractions induced by cropland and pasture expansion in Brazil's new agricultural frontier,https://doi.org/10.1016/j.geodrs.2021.e00474,2021-12-24,Rafael Silva Santos,Rafael Silva Santos (E),E
W4200580491,Study of the inclusion of yeasts in the ruminal fermentation of Tifton hay,https://doi.org/10.29327/multiscience.2021020,2021-11-24,Adibe Luiz Abdalla,Adibe Luiz Abdalla (P),P
W4205250161,"Investigation of acute toxicity, accumulation, and depuration of ZnO nanoparticles in Daphnia magna",https://doi.org/10.1016/j.scitotenv.2022.153307,2022-01-19,Hudson Wallace Pereira de Carvalho,Hudson Wallace Pereira de Carvalho (T),T
W4205349451,Effects of N Application Rate and Dicyandiamide on the Fate of 15N Fertilizer and the Abundance of Microbial Genes in a Sandy Soil Amended with Sugarcane Litter,https://doi.org/10.1007/s42729-021-00654-2,2021-10-28,Eduardo Mariano; Paulo César Ocheuze Trivelin; Tsai Siu Mui,Eduardo Mariano (T); Paulo César Ocheuze Trivelin (T); Tsai Siu Mui (P),P+T
W4205376779,Ecosystem functions in different physiognomies of Cerrado through the Rapid Ecosystem Function Assessment (REFA),https://doi.org/10.1590/0001-3765202220200457,2022-01-01,Lucas William Mendes,Lucas William Mendes (P),P
W4205380643,SIA‐BRA: A database of animal stable carbon and nitrogen isotope ratios of Brazil,https://doi.org/10.1111/geb.13449,2022-01-19,Eduardo Mariano; Luiz Antonio Martinelli; Marcelo Zacharias Moreira; Maria Gabriella da Silva Araújo; Plínio Barbosa de Camargo,Eduardo Mariano (T); Luiz Antonio Martinelli (E); Marcelo Zacharias Moreira (E); Maria Gabriella da Silva Araújo (E); Plínio Barbosa de Camargo (E),T+E
W4205402668,Genetic diversity of cambuci [Campomanesia phaea (O. Berg) Landrum] revealed by microsatellite markers,https://doi.org/10.1007/s10722-021-01318-x,2022-01-21,Antonio Vargas de Oliveira Figueira,Antonio Vargas de Oliveira Figueira (P),P
W4205736108,Transferência de tecnologias aos produtores rurais: eventos científicos e tecnológicos em tempos de pandemia,https://doi.org/10.33448/rsd-v11i1.23194,2022-01-01,Luiz Antonio Martinelli,Luiz Antonio Martinelli (E),E
W4205953157,Disseminação do conhecimento e da inovação através de diferentes formas de transferência de tecnologias aos produtores rurais,https://doi.org/10.33448/rsd-v11i1.23589,2022-01-01,Luiz Antonio Martinelli,Luiz Antonio Martinelli (E),E
W4206052130,FRUITFULL-like genes regulate flowering time and inflorescence architecture in tomato,https://doi.org/10.1093/plcell/koab298,2021-12-02,José Hernandes Lopes Filho,José Hernandes Lopes Filho (P),P
W4206075375,Molybdenum increases nitrogen use efficiency of sugarcane under limited N supply,https://doi.org/10.1080/01904167.2021.2020834,2022-01-20,Lílian Angélica Moreira,Lílian Angélica Moreira (P),P
W4206117140,Do aquatic insects disperse metals from contaminated streams to land?,https://doi.org/10.1007/s10750-021-04793-6,2022-01-17,Luiz Antonio Martinelli,Luiz Antonio Martinelli (E),E
W4206159952,Discriminating Beef Producing Countries by Multi-Element Analysis and Machine Learning,https://doi.org/10.54364/aaiml.2021.1101,2021-01-01,Elisabete Aparecida De Nadai Fernandes,Elisabete Aparecida De Nadai Fernandes (T),T
W4206224684,"Pollen morphology, ultrasculpture and ultrastructure of Poiretia Vent. (Leguminosae – Papilionoideae – Dalbergieae – Adesmia informal clade)",https://doi.org/10.1080/00173134.2021.1984574,2022-01-02,Adriana Pinheiro Martinelli,Adriana Pinheiro Martinelli (P),P
W4206468456,Physical-hydric properties of Oxisols as influenced by soil structure and clay mineralogy,https://doi.org/10.1016/j.catena.2021.106009,2022-01-06,Thaís Nascimento Pessoa,Thaís Nascimento Pessoa (E),E
W4206478551,Primary modes of tree mortality in southwestern Amazon forests,https://doi.org/10.1016/j.tfp.2021.100180,2022-01-03,Plínio Barbosa de Camargo,Plínio Barbosa de Camargo (E),E
W4206904892,Role of nodes in accumulation and distribution of cadmium and its relationship with nutrient distribution and photosynthesis in the growth and regrowth of Brachiaria decumbens,https://doi.org/10.1016/j.envexpbot.2022.104794,2022-01-21,Hudson Wallace Pereira de Carvalho; José Lavres Junior,Hudson Wallace Pereira de Carvalho (T); José Lavres Junior (T),T
W4206919583,"Endophytic Bacteria and Fungi from Indonesian Medicinal Plants with Antibacterial, Pathogenic Antifungal and Extracellular Enzymes Activities: A Review",https://doi.org/10.46729/ijstm.v3i1.428,2022-01-20,Lucas William Mendes,Lucas William Mendes (P),P
W4210299063,Productivity Performance of Sheep in Silvopastoral Systems With Cashew Tree Compared to Grass Monoculture,https://doi.org/10.5296/jas.v10i2.19332,2022-01-25,Adibe Luiz Abdalla; Marcelo Zacharias Moreira,Adibe Luiz Abdalla (P); Marcelo Zacharias Moreira (E),P+E
W4210306497,Control of Urochloa brizantha cv. Marandu by Glyphosate and its Interaction with light availability,https://doi.org/10.6008/cbpc2179-6858.2021.006.0011,2021-05-31,Kassio Ferreira Mendes,Kassio Ferreira Mendes (E),E
W4210309548,Off-Flavors in Aquacultured Fish: Origins and Implications for Consumers,https://doi.org/10.3390/fishes7010034,2022-01-30,Ernani Pinto Junior,Ernani Pinto Junior (E),E
W4210470836,Enhancing agronomic efficiency and maize grain yield with Azospirillum brasilense inoculation under Brazilian savannah conditions,https://doi.org/10.1016/j.eja.2022.126471,2022-02-01,José Lavres Junior,José Lavres Junior (T),T
W4210541872,"Expanding the occurrence of Euryhalinema (Leptolyngbyaceae, Cyanobacteria) to the Atlantic Ocean and description of E. epiphyticum sp. nov. on the Brazilian coast",https://doi.org/10.11646/phytotaxa.532.3.3,2022-02-01,Marli de Fatima Fiore,Marli de Fatima Fiore (P),P
W4210600078,"First evidence of an extant freshwater sponge fauna in Jackson Lake, Grand Teton National Park, Wyoming (USA)",https://doi.org/10.1080/20442041.2022.2035190,2022-01-28,Luiz Carlos Ruiz Pessenda,Luiz Carlos Ruiz Pessenda (T),T
W4210758479,Changes in obliquity drive tree cover shifts in eastern tropical South America,https://doi.org/10.1016/j.quascirev.2022.107402,2022-02-05,Marília Campos,Marília Campos (T),T
W4210851151,José Luís Fontes da Costa Lima – An example to be followed,https://doi.org/10.30744/brjac.2179-3425.inmemoriam.jlfclima,2022-02-08,Elias Ayres Guidetti Zagatto,Elias Ayres Guidetti Zagatto (T),T
W4211119526,Long-term land use in Amazon influence the dynamic of microbial communities in soil and rhizosphere,https://doi.org/10.1016/j.rhisph.2022.100482,2022-02-10,Lucas William Mendes; Plínio Barbosa de Camargo; Tsai Siu Mui,Lucas William Mendes (P); Plínio Barbosa de Camargo (E); Tsai Siu Mui (P),P+E
W4212796625,"Infection by Moniliophthora perniciosa reprograms tomato Micro-Tom physiology, establishes a sink, and increases secondary cell wall synthesis",https://doi.org/10.1093/jxb/erac057,2022-02-15,Antonio Vargas de Oliveira Figueira; Diego Mauricio Riaño Pachón,Antonio Vargas de Oliveira Figueira (P); Diego Mauricio Riaño Pachón (P),P
W4212798685,Feasibility of early fertilization of maize with 15 N application to preceding cover crop,https://doi.org/10.1016/j.eja.2022.126485,2022-02-22,Paulo César Ocheuze Trivelin,Paulo César Ocheuze Trivelin (T),T
W4212834683,Boron deficiency affects ATP hydrolysis of plasma membrane and nutrients uptake in coffee: Consequences for plant growth,https://doi.org/10.1080/01904167.2022.2043371,2022-02-22,José Lavres Junior,José Lavres Junior (T),T
W4212874516,"Treating tropical grass with fibrolytic enzymes from the fungus Trichoderma reesei: Effects on animal performance, digestibility and enteric methane emissions of growing lambs",https://doi.org/10.1016/j.anifeedsci.2022.115253,2022-02-18,Adibe Luiz Abdalla; Helder Louvandini,Adibe Luiz Abdalla (P); Helder Louvandini (P),P
W4212895655,Parameterizing field capacity as the upper limit of available water in bucket-type hydrological models,https://doi.org/10.1016/j.compag.2022.106801,2022-02-23,Quirijn de Jong van Lier,Quirijn de Jong van Lier (E),E
W4212939128,Diet Composition of Bats in a Human-Modified Tropical Landscape,https://doi.org/10.3161/15081109acc2021.23.2.009,2022-02-14,Plínio Barbosa de Camargo,Plínio Barbosa de Camargo (E),E
W4213107462,"Foliar spraying of Mn with addition of Si increases phenolic compound, photosynthetic efficiency, productivity and the protein content of the soybean crop",https://doi.org/10.1007/s42729-022-00780-5,2022-01-24,Cassio Hamilton Abreu Junior,Cassio Hamilton Abreu Junior (P),P
W4213161785,Soil metal concentrations after five years of pasture-tosugarcane conversion,https://doi.org/10.1590/1678-4499.20210038,2022-01-01,Luiz Antonio Martinelli,Luiz Antonio Martinelli (E),E
W4213363004,Improving Sustainable Field-Grown Wheat Production With Azospirillum brasilense Under Tropical Conditions: A Potential Tool for Improving Nitrogen Management,https://doi.org/10.3389/fenvs.2022.821628,2022-02-17,José Lavres Junior,José Lavres Junior (T),T
W4214489789,Chemical Derivatization in Flow Analysis,https://doi.org/10.3390/molecules27051563,2022-02-26,Elias Ayres Guidetti Zagatto; Fabio Rodrigo Piovezani Rocha,Elias Ayres Guidetti Zagatto (T); Fabio Rodrigo Piovezani Rocha (T),T
W4214519098,Use of agro-industrial by-products containing tannins for the integrated control of gastrointestinal nematodes in ruminants,https://doi.org/10.1051/parasite/2022010,2022-01-01,Helder Louvandini,Helder Louvandini (P),P
W4214707463,Microwave-Assisted Extraction of Fatty Acids from Cultured and Commercial Phytoplankton Species,https://doi.org/10.3390/app12052407,2022-02-25,Ernani Pinto Junior,Ernani Pinto Junior (E),E
W4214826239,Path and logistic analysis for heat tolerance in adapted breeds of cattle in Brazil,https://doi.org/10.1016/j.livsci.2022.104888,2022-03-04,Helder Louvandini,Helder Louvandini (P),P
W4214828041,Land use and roles of soil bacterial community in the dissipation of atrazine,https://doi.org/10.1016/j.scitotenv.2022.154239,2022-03-01,Valdemar Luiz Tornisielo,Valdemar Luiz Tornisielo (E),E
W4214828896,Genetically related genotypes of cowpea present similar bacterial community in the rhizosphere,https://doi.org/10.1038/s41598-022-06860-x,2022-03-02,Lucas William Mendes,Lucas William Mendes (P),P
W4214839486,Effect of hydrophysical properties on pipe formation in tropical soils,https://doi.org/10.1016/j.scitotenv.2022.154296,2022-03-04,Thaís Nascimento Pessoa,Thaís Nascimento Pessoa (E),E
W4220660741,"Bioaerosol vertical fungal spores profile in Minas Gerais State, Brazil",https://doi.org/10.1007/s10453-021-09736-1,2022-01-28,Mauricio Cruz Mantoani,Mauricio Cruz Mantoani (E),E
W4220701414,Stability of sodium mass fraction in agricultural certified reference materials,https://doi.org/10.1016/j.talo.2022.100097,2022-02-15,Elisabete Aparecida De Nadai Fernandes,Elisabete Aparecida De Nadai Fernandes (T),T
W4220787711,Sensitivity of infiltration modelling to temporal resolution of rainfall data,https://doi.org/10.1111/ejss.13231,2022-03-01,Quirijn de Jong van Lier,Quirijn de Jong van Lier (E),E
W4220793778,Cellulose Microbeads: Toward the Controlled Release of Nutrients to Plants,https://doi.org/10.1021/acsagscitech.1c00233,2022-03-22,Hudson Wallace Pereira de Carvalho; Quirijn de Jong van Lier,Hudson Wallace Pereira de Carvalho (T); Quirijn de Jong van Lier (E),T+E
W4220794703,Effects of urbanization on the nutritional ecology of a highly active coastal shark: Preliminary insights from trophic markers and body condition,https://doi.org/10.1016/j.scitotenv.2022.154082,2022-02-23,Luiz Antonio Martinelli,Luiz Antonio Martinelli (E),E
W4220814164,Effects of different cultivation conditions on the production of β-cyclocitral and β-ionone in Microcystis aeruginosa,https://doi.org/10.1186/s12866-022-02473-6,2022-03-24,Ernani Pinto Junior; Marli de Fatima Fiore,Ernani Pinto Junior (E); Marli de Fatima Fiore (P),P+E
W4220897539,What a few hairs can tell us about the resource use of giant armadillos,https://doi.org/10.1111/1749-4877.12644,2022-03-12,Marcelo Zacharias Moreira,Marcelo Zacharias Moreira (E),E
W4220903157,Duckweeds as Promising Food Feedstocks Globally,https://doi.org/10.3390/agronomy12040796,2022-03-26,Plínio Barbosa de Camargo,Plínio Barbosa de Camargo (E),E
W4221028700,Addition of raw feedstocks and biochars to the soil on the sorption–desorption and biodegradation of 14C-saflufenacil,https://doi.org/10.1007/s13762-022-04046-6,2022-03-15,Kassio Ferreira Mendes; Valdemar Luiz Tornisielo,Kassio Ferreira Mendes (E); Valdemar Luiz Tornisielo (E),E
W4221035539,Increased soil moisture intensifies the impacts of forest-to-pasture conversion on methane emissions and methane-cycling communities in the Eastern Amazon,https://doi.org/10.1016/j.envres.2022.113139,2022-03-23,Tsai Siu Mui,Tsai Siu Mui (P),P
W4221051103,Determining the Presence of 5-Fluorouracil in Hamster Saliva by HPLC,https://doi.org/10.17921/2447-8938.2022v24n1p17-22,2022-03-22,Ernani Pinto Junior,Ernani Pinto Junior (E),E
W4221066087,Combining spectral ranges for soil discrimination: A case study in the State of Maranhão - Brazil,https://doi.org/10.1016/j.geodrs.2022.e00507,2022-03-30,Maria Gabriella da Silva Araújo; Maria Victoria Ramos Ballester,Maria Gabriella da Silva Araújo (E); Maria Victoria Ramos Ballester (E),E
W4221077097,Tropical tree growth driven by dry-season climate variability,https://doi.org/10.1038/s41561-022-00911-8,2022-03-31,Giuliano Maselli Locosselli,Giuliano Maselli Locosselli (E),E
W4221104298,"3,4-Dimethylpyrazole Phosphate (DMPP) Reduces Nitrogen Leaching in Three Tropical Soils and Improves the Agronomic Efficiency of Nitrogen Fertilizers Applied to Cotton",https://doi.org/10.1007/s42729-022-00824-w,2022-03-15,José Lavres Junior,José Lavres Junior (T),T
W4221129533,Composition and Flux of Dissolved and Particulate Carbon and Nitrogen in the Lower Tocantins River,https://doi.org/10.5281/zenodo.6016174,2022-02-08,Alex Vladimir Krusche; Maria Gabriella da Silva Araújo,Alex Vladimir Krusche (E); Maria Gabriella da Silva Araújo (E),E
W4223458491,"Can soil type interfere in sorption-desorption, mobility, leaching, degradation, and microbial activity of the 14C-tebuthiuron herbicide?",https://doi.org/10.1016/j.hazadv.2022.100074,2022-04-12,Kassio Ferreira Mendes; Valdemar Luiz Tornisielo,Kassio Ferreira Mendes (E); Valdemar Luiz Tornisielo (E),E
W4223654462,Exploring the forestry potential of two legume species with contrasting ecological strategies in a seasonally dry tropical region,https://doi.org/10.1007/s00468-022-02298-w,2022-04-10,Paulo César Ocheuze Trivelin,Paulo César Ocheuze Trivelin (T),T
W4223971762,"Composted Sewage Sludge Application in a Sugarcane Seedling Nursery: Crop Nutritional Status, Productivity, and Technological Quality Implications",https://doi.org/10.3390/su14084682,2022-04-13,Cassio Hamilton Abreu Junior,Cassio Hamilton Abreu Junior (P),P
W4223971772,"Multi-proxy analysis of a Holocene records from a high-altitude tropical peatland in the Serra do Espinhaço Meridional, Brazil",https://doi.org/10.1016/j.jsames.2022.103795,2022-04-15,Plínio Barbosa de Camargo,Plínio Barbosa de Camargo (E),E
W4223994775,"The role of environmental legislation and land use patterns on riparian deforestation dynamics in an Amazonian agricultural frontier (MT, Brazil)",https://doi.org/10.1016/j.landusepol.2022.106132,2022-04-13,Maria Victoria Ramos Ballester,Maria Victoria Ramos Ballester (E),E
W4224027780,Morphological and anatomical traits during development: Highlighting extrafloral nectaries in Passiflora organensis,https://doi.org/10.1002/jemt.24127,2022-04-14,Adriana Pinheiro Martinelli,Adriana Pinheiro Martinelli (P),P
W4224140274,Functional N-cycle genes in soil and N2O emissions in tropical grass-maize intercropping systems,https://doi.org/10.1016/j.soilbio.2022.108655,2022-04-03,Eduardo Mariano; Tsai Siu Mui,Eduardo Mariano (T); Tsai Siu Mui (P),P+T
W4224301550,Composted Sewage Sludge Application Reduces Mineral Fertilization Requirements and Improves Soil Fertility in Sugarcane Seedling Nurseries,https://doi.org/10.3390/su14084684,2022-04-14,Cassio Hamilton Abreu Junior,Cassio Hamilton Abreu Junior (P),P
W4225008310,Optimization of sample preparation of Brazilian honeys for TQ-ICP-MS analysis,https://doi.org/10.1016/j.talo.2022.100117,2022-04-27,Elisabete Aparecida De Nadai Fernandes,Elisabete Aparecida De Nadai Fernandes (T),T
W4225015054,Response of Oreochromis niloticus (Teleostei: Cichlidae) exposed to a guanitoxin-producing cyanobacterial strain using multiple biomarkers,https://doi.org/10.1016/j.scitotenv.2022.155471,2022-04-23,Ernani Pinto Junior,Ernani Pinto Junior (E),E
W4225108541,Metagenomes from Eastern Brazilian Amazonian floodplains in the wet and dry seasons,https://doi.org/10.25982/113717.182/1864845,2022-01-01,Tsai Siu Mui,Tsai Siu Mui (P),P
W4225279881,Post-Invasion Recovery of Plant Communities Colonised by Gunnera tinctoria after Mechanical Removal or Herbicide Application and Its Interaction with an Extreme Weather Event,https://doi.org/10.3390/plants11091224,2022-04-30,Mauricio Cruz Mantoani,Mauricio Cruz Mantoani (E),E
W4225324924,Increased branching independent of strigolactone in cytokinin oxidase 2-overexpressing tomato is mediated by reduced auxin transport,https://doi.org/10.1186/s43897-022-00032-1,2022-05-03,Antonio Vargas de Oliveira Figueira,Antonio Vargas de Oliveira Figueira (P),P
W4225425634,Phytochemical modulation of P-Glycoprotein and its gene expression in an ivermectin-resistant Haemonchus contortus isolate in vitro,https://doi.org/10.1016/j.vetpar.2022.109713,2022-05-01,Helder Louvandini,Helder Louvandini (P),P
W4225752376,The methane-driven interaction network in terrestrial methane hotspots,https://doi.org/10.1186/s40793-022-00409-1,2022-04-05,Lucas William Mendes,Lucas William Mendes (P),P
W4226050511,High-quality genome assembly of Pseudocercospora ulei the main threat to natural rubber trees,,2022-01-01,Diego Mauricio Riaño Pachón,Diego Mauricio Riaño Pachón (P),P
W4226080983,"Hydroclimate and vegetation changes in southeastern Amazonia over the past ∼25,000 years",https://doi.org/10.1016/j.quascirev.2022.107466,2022-04-07,Luiz Carlos Ruiz Pessenda,Luiz Carlos Ruiz Pessenda (T),T
W4226135234,Machine learning to support geographical origin traceability of Coffea Arabica,https://doi.org/10.54364/aaiml.2022.1118,2022-01-01,Elisabete Aparecida De Nadai Fernandes,Elisabete Aparecida De Nadai Fernandes (T),T
W4226331659,Enzymatic Stoichiometry in Soils from Physiognomies of Brazilian Cerrado,https://doi.org/10.1007/s42729-022-00840-w,2022-04-04,Lucas William Mendes,Lucas William Mendes (P),P
W4226424203,Off-flavor detection in tilapia reared in cages in tropical lakes,https://doi.org/10.1016/j.aquaculture.2022.738215,2022-04-03,Ernani Pinto Junior,Ernani Pinto Junior (E),E
W4229033124,Methods to quantify the nitrogen derived from the fertilizer in maize applying blends of controlled-release and NBPT-treated urea,https://doi.org/10.1080/01904167.2022.2072737,2022-05-05,Paulo César Ocheuze Trivelin,Paulo César Ocheuze Trivelin (T),T
W4229078371,Bioinformatic analyses to uncover genes involved in trehalose metabolism in the polyploid sugarcane,https://doi.org/10.1038/s41598-022-11508-x,2022-05-07,Diego Mauricio Riaño Pachón,Diego Mauricio Riaño Pachón (P),P
W4229335830,Domestication of Lima Bean (Phaseolus lunatus) Changes the Microbial Communities in the Rhizosphere,https://doi.org/10.1007/s00248-022-02028-2,2022-05-08,Lucas William Mendes,Lucas William Mendes (P),P
W4240703832,Effect of glyphosate and glufosinate on nutritional content and agronomic performance of maize possessing cp4epsps and pat transgenes,https://doi.org/10.21475/ajcs.21.15.05.p3193,2021-05-10,Hudson Wallace Pereira de Carvalho,Hudson Wallace Pereira de Carvalho (T),T
W4243768531,Natural coloring red beetroot under effects of gamma radiation,https://doi.org/10.15406/hij.2021.05.00218,2021-06-15,Valter Arthur,Valter Arthur (P),P
W4244708759,Effects of gamma radiation in okra’s conservation,https://doi.org/10.15406/hij.2021.05.00219,2021-06-16,Valter Arthur,Valter Arthur (P),P
W4248879310,The effects of microwave application on the physicochemical properties of bacaba (Oenocarpus bacaba Mart.) oil,https://doi.org/10.17306/j.afs.0893,2021-04-22,Valter Arthur,Valter Arthur (P),P
W4280495354,Disentangling the lifestyle of bacterial communities in tropical soda lakes,https://doi.org/10.1038/s41598-022-12046-2,2022-05-13,Marli de Fatima Fiore,Marli de Fatima Fiore (P),P
W4280498059,"Late-Holocene sea levels from vermetids and barnacles at Ponta do Papagaio, 27° 50′S latitude and a comparison with other sectors of southern Brazil",https://doi.org/10.1016/j.quascirev.2022.107536,2022-05-12,Luiz Carlos Ruiz Pessenda,Luiz Carlos Ruiz Pessenda (T),T
W4280501693,Reannotation of Fly Amanita l -DOPA Dioxygenase Gene Enables Its Cloning and Heterologous Expression,https://doi.org/10.1021/acsomega.2c01365,2022-04-25,Ernani Pinto Junior,Ernani Pinto Junior (E),E
W4280559721,"Impacts of dicamba and 2,4-D drift on ‘Ponkan’ mandarin seedlings, soil microbiota and Amaranthus retroflexus",https://doi.org/10.1016/j.hazadv.2022.100084,2022-05-01,Kassio Ferreira Mendes,Kassio Ferreira Mendes (E),E
W4280562314,Biosynthesis of Guanitoxin Enables Global Environmental Detection in Freshwater Cyanobacteria,https://doi.org/10.1021/jacs.2c01424,2022-05-18,Ernani Pinto Junior; Marli de Fatima Fiore,Ernani Pinto Junior (E); Marli de Fatima Fiore (P),P+E
W4280580994,A data-model perspective on the Brazilian margin surface warming from the Last Glacial Maximum to the Holocene,https://doi.org/10.1016/j.quascirev.2022.107557,2022-05-18,Marília Campos,Marília Campos (T),T
W4280591385,Flow-based determination of lead exploiting in-syringe dispersive liquid-liquid micro-extraction in xylene and integrated spectrophotometric detection,https://doi.org/10.1016/j.talanta.2022.123528,2022-05-10,Boaventura Freire dos Reis; Elias Ayres Guidetti Zagatto,Boaventura Freire dos Reis (T); Elias Ayres Guidetti Zagatto (T),T
W4280599778,"Late Holocene mangrove dynamics of the Doce River delta, southeastern Brazil: Implications for the understanding of mangrove resilience to sea-level changes and channel dynamics",https://doi.org/10.1016/j.palaeo.2022.111055,2022-05-19,Luiz Carlos Ruiz Pessenda,Luiz Carlos Ruiz Pessenda (T),T
W4280601375,Evaluation of grass and legume tropical mixtures and performance of grazed sheep,https://doi.org/10.4314/sajas.v52i1.4,2022-05-10,Adibe Luiz Abdalla,Adibe Luiz Abdalla (P),P
W4280644832,Protocol for assessing soybean antibiosis toChloridea virescens,https://doi.org/10.1111/eea.13190,2022-05-15,Helder Louvandini,Helder Louvandini (P),P
W4281255639,Water table depth modulates productivity and biomass across Amazonian forests,https://doi.org/10.1111/geb.13531,2022-05-22,Plínio Barbosa de Camargo,Plínio Barbosa de Camargo (E),E
W4281612132,Quantification of methane emitted by ruminants: a review of methods,https://doi.org/10.1093/jas/skac197,2022-06-03,Adibe Luiz Abdalla,Adibe Luiz Abdalla (P),P
W4281660625,Leaf transcriptome profiling of contrasting sugarcane genotypes for drought tolerance under field conditions,https://doi.org/10.1038/s41598-022-13158-5,2022-06-01,Antonio Vargas de Oliveira Figueira,Antonio Vargas de Oliveira Figueira (P),P
W4281676319,Fertilization management with sewage sludge sustains Eucalyptus productivity in Cerrado infertile soil,https://doi.org/10.1016/j.foreco.2022.120338,2022-06-04,Cassio Hamilton Abreu Junior,Cassio Hamilton Abreu Junior (P),P
W4281684722,"Maintaining grass coverage increases methane uptake in Amazonian pastures, with a reduction of methanogenic archaea in the rhizosphere",https://doi.org/10.1016/j.scitotenv.2022.156225,2022-05-24,Lucas William Mendes; Tsai Siu Mui,Lucas William Mendes (P); Tsai Siu Mui (P),P
W4281746910,Environmental DNA Sequencing to Monitor Restoration Practices on Soil Bacterial and Archaeal Communities in Soils Under Desertification in the Brazilian Semiarid,https://doi.org/10.1007/s00248-022-02048-y,2022-05-28,Lucas William Mendes,Lucas William Mendes (P),P
W4281748503,Auxin-driven ecophysiological diversification of leaves in domesticated tomato,https://doi.org/10.1093/plphys/kiac251,2022-05-27,Antonio Vargas de Oliveira Figueira,Antonio Vargas de Oliveira Figueira (P),P
W4281750083,"Changes in Tillering, Nutritional Status and Biomass Yield of Panicum maximum Used for Cadmium Phytoextraction",https://doi.org/10.1007/s11270-022-05687-6,2022-06-01,José Lavres Junior,José Lavres Junior (T),T
W4281775531,"Presence of enrofloxacin residues in soil and its effect on carbon fixation, number of nodules, and root length of alfalfa (Medicago sativa)",https://doi.org/10.1016/j.hazadv.2022.100100,2022-05-31,Valdemar Luiz Tornisielo,Valdemar Luiz Tornisielo (E),E
W4281835314,"Mid- to Late Holocene sealevel changes at Abrolhos Archipelago and Bank, southwestern Atlantic, Brazil",https://doi.org/10.1016/j.margeo.2022.106841,2022-05-29,Luiz Carlos Ruiz Pessenda,Luiz Carlos Ruiz Pessenda (T),T
W4281917439,Mangrove expansion at poleward range limits in North and South America: Late-Holocene climate variability or anthropocene global warming?,https://doi.org/10.1016/j.catena.2022.106413,2022-06-02,Luiz Carlos Ruiz Pessenda,Luiz Carlos Ruiz Pessenda (T),T
W4282592767,"Poleward mangrove expansion in South America coincides with MCA and CWP: A diatom, pollen, and organic geochemistry study",https://doi.org/10.1016/j.quascirev.2022.107598,2022-06-13,Luiz Carlos Ruiz Pessenda,Luiz Carlos Ruiz Pessenda (T),T
W4282938022,Can streambank height indicate soil moisture regime of riparian zones? A case study in deep soils of a first-order watershed in Southeast Brazil,https://doi.org/10.1080/02723646.2022.2089446,2022-06-15,Luiz Antonio Martinelli; Plínio Barbosa de Camargo,Luiz Antonio Martinelli (E); Plínio Barbosa de Camargo (E),E
W4283075713,Influences of the alcoholic extract of Artemisia annua on gastrointestinal microbiota and performance of Nile tilapia,https://doi.org/10.1016/j.aquaculture.2022.738521,2022-06-17,Lucas William Mendes,Lucas William Mendes (P),P
W4283216027,Recording surface runoff in the field: a simple detector made of polypropylene,https://doi.org/10.26848/rbgf.v15.3.p1583-1586,2022-06-13,Luiz Antonio Martinelli; Plínio Barbosa de Camargo,Luiz Antonio Martinelli (E); Plínio Barbosa de Camargo (E),E
W4283387337,South American precipitation dipole forced by interhemispheric temperature gradient,https://doi.org/10.1038/s41598-022-14495-1,2022-06-22,Marília Campos,Marília Campos (T),T
W4283573842,Draft Genome Sequences of Five Putatively Novel Saccharibacteria Species Assembled from the Human Oral Metagenome,https://doi.org/10.1128/mra.00246-22,2022-06-27,Tsai Siu Mui,Tsai Siu Mui (P),P
W4283588246,Linking land-use and land-cover transitions to their ecological impact in the Amazon,https://doi.org/10.1073/pnas.2202310119,2022-06-27,Plínio Barbosa de Camargo,Plínio Barbosa de Camargo (E),E
W4283654257,Innovative prediction of milk microbiological quality from pH measurements by digital imaging photometry,https://doi.org/10.1016/j.jfca.2022.104715,2022-06-28,Fabio Rodrigo Piovezani Rocha,Fabio Rodrigo Piovezani Rocha (T),T
W4283705075,Wort disinfection treatment with electron beam for bioethanol production,https://doi.org/10.1590/1678-992x-2021-0260,2022-06-29,Valter Arthur,Valter Arthur (P),P
W4283729332,The role of 5-hydroxymethylfurfural in food and recent advances in analytical methods,https://doi.org/10.1016/j.foodchem.2022.133539,2022-06-29,Fabio Rodrigo Piovezani Rocha,Fabio Rodrigo Piovezani Rocha (T),T
W4283791743,Average height of surrounding buildings and district age are the main predictors of tree failure on the streets of São Paulo/Brazil,https://doi.org/10.1016/j.ufug.2022.127665,2022-07-03,Giuliano Maselli Locosselli,Giuliano Maselli Locosselli (E),E
W4283812981,Vinasse and straw retention decrease fungal diversity and pathogenicity in sugarcane soil / Aplicação de vinhaça e retenção de palha diminuem a diversidade e patogenicidade de fungos em solo canavieiro,https://doi.org/10.34117/bjdv8n6-149,2022-06-07,Tsai Siu Mui,Tsai Siu Mui (P),P
W4283815539,Cyanotoxins and water quality parameters as risk assessment indicators for aquatic life in reservoirs,https://doi.org/10.1016/j.ecoenv.2022.113828,2022-07-04,Ernani Pinto Junior,Ernani Pinto Junior (E),E
W4283818446,Characterization of the Nuclear Proteome of Chlamydomonas in Response to Salt Stress,https://doi.org/10.3390/phycology2030015,2022-07-01,Flavia Vischi Winck,Flavia Vischi Winck (P),P
W4284962589,Methane concentrations and fluxes in agricultural and preserved tropical headwater streams,https://doi.org/10.1016/j.scitotenv.2022.157238,2022-07-08,Luiz Antonio Martinelli,Luiz Antonio Martinelli (E),E
W4284973427,"Efeitos da radiação gama e temperaturas de armazenamento nas características físico-químicas de cenoura minimamente processadas, pré-cozidas e embaladas à vácuo",https://doi.org/10.33448/rsd-v11i9.31601,2022-07-06,Valter Arthur,Valter Arthur (P),P
W4285029073,Temporal and spatial patterns in the detection of veterinary drug residues in poultry and swine in Brazil,https://doi.org/10.1590/1809-6891v23e-71763e,2022-01-01,Helder Louvandini,Helder Louvandini (P),P
W4285049588,Padrões temporais e espaciais na detecção de resíduos de medicamentos veterinários em aves e suínos no Brasil,https://doi.org/10.1590/1809-6891v23e-71763p,2022-01-01,Helder Louvandini,Helder Louvandini (P),P
W4285163647,Histological evaluation of Rhipicephalus (Boophilus) microplus tick ovaries subjected to cobalt-60 ionizing radiation,https://doi.org/10.31893/avr.2022007,2022-01-01,Valter Arthur,Valter Arthur (P),P
W4285168366,Genetic and geographical integration for ruminant production under climate change with particular emphasis on Brazil,https://doi.org/10.31893/avr.2022009,2022-01-01,Helder Louvandini,Helder Louvandini (P),P
W4285227375,Research Article Population structure and genetic relatedness in Brazilian Bermudagrass from sugarcane plantations,https://doi.org/10.4238/gmr19010,2022-01-01,Valdemar Luiz Tornisielo,Valdemar Luiz Tornisielo (E),E
W4285291336,Perspectives and challenges on isotopic ecology of terrestrial birds in Brazil,https://doi.org/10.1590/s1984-4689.v39.e21023,2022-01-01,Marcelo Zacharias Moreira,Marcelo Zacharias Moreira (E),E
W4285322757,Sugarcane yield loss due to water and nitrogen deficiencies evaluated by carbon isotopic discrimination method,https://doi.org/10.9755/ejfa.2021.v33.i9.2756,2021-12-07,Paulo César Ocheuze Trivelin,Paulo César Ocheuze Trivelin (T),T
W4285494671,Marcação de insetos para estudos biológicos,https://doi.org/10.24215/16699513e093,2022-07-14,Valter Arthur,Valter Arthur (P),P
W4285590839,Paleoenvironmental dynamics in central‐eastern Brazil during the last 23 000 years: tropical peatland record in the Cerrado biome,https://doi.org/10.1002/jqs.3459,2022-07-15,Plínio Barbosa de Camargo,Plínio Barbosa de Camargo (E),E
W4285597254,Co-Inoculation with Azospirillum brasilense and Bradyrhizobium sp. Enhances Nitrogen Uptake and Yield in Field-Grown Cowpea and Did Not Change N-Fertilizer Recovery,https://doi.org/10.3390/plants11141847,2022-07-14,José Lavres Junior,José Lavres Junior (T),T
W4285736795,"Floral characteristics, pollen morphology, and viability of sugarcane hybrids (Saccharum × officinarum) and the neotropical wild relative, S. villosum",https://doi.org/10.1016/j.flora.2022.152118,2022-07-17,Adriana Pinheiro Martinelli,Adriana Pinheiro Martinelli (P),P
W4285796311,Biogeographic responses and niche occupancy of microbial communities following long-term land-use change,https://doi.org/10.1007/s10482-022-01761-5,2022-07-19,Lucas William Mendes; Tsai Siu Mui,Lucas William Mendes (P); Tsai Siu Mui (P),P
W4285802267,"Gunnera tinctoria invasions increase, not decrease, earthworm abundance and diversity",https://doi.org/10.1007/s10530-022-02873-9,2022-07-18,Mauricio Cruz Mantoani,Mauricio Cruz Mantoani (E),E
W4286216990,Metagenomes from Eastern Brazilian Amazonian Floodplains in the Wet and Dry Seasons,https://doi.org/10.1128/mra.00432-22,2022-07-19,Tsai Siu Mui,Tsai Siu Mui (P),P
W4286567541,Prediction of enteric methane production and yield in sheep using a Latin America and Caribbean database,https://doi.org/10.1016/j.livsci.2022.105036,2022-07-22,Adibe Luiz Abdalla,Adibe Luiz Abdalla (P),P
W4286876121,The experience of teaching introductory programming skills to bioscientists in Brazil,https://doi.org/10.60692/a29xh-daz43,2021-11-11,Diego Mauricio Riaño Pachón; Flavia Vischi Winck,Diego Mauricio Riaño Pachón (P); Flavia Vischi Winck (P),P
W4287146837,"Identification of potential plant species hyperaccumulating light rare earth elements (LREE) in a mining area in Minas Gerais, Brazil",https://doi.org/10.1007/s11356-022-22009-9,2022-07-25,Cassio Hamilton Abreu Junior; Hudson Wallace Pereira de Carvalho,Cassio Hamilton Abreu Junior (P); Hudson Wallace Pereira de Carvalho (T),P+T
W4287831553,Root nitrate uptake in sugarcane (Saccharum spp.) is modulated by transcriptional and presumably posttranscriptional regulation of the NRT2.1/NRT3.1 transport system,https://doi.org/10.1007/s00438-022-01929-8,2022-07-26,Antonio Vargas de Oliveira Figueira; Diego Mauricio Riaño Pachón,Antonio Vargas de Oliveira Figueira (P); Diego Mauricio Riaño Pachón (P),P
W4288043374,Dose letal imediata de radiação gama para espécies de carunchos do feijão utilizando irradiador multipropósito,https://doi.org/10.30612/agrarian.v15i55.15712,2022-07-22,Valter Arthur,Valter Arthur (P),P
W4288051235,Genome-resolved metagenomics reveals novel archaeal and bacterial genomes from Amazonian forest and pasture soils,https://doi.org/10.1099/mgen.0.000853,2022-07-27,Tsai Siu Mui,Tsai Siu Mui (P),P
W4288073156,Eficiência agronômica de atrazine no controle de Capim-navalha e Capim-capeta,https://doi.org/10.6008/cbpc2179-6858.2021.012.0011,2021-09-30,Kassio Ferreira Mendes,Kassio Ferreira Mendes (E),E
W4288073192,Germinação de Capim-Navalha (Paspalum Virgatum l.) e Capim-Capeta [(Sporobolus Indicus (l.) r.br.)] em função da temperatura e da luz,https://doi.org/10.6008/cbpc2179-6858.2021.012.0009,2021-09-27,Kassio Ferreira Mendes,Kassio Ferreira Mendes (E),E
W4288073197,Efeito de herbicidas aplicados em jato dirigido à entrelinha e área total na cultura do abacaxi,https://doi.org/10.6008/cbpc2179-6858.2021.012.0010,2021-09-27,Kassio Ferreira Mendes,Kassio Ferreira Mendes (E),E
W4288073230,Lixiviação do saflufenacil e tebuthiuron em solos de texturas contrastantes submetidos a diferentes precipitações pluviométricas,https://doi.org/10.6008/cbpc2179-6858.2021.012.0004,2021-09-17,Kassio Ferreira Mendes,Kassio Ferreira Mendes (E),E
W4288430353,Improving the representation of sugarcane crop in the Joint UK Land Environment Simulator (JULES) model for climate impact assessment,https://doi.org/10.1111/gcbb.12989,2022-07-28,Quirijn de Jong van Lier,Quirijn de Jong van Lier (E),E
W4288736978,CoCoView - A codon conservation viewer via sequence logos,https://doi.org/10.1016/j.mex.2022.101803,2022-01-01,Diego Mauricio Riaño Pachón,Diego Mauricio Riaño Pachón (P),P
W4289170104,Molecular evidence for stimulation of methane oxidation in Amazonian floodplains by ammonia-oxidizing communities,https://doi.org/10.3389/fmicb.2022.913453,2022-08-01,Tsai Siu Mui,Tsai Siu Mui (P),P
W4289518489,Bacterial Communities Along Environmental Gradients in Tropical Soda Lakes,https://doi.org/10.1007/s00248-022-02086-6,2022-08-02,Marli de Fatima Fiore; Plínio Barbosa de Camargo,Marli de Fatima Fiore (P); Plínio Barbosa de Camargo (E),P+E
W4289526373,Propisochlor retention and mobility in the presence of straw in Brazilian cropping systems,https://doi.org/10.1080/03650340.2022.2103674,2022-08-01,Valdemar Luiz Tornisielo,Valdemar Luiz Tornisielo (E),E
W4289766815,Comparative study of different liquid diets for dairy calves and the impact on performance and the bacterial community during diarrhea,https://doi.org/10.1038/s41598-022-17613-1,2022-08-04,Lucas William Mendes,Lucas William Mendes (P),P
W4290503946,Composted Sewage Sludge Sustains High Maize Productivity on an Infertile Oxisol in the Brazilian Cerrado,https://doi.org/10.3390/land11081246,2022-08-05,Cassio Hamilton Abreu Junior,Cassio Hamilton Abreu Junior (P),P
W4291670214,"Description of Aliinostoc alkaliphilum sp. nov. (Nostocales, Cyanobacteria), a New Bioactive Metabolite-Producing Strain from Salina Verde (Pantanal, Brazil) and Taxonomic Distribution of Bioactive Metabolites in Nostoc and Nostoc-like Genera",https://doi.org/10.3390/w14162470,2022-08-10,Marli de Fatima Fiore,Marli de Fatima Fiore (P),P
W4291821272,Efficiency of soluble and insoluble sources of manganese for soybean nutrition in the Brazilian Cerrado,https://doi.org/10.1590/s1678-3921.pab2022.v57.01721,2022-01-01,Hudson Wallace Pereira de Carvalho,Hudson Wallace Pereira de Carvalho (T),T
W4292265668,Preferential mineral N form uptake by sugarcane genotypes contrasting in nitrogen use efficiency,https://doi.org/10.1017/s0014479722000229,2022-01-01,Paulo César Ocheuze Trivelin,Paulo César Ocheuze Trivelin (T),T
W4292383652,Are nanomaterials leading to more efficient agriculture? Outputs from 2009 to 2022 research metadata analysis,https://doi.org/10.1039/d1en01078f,2022-01-01,Hudson Wallace Pereira de Carvalho,Hudson Wallace Pereira de Carvalho (T),T
W4292396007,Isotopic composition (δ13C and δ15N) in the soil-plant system of subtropical urban forests,https://doi.org/10.1016/j.scitotenv.2022.158052,2022-08-19,Plínio Barbosa de Camargo,Plínio Barbosa de Camargo (E),E
W4292470322,Anther development in Brachiaria brizantha (syn. Urochloa brizantha) and perspective for microspore in vitro culture,https://doi.org/10.1007/s00709-022-01802-w,2022-08-10,Adriana Pinheiro Martinelli,Adriana Pinheiro Martinelli (P),P
W4293069953,"Hematological, biochemical alterations and methane production in sheep submitted to mixed infection of Haemonchus contortus and Trichostrongylus colubriformis",https://doi.org/10.1016/j.smallrumres.2022.106798,2022-08-19,Adibe Luiz Abdalla; Helder Louvandini,Adibe Luiz Abdalla (P); Helder Louvandini (P),P
W4293212010,Interactions between Soil Bacterial Diversity and Plant-Parasitic Nematodes in Soybean Plants,https://doi.org/10.1128/aem.00963-22,2022-08-24,Lucas William Mendes,Lucas William Mendes (P),P
W4293257250,Developing and classifying urban biomes as a basis for nature-based solutions,https://doi.org/10.1016/j.uclim.2022.101251,2022-08-11,Giuliano Maselli Locosselli,Giuliano Maselli Locosselli (E),E
W4293576080,Stochastic Merging of Soil Hydraulic Properties for Vadose Zone Hydrological Modeling,https://doi.org/10.1061/(asce)he.1943-5584.0002208,2022-08-30,Quirijn de Jong van Lier,Quirijn de Jong van Lier (E),E
W4293577608,"Global mapping of volumetric water retention at 100, 330 and 15 000 cm suction using the WoSIS database",https://doi.org/10.1016/j.iswcr.2022.08.001,2022-08-28,Quirijn de Jong van Lier,Quirijn de Jong van Lier (E),E
W4293773096,Insights into the Genomic Potential of a Methylocystis sp. from Amazonian Floodplain Sediments,https://doi.org/10.3390/microorganisms10091747,2022-08-30,Tsai Siu Mui,Tsai Siu Mui (P),P
W4294000661,Methanogenic communities and methane emissions from enrichments of Brazilian Amazonia soils under land-use change,https://doi.org/10.1016/j.micres.2022.127178,2022-09-01,Tsai Siu Mui,Tsai Siu Mui (P),P
W4294716057,Improving potassium use efficiency of sugarcane through the use of polyhalite,https://doi.org/10.1186/s43170-022-00124-4,2022-09-04,Hudson Wallace Pereira de Carvalho,Hudson Wallace Pereira de Carvalho (T),T
W4294957579,The co-evolution of life and biogeochemical cycles in our planet,https://doi.org/10.1590/1676-0611-bn-2022-1402,2022-01-01,Luiz Antonio Martinelli,Luiz Antonio Martinelli (E),E
W4294991310,Ecological risk of imidacloprid on the Brazilian non-target freshwater organisms Chironomus sancticaroli and Poecilia reticulata,https://doi.org/10.1007/s10661-022-10418-9,2022-09-08,Ernani Pinto Junior,Ernani Pinto Junior (E),E
W4295027397,Applications of Cr-rich composted tannery sludge in the soil decrease microbial biomass and select specific bacterial groups,https://doi.org/10.1007/s11356-022-22933-w,2022-09-09,Lucas William Mendes,Lucas William Mendes (P),P
W4295046449,Encapsulated nitrate replacing soybean meal in diets with and without monensin on in vitro ruminal fermentation,https://doi.org/10.1590/0001-3765202220200213,2022-01-01,Adibe Luiz Abdalla,Adibe Luiz Abdalla (P),P
W4295854220,Digital-image photometry with multi-energy calibration,https://doi.org/10.1016/j.microc.2022.107938,2022-09-05,Fabio Rodrigo Piovezani Rocha; Samara Soares,Fabio Rodrigo Piovezani Rocha (T); Samara Soares (T),T
W4295885377,Soybean seeds treated with zinc evaluated by X-ray micro-fluorescence spectroscopy,https://doi.org/10.1590/1678-992x-2021-0131,2022-09-12,Hudson Wallace Pereira de Carvalho,Hudson Wallace Pereira de Carvalho (T),T
W4296079310,Early responses of regeneration to weeding and herbicide application to control Guinea‐grass in a 20‐year‐old Atlantic Forest undergoing restoration,https://doi.org/10.1111/rec.13792,2022-09-17,Mauricio Cruz Mantoani,Mauricio Cruz Mantoani (E),E
W4296522847,Water retention and metabolic changes improve desiccation tolerance in Barbacenia graminifolia (Velloziaceae),https://doi.org/10.1111/ppl.13783,2022-09-01,Adriana Pinheiro Martinelli,Adriana Pinheiro Martinelli (P),P
W4296748526,27. Global sensitivity analysis of empirical enteric methane emissions models for silvopastoral systems,https://doi.org/10.1016/j.anscip.2022.07.418,2022-09-01,Adibe Luiz Abdalla,Adibe Luiz Abdalla (P),P
W4296748548,61. Estimation of digestible organic matter intake through purine derivatives from sheep fed warm-season forages,https://doi.org/10.1016/j.anscip.2022.07.452,2022-09-01,Adibe Luiz Abdalla,Adibe Luiz Abdalla (P),P
W4296834230,Pyrolysis Temperature and Application Rate of Sugarcane Straw Biochar Influence Sorption and Desorption of Metribuzin and Soil Chemical Properties,https://doi.org/10.3390/pr10101924,2022-09-23,Kassio Ferreira Mendes,Kassio Ferreira Mendes (E),E
W4297014660,"Elemental profile of tail hair to evaluate nutritional status of Angus, Nelore and Wagyu cattle breeds",https://doi.org/10.1007/s10967-022-08553-1,2022-09-23,Elisabete Aparecida De Nadai Fernandes,Elisabete Aparecida De Nadai Fernandes (T),T
W4297322554,Sample preparation and spectrometric methods for elemental analysis of milk and dairy products – A review,https://doi.org/10.1016/j.jfca.2022.104942,2022-09-27,Alex Virgilio; Fabio Rodrigo Piovezani Rocha; Samara Soares,Alex Virgilio (T); Fabio Rodrigo Piovezani Rocha (T); Samara Soares (T),T
W4302004417,Go International,https://doi.org/10.30744/brjac.2179-3425.editorial.eagzagatto.n37,2022-10-05,Elias Ayres Guidetti Zagatto,Elias Ayres Guidetti Zagatto (T),T
W4302307135,Pet food categorization by neutron activation analysis and data science,https://doi.org/10.1007/s10967-022-08547-z,2022-10-06,Elisabete Aparecida De Nadai Fernandes,Elisabete Aparecida De Nadai Fernandes (T),T
W4304587232,Proteomic Analysis of Decellularized Extracellular Matrix: Achieving a Competent Biomaterial for Osteogenesis,https://doi.org/10.1155/2022/6884370,2022-01-01,Flavia Vischi Winck,Flavia Vischi Winck (P),P
W4304589520,Efficiency of Application of Selenium in Biofortification of Potato Tubers (Solanum tuberosum),https://doi.org/10.1007/s11540-022-09595-4,2022-10-12,Hudson Wallace Pereira de Carvalho,Hudson Wallace Pereira de Carvalho (T),T
W4306677534,Assessment of four urban forest as environmental indicator of air quality: a study in a brazilian megacity,https://doi.org/10.1007/s11252-022-01296-7,2022-10-18,Plínio Barbosa de Camargo,Plínio Barbosa de Camargo (E),E
W4306774309,Invited review: Current enteric methane mitigation options,https://doi.org/10.3168/jds.2022-22091,2022-10-19,Adibe Luiz Abdalla,Adibe Luiz Abdalla (P),P
W4306809617,X-ray spectrometry imaging and chemical speciation assisting to understand the toxic effects of copper oxide nanoparticles on zebrafish ( Danio rerio ),https://doi.org/10.1080/17435390.2022.2133646,2022-05-28,Hudson Wallace Pereira de Carvalho,Hudson Wallace Pereira de Carvalho (T),T
W4307114350,Which artificial larval diet is better for Ceratitis capitata (Diptera: Tephritidae) rearing?,https://doi.org/10.1186/s41936-022-00312-8,2022-10-23,Thiago de Araújo Mastrangelo,Thiago de Araújo Mastrangelo (P),P
W4307425095,Metagenome-Assembled Genomes from Amazonian Soil Microbial Consortia,https://doi.org/10.1128/mra.00804-22,2022-10-27,Tsai Siu Mui,Tsai Siu Mui (P),P
W4307943814,Deep-Learning Approach for Fusarium Head Blight Detection in Wheat Seeds Using Low-Cost Imaging Technology,https://doi.org/10.3390/agriculture12111801,2022-10-29,Thiago de Araújo Mastrangelo,Thiago de Araújo Mastrangelo (P),P
W4308029681,"Differential plant growth-promoting rhizobacteria species selection by maize, cowpea, and lima bean",https://doi.org/10.1016/j.rhisph.2022.100626,2022-11-01,Lucas William Mendes,Lucas William Mendes (P),P
W4308196397,Potential of Haemonchus contortus first-stage larvae to characterize anthelmintic resistance through P-glycoprotein gene expression,https://doi.org/10.1016/j.smallrumres.2022.106864,2022-11-04,Helder Louvandini,Helder Louvandini (P),P
W4308479078,Inverse estimation of hydraulic parameters of soils with rock fragments,https://doi.org/10.1016/j.geoderma.2022.116240,2022-11-07,Quirijn de Jong van Lier,Quirijn de Jong van Lier (E),E
W4308587241,A Hierarchical Framework for Unpacking the Nitrogen Challenge,https://doi.org/10.1029/2022ef002870,2022-11-01,Luiz Antonio Martinelli,Luiz Antonio Martinelli (E),E
W4308616736,Natural genetic variation in the HAIRS ABSENT (H) gene increases type-VI glandular trichomes in both wild and domesticated tomatoes,https://doi.org/10.1016/j.jplph.2022.153859,2022-11-09,Antonio Vargas de Oliveira Figueira,Antonio Vargas de Oliveira Figueira (P),P
W4308659523,Flow-based green ceramics microdevice with smartphone image colorimetric detection for free chlorine determination in drinking water,https://doi.org/10.1016/j.saa.2022.122096,2022-11-09,Fabio Rodrigo Piovezani Rocha,Fabio Rodrigo Piovezani Rocha (T),T
W4308973698,Identification of Active Compounds against Melanoma Growth by Virtual Screening for Non-Classical Human DHFR Inhibitors,https://doi.org/10.3390/ijms232213946,2022-11-11,Diego Mauricio Riaño Pachón,Diego Mauricio Riaño Pachón (P),P
W4309035180,Rhizospheric microbial community in plant species from the Phaseolus genus,https://doi.org/10.1016/j.apsoil.2022.104731,2022-11-11,Lucas William Mendes,Lucas William Mendes (P),P
W4309191753,An update to the palynotaxonomy of the Brazilian species of Aeschynomene sensu stricto and the recently circumscribed genus Ctenodon (Leguminosae – Papilionoideae – Dalbergieae),https://doi.org/10.1080/00173134.2022.2126727,2022-09-03,Adriana Pinheiro Martinelli,Adriana Pinheiro Martinelli (P),P
W4309193718,Elemental profile of dietary supplements and agricultural byproducts evaluated by neutron activation analysis,https://doi.org/10.1007/s10967-022-08662-x,2022-11-15,Elisabete Aparecida De Nadai Fernandes,Elisabete Aparecida De Nadai Fernandes (T),T
W4309271273,Functional characterization of the sugarcane (Saccharum spp.) ammonium transporter AMT2;1 suggests a role in ammonium root-to-shoot translocation,https://doi.org/10.3389/fpls.2022.1039041,2022-11-18,Antonio Vargas de Oliveira Figueira,Antonio Vargas de Oliveira Figueira (P),P
W4309632487,Plant available water predicted by a flux-based approach,https://doi.org/10.1016/j.geoderma.2022.116253,2022-11-11,Quirijn de Jong van Lier,Quirijn de Jong van Lier (E),E
W4309976130,NPOmix: A machine learning classifier to connect mass spectrometry fragmentation data to biosynthetic gene clusters,https://doi.org/10.1093/pnasnexus/pgac257,2022-11-01,Marli de Fatima Fiore,Marli de Fatima Fiore (P),P
W4310365800,Microbial communities in the rhizosphere of maize and cowpea respond differently to chromium contamination,https://doi.org/10.1016/j.chemosphere.2022.137417,2022-11-29,Lucas William Mendes,Lucas William Mendes (P),P
W4311135121,Changes in the bacterial rare biosphere after permanent application of composted tannery sludge in a tropical soil,https://doi.org/10.1016/j.chemosphere.2022.137487,2022-12-12,Lucas William Mendes,Lucas William Mendes (P),P
W4311283286,Availability of Metribuzin-Loaded Polymeric Nanoparticles in Different Soil Systems: An Important Study on the Development of Safe Nanoherbicides,https://doi.org/10.3390/plants11233366,2022-12-04,Valdemar Luiz Tornisielo,Valdemar Luiz Tornisielo (E),E
W4311365881,Impacts of deforestation and forest regeneration on soil bacterial communities associated with phosphorus transformation processes in the Brazilian Amazon region,https://doi.org/10.1016/j.ecolind.2022.109779,2022-12-09,Lucas William Mendes; Tsai Siu Mui,Lucas William Mendes (P); Tsai Siu Mui (P),P
W4311624468,Metaproteomic Analysis of the Anaerobic Community Involved in the Co-Digestion of Residues from Sugarcane Ethanol Production for Biogas Generation,https://doi.org/10.3390/biomass2040024,2022-12-05,Flavia Vischi Winck,Flavia Vischi Winck (P),P
W4311659297,Impact of the fungal pathogen Fusarium oxysporum on the taxonomic and functional diversity of the common bean root microbiome,https://doi.org/10.5281/zenodo.7447086,2022-12-16,Lucas William Mendes,Lucas William Mendes (P),P
W4311724833,"Long-term carbon storage in Brazilian Cerrado soils – a conjunction of wildfires, bioturbation, and local edaphic controls on vegetation",https://doi.org/10.1007/s11104-022-05824-4,2022-12-07,Plínio Barbosa de Camargo,Plínio Barbosa de Camargo (E),E
W4311774883,Prediction of enteric methane emissions by sheep using an intercontinental database,https://doi.org/10.1016/j.jclepro.2022.135523,2022-12-09,Adibe Luiz Abdalla,Adibe Luiz Abdalla (P),P
W4311784791,Death and Regeneration of an Amazonian Mangrove Forest by Anthropic and Natural Forces,https://doi.org/10.3390/rs14246197,2022-12-07,Luiz Carlos Ruiz Pessenda,Luiz Carlos Ruiz Pessenda (T),T
W4311901311,Zinc speciation and desorption kinetics in a mining waste impacted tropical soil amended with phosphate,https://doi.org/10.1016/j.scitotenv.2022.161009,2022-12-19,Hudson Wallace Pereira de Carvalho,Hudson Wallace Pereira de Carvalho (T),T
W4311994942,Improving zinc supply enhances cotton nutritional phosphorus efficiency,https://doi.org/10.1080/01904167.2022.2155556,2022-12-09,José Lavres Junior,José Lavres Junior (T),T
W4312018484,Ecological co-occurrence and soil physicochemical factors drive the archaeal community in Amazonian soils,https://doi.org/10.1007/s00203-022-03372-0,2022-12-17,Tsai Siu Mui,Tsai Siu Mui (P),P
W4312051889,Palynology of Amicia Kunth. (Leguminosae – Papilionoideae – Dalbergieae – Informal Adesmia clade) set in a systematic and phylogenetic context,https://doi.org/10.1080/00173134.2022.2130011,2022-11-02,Adriana Pinheiro Martinelli,Adriana Pinheiro Martinelli (P),P
W4312051953,"Microprobe-XRF Assessment of Nutrient Distribution in Soybean, Cowpea, and Kidney Bean Seeds: A Fabaceae Family Case Study",https://doi.org/10.1021/acsagscitech.2c00260,2022-12-05,Francisco Scaglia Linhares; Hudson Wallace Pereira de Carvalho,Francisco Scaglia Linhares (P); Hudson Wallace Pereira de Carvalho (T),P+T
W4312079713,Effects of gamma radiation on adults of Sitophilus zeamais Motschulsky (Coleoptera: Curculionidae) and Tribolium castaneum Herbst (Coleoptera: Tenebrionidae) collected in the retail trade in São Paulo/SP city,https://doi.org/10.15392/2319-0612.2022.2086,2022-12-20,Valter Arthur,Valter Arthur (P),P
W4312100075,X-ray Microtomography for Investigating Pore Space and Its Relation to Water Retention and Conduction in Highly Weathered Soils,https://doi.org/10.3390/agriculture13010028,2022-12-22,Thaís Nascimento Pessoa,Thaís Nascimento Pessoa (E),E
W4312200524,"Sustainable Control of Galinsoga parviflora with Oxyfluorfen, Flumioxazin, and Linuron Application in Two Soils Cultivated with Garlic",https://doi.org/10.3390/su142416637,2022-12-12,Kassio Ferreira Mendes,Kassio Ferreira Mendes (E),E
W4312727565,Animal welfare provisions in cattery: an observational study,https://doi.org/10.31893/avr.2022020,2022-01-01,Valter Arthur,Valter Arthur (P),P
W4313245415,Soil Strength and Structural Stability Are Mediated by Soil Organic Matter Composition in Agricultural Expansion Areas of the Brazilian Cerrado Biome,https://doi.org/10.3390/agronomy13010071,2022-12-25,Rafael Silva Santos,Rafael Silva Santos (E),E
W4313259502,Cellulose Acetate Film Containing Bonechar for Removal of Metribuzin from Contaminated Drinking Water,https://doi.org/10.3390/pr11010053,2022-12-26,Kassio Ferreira Mendes,Kassio Ferreira Mendes (E),E
W4313396633,"Hohenbergia erecta (Bromeliaceae: Bromelioideae), a New Once-branched Species from Chapada Diamantina, Bahia State, Brazil",https://doi.org/10.1007/s12042-022-09325-7,2022-12-01,Adriana Pinheiro Martinelli,Adriana Pinheiro Martinelli (P),P
W4313460892,SOYBEAN GENERATIONS UNDER GAMMA RAYS AND EFFECTS ON SEED QUALITY,https://doi.org/10.29393/chjaa38-27ksrd10027,2022-03-01,Valter Arthur,Valter Arthur (P),P
W4313488143,"The full‐length Auxin Response Factor 8 isoform ARF8 .1 controls pollen cell wall formation and directly regulates TDF1 , AMS and MS188 expression",https://doi.org/10.1111/tpj.16089,2023-01-04,Francisco Scaglia Linhares,Francisco Scaglia Linhares (P),P
W4313570778,Thirty-Five Years of Aerosol–PBAP in situ Research in Brazil: The Need to Think outside the Amazonian Box,https://doi.org/10.3390/cli11010017,2023-01-05,Mauricio Cruz Mantoani,Mauricio Cruz Mantoani (E),E
W4313592790,Evaluation of calibration approaches for quantitative analysis of sludge by laser induced breakdown spectrometry,https://doi.org/10.1039/d2ja00292b,2022-10-29,Fabio Rodrigo Piovezani Rocha,Fabio Rodrigo Piovezani Rocha (T),T
W4313788592,Efeito da irradiação gama nas propriedades tecnológicas de amido misto de rizomas primário e secundário de cúrcuma,https://doi.org/10.33448/rsd-v12i1.39583,2023-01-08,Valter Arthur,Valter Arthur (P),P
W4313888402,Oxyfluorfen and Linuron: Residual Effect of Pre-Emergence Herbicides in Three Tropical Soils,https://doi.org/10.3390/agrochemicals2010003,2023-01-09,Kassio Ferreira Mendes,Kassio Ferreira Mendes (E),E
W4313893464,Fermentation box cleaning can impair cacao seed fermentation,https://doi.org/10.1590/fst.109322,2023-01-01,Antonio Vargas de Oliveira Figueira,Antonio Vargas de Oliveira Figueira (P),P
W4315476850,FluxPAW: A standalone software to calculate flux-based plant available water,https://doi.org/10.1016/j.simpa.2023.100464,2023-01-10,Quirijn de Jong van Lier,Quirijn de Jong van Lier (E),E
W4315477625,Effect of selenium and soil pH on cadmium phytoextraction by Urochloa decumbens grown in Oxisol,https://doi.org/10.1016/j.jhazmat.2023.130771,2023-01-10,Francisco Scaglia Linhares; José Lavres Junior,Francisco Scaglia Linhares (P); José Lavres Junior (T),P+T
W4315491704,Intraguild niche partitioning in granivorous birds from the late past,https://doi.org/10.1016/j.avrs.2023.100075,2023-01-01,Marcelo Zacharias Moreira,Marcelo Zacharias Moreira (E),E
W4315703342,"Microbial enzymatic stoichiometry and the acquisition of C, N, and P in soils under different land-use types in Brazilian semiarid",https://doi.org/10.1007/s42832-022-0159-x,2023-01-12,Lucas William Mendes,Lucas William Mendes (P),P
W4317107505,A morphological guide of neotropical freshwater sponge spicules for paleolimnological studies,https://doi.org/10.3389/fevo.2022.1067432,2023-01-18,Luiz Carlos Ruiz Pessenda,Luiz Carlos Ruiz Pessenda (T),T
W4317433938,Pasture management intensification shifts the soil microbiome composition and ecosystem functions,https://doi.org/10.1016/j.agee.2023.108355,2023-01-19,Lucas William Mendes; Tsai Siu Mui,Lucas William Mendes (P); Tsai Siu Mui (P),P
W4317490026,"Computed tomography and radioactive 32P detected phosphorus impairment in metabolism, reduced bones density and animal performance caused by mixed infection of Haemonchus contortus and Trichostrongylus colubriformis in sheep",https://doi.org/10.1016/j.vetpar.2023.109887,2023-01-19,Adibe Luiz Abdalla; Elisabete Aparecida De Nadai Fernandes; Helder Louvandini,Adibe Luiz Abdalla (P); Elisabete Aparecida De Nadai Fernandes (T); Helder Louvandini (P),P+T
W4317521312,Trichostrongylus colubriformis infection damages intestine brush board cells and could negatively impact postabsorptive parameters of Santa Ines lambs,https://doi.org/10.1016/j.exppara.2023.108464,2023-01-20,Adibe Luiz Abdalla; Elisabete Aparecida De Nadai Fernandes; Helder Louvandini,Adibe Luiz Abdalla (P); Elisabete Aparecida De Nadai Fernandes (T); Helder Louvandini (P),P+T
W4317670379,"Seasonal fluctuations of extracellular enzyme activities are related to the biogeochemical cycling of C, N and P in a tropical terra-firme forest",https://doi.org/10.1007/s10533-022-01009-4,2023-01-21,Plínio Barbosa de Camargo,Plínio Barbosa de Camargo (E),E
W4317932362,Exploiting microdistillation and smartphone-based digital-image colorimetry for determination of protein in foods,https://doi.org/10.1016/j.microc.2023.108461,2023-01-25,Fabio Rodrigo Piovezani Rocha; Samara Soares,Fabio Rodrigo Piovezani Rocha (T); Samara Soares (T),T
W4318275229,Soybean sorting based on protein content using X-ray fluorescence spectrometry,https://doi.org/10.1016/j.foodchem.2023.135548,2023-01-28,Hudson Wallace Pereira de Carvalho,Hudson Wallace Pereira de Carvalho (T),T
W4318330211,LEVANTAMENTO FITOSSOCIOLÓGICO DE PLANTAS DANINHAS EM CULTIVOS DE ABACAXI EM DIFERENTES ÉPOCAS,https://doi.org/10.21206/rbas.v11i1.12723,2021-10-30,Kassio Ferreira Mendes,Kassio Ferreira Mendes (E),E
W4318472735,Evaluation of the Toxicity of Microcyclamide Produced by Microcystis aeruginosa in Danio rerio Embryos,https://doi.org/10.3390/toxics11020128,2023-01-29,Ernani Pinto Junior,Ernani Pinto Junior (E),E
W4318778542,The science of urban trees to promote well-being,https://doi.org/10.1007/s00468-023-02389-2,2023-02-01,Giuliano Maselli Locosselli,Giuliano Maselli Locosselli (E),E
W4318826472,Diverse anthropogenic disturbances shift Amazon forests along a structural spectrum,https://doi.org/10.1002/fee.2590,2023-02-01,Plínio Barbosa de Camargo,Plínio Barbosa de Camargo (E),E
W4318996238,Rainfall effects on vertical profiles of airborne fungi over a mixed land-use context at the Brazilian Atlantic Forest biodiversity hotspot,https://doi.org/10.1016/j.agrformet.2023.109352,2023-02-02,Mauricio Cruz Mantoani,Mauricio Cruz Mantoani (E),E
W4318997593,Potential of Chloroleucon acacioides trees as an alternative feed supplement for grazing ruminants in a tropical silvopastoral system,https://doi.org/10.1016/j.jafr.2023.100524,2023-02-02,Adibe Luiz Abdalla; Helder Louvandini,Adibe Luiz Abdalla (P); Helder Louvandini (P),P
W4319034688,Exploring the Relationship between Biosynthetic Gene Clusters and Constitutive Production of Mycosporine-like Amino Acids in Brazilian Cyanobacteria,https://doi.org/10.3390/molecules28031420,2023-02-02,Ernani Pinto Junior; Marli de Fatima Fiore,Ernani Pinto Junior (E); Marli de Fatima Fiore (P),P+E
W4319159728,Functionality of methane cycling microbiome during methane flux hot moments from riparian buffer systems,https://doi.org/10.1016/j.scitotenv.2023.161921,2023-02-03,Tsai Siu Mui,Tsai Siu Mui (P),P
W4319298645,Organic C Fractions in Topsoil under Different Management Systems in Northeastern Brazil,https://doi.org/10.3390/soilsystems7010011,2023-02-05,Lucas William Mendes,Lucas William Mendes (P),P
W4319318340,Closed-Vessel Conductively Heated Digestion System for the Elemental Analysis of Agricultural Materials by High-Resolution Continuum Source Flame Atomic Absorption Spectrometry (HR-CS FAAS),https://doi.org/10.1080/00032719.2023.2174133,2023-02-06,Alex Virgilio,Alex Virgilio (T),T
W4320487334,Selective sorption and desorption of DOM in Podzol horizons — DOC and aluminium contents of leachates from a column experiment,https://doi.org/10.1016/j.scitotenv.2023.162234,2023-02-13,Plínio Barbosa de Camargo,Plínio Barbosa de Camargo (E),E
W4320493959,Macroalgae and Microalgae Biomass as Feedstock for Products Applied to Bioenergy and Food Industry: A Brief Review,https://doi.org/10.3390/en16041820,2023-02-11,Ernani Pinto Junior,Ernani Pinto Junior (E),E
W4321019949,StochHyProp: A software to generate stochastic realizations of correlated parameters dedicated to soil hydraulic properties,https://doi.org/10.1016/j.simpa.2023.100483,2023-02-16,Quirijn de Jong van Lier,Quirijn de Jong van Lier (E),E
W4321372832,Silicon application influences the prokaryotic communities in the rhizosphere of sugarcane genotypes,https://doi.org/10.1016/j.apsoil.2023.104818,2023-02-20,Lucas William Mendes,Lucas William Mendes (P),P
W4321498454,Fungal identification in peanuts seeds through multispectral images: Technological advances to enhance sanitary quality,https://doi.org/10.3389/fpls.2023.1112916,2023-02-22,Thiago de Araújo Mastrangelo; Valter Arthur,Thiago de Araújo Mastrangelo (P); Valter Arthur (P),P
W4322490058,Plasticity in resource use explains the persistence of the largest living rodent in anthropized environments,https://doi.org/10.1111/jzo.13057,2023-02-27,Marcelo Zacharias Moreira,Marcelo Zacharias Moreira (E),E
W4322581227,Peanut and sorghum are excellent phytoremediators of 14C-tebuthiuron in herbicide-contaminated soil,https://doi.org/10.51694/advweedsci/2023;41:00002,2023-01-01,Kassio Ferreira Mendes,Kassio Ferreira Mendes (E),E
W4322740779,"Content of Lipids, Fatty Acids, Carbohydrates, and Proteins in Continental Cyanobacteria: A Systematic Analysis and Database Application",https://doi.org/10.3390/app13053162,2023-03-01,Ernani Pinto Junior,Ernani Pinto Junior (E),E
W4323315068,Soybean Seed Enrichment with Cobalt and Molybdenum as an Alternative to Conventional Seed Treatment,https://doi.org/10.3390/plants12051164,2023-03-03,Cassio Hamilton Abreu Junior,Cassio Hamilton Abreu Junior (P),P
W4323343349,Genome editing in maize: Toward improving complex traits in a global crop,https://doi.org/10.1590/1678-4685-gmb-2022-0217,2023-01-01,José Hernandes Lopes Filho,José Hernandes Lopes Filho (P),P
W4323544607,Selenium Increases Ureide Metabolism and Yield of Cowpea Plants: Examining Se Distribution in Leaves and Seeds Using Microprobe X-Ray Fluorescence Spectroscopy,https://doi.org/10.1007/s10343-023-00840-5,2023-03-08,Hudson Wallace Pereira de Carvalho,Hudson Wallace Pereira de Carvalho (T),T
W4323664974,Physicochemical and bacterial changes during composting of vegetable and animal-derived agro-industrial wastes,https://doi.org/10.1016/j.biortech.2023.128842,2023-03-09,Lucas William Mendes,Lucas William Mendes (P),P
W4323811909,Shifts in functional traits and interactions patterns of soil methane‐cycling communities following forest‐to‐pasture conversion in the Amazon Basin,https://doi.org/10.1111/mec.16912,2023-03-10,Lucas William Mendes; Plínio Barbosa de Camargo; Tsai Siu Mui,Lucas William Mendes (P); Plínio Barbosa de Camargo (E); Tsai Siu Mui (P),P+E
W4323928561,Isotopic characterization of Brazilian ketchup: Is tomato its main ingredient?,https://doi.org/10.1016/j.jfca.2023.105275,2023-03-11,Luiz Antonio Martinelli; Marcelo Zacharias Moreira; Plínio Barbosa de Camargo,Luiz Antonio Martinelli (E); Marcelo Zacharias Moreira (E); Plínio Barbosa de Camargo (E),E
W4324057452,Constructed Technosols as a Soil Rebuilding Technique to Reclaim Abandoned Limestone Quarries in the Mediterranean Region: A Field Study,https://doi.org/10.3390/su15065036,2023-03-12,Cassio Hamilton Abreu Junior,Cassio Hamilton Abreu Junior (P),P
W4324141097,Cellulose Acetate Microbeads for Controlled Delivery of Essential Micronutrients,https://doi.org/10.1021/acssuschemeng.2c07269,2023-03-14,Hudson Wallace Pereira de Carvalho,Hudson Wallace Pereira de Carvalho (T),T
W4324355698,"Soil management effects of extensive pastures, intensive pastures and sugarcane crops on the availability of metals and nutrients in freshwater: A realistic mesocosm approach",https://doi.org/10.1016/j.agee.2023.108473,2023-03-14,Luiz Antonio Martinelli,Luiz Antonio Martinelli (E),E
W4327693045,Environmental forensics evaluation of residual soybean sludge using trees of Brazilian savannah,https://doi.org/10.1016/j.enmm.2023.100814,2023-03-17,Hudson Wallace Pereira de Carvalho,Hudson Wallace Pereira de Carvalho (T),T
W4327698559,Practical Knowledge of Injuries Caused by Simulated Herbicide Drift in Young Tomato Plants,https://doi.org/10.3390/agrochemicals2010011,2023-03-16,Kassio Ferreira Mendes,Kassio Ferreira Mendes (E),E
W4327812994,Composition and Flux of Dissolved and Particulate Carbon and Nitrogen in the Lower Tocantins River,https://doi.org/10.5281/zenodo.7749272,2022-02-08,Alex Vladimir Krusche; Maria Gabriella da Silva Araújo,Alex Vladimir Krusche (E); Maria Gabriella da Silva Araújo (E),E
W4360819719,Planting nitrogen-fixing trees in tropical Eucalyptus plantations does not increase nutrient losses through drainage,https://doi.org/10.1016/j.foreco.2023.120940,2023-03-24,Alex Vladimir Krusche,Alex Vladimir Krusche (E),E
W4360939760,Amazon Biobank: a collaborative genetic database for bioeconomy development,https://doi.org/10.1007/s10142-023-01015-1,2023-03-25,Diego Mauricio Riaño Pachón,Diego Mauricio Riaño Pachón (P),P
W4360955148,Toxicological effects of cyanobacterial metabolites on zebrafish larval development,https://doi.org/10.1016/j.hal.2023.102430,2023-03-25,Ernani Pinto Junior,Ernani Pinto Junior (E),E
W4361253344,Residual effect of pyroxasulphone and pyroxasulphone + flumioxazin on contrasting soils,https://doi.org/10.53660/clm-1034-23c50,2023-03-30,Kassio Ferreira Mendes,Kassio Ferreira Mendes (E),E
W4361285496,Authentication of beef cuts by multielement and machine learning approaches,https://doi.org/10.1016/j.jtemb.2023.127164,2023-03-29,Elisabete Aparecida De Nadai Fernandes,Elisabete Aparecida De Nadai Fernandes (T),T
W4362464870,Competitive skill of Paspalum virgatum L.e o Panicum maximum cv. Mombaça in different soil fertilities,https://doi.org/10.53660/clm-1048-23c61,2023-03-31,Kassio Ferreira Mendes,Kassio Ferreira Mendes (E),E
W4362467286,In Vitro Degradability and Methane Production from By-Products Fed to Ruminants,https://doi.org/10.3390/agronomy13041043,2023-03-31,Adibe Luiz Abdalla; Helder Louvandini,Adibe Luiz Abdalla (P); Helder Louvandini (P),P
W4362467497,Growth and development of Paspalum virgatum L.,https://doi.org/10.53660/clm-1066-23c69,2023-03-31,Kassio Ferreira Mendes,Kassio Ferreira Mendes (E),E
W4362472649,Effect of sowing depth and soil cover on Paspalum virgatum L. seedling emergence,https://doi.org/10.53660/clm-1065-23c68,2023-03-31,Kassio Ferreira Mendes,Kassio Ferreira Mendes (E),E
W4362576799,Short-term responses of plant growth-promoting bacterial community to the herbicides imazethapyr and flumioxazin,https://doi.org/10.1016/j.chemosphere.2023.138581,2023-04-03,Lucas William Mendes,Lucas William Mendes (P),P
W4362582858,Intracellular microcystins degradation and acute toxicity decrease towards Daphnia similis by low electron-beam irradiation doses,https://doi.org/10.1016/j.algal.2023.103086,2023-04-03,Ernani Pinto Junior,Ernani Pinto Junior (E),E
W4362591337,Analysis of Total Soil Nutrient Content with X-ray Fluorescence Spectroscopy (XRF): Assessing Different Predictive Modeling Strategies and Auxiliary Variables,https://doi.org/10.3390/agriengineering5020043,2023-04-01,Hudson Wallace Pereira de Carvalho,Hudson Wallace Pereira de Carvalho (T),T
W4362630950,Photosynthetic pigments and photoprotective metabolites of Colombian pacific marine macroalgae in response to contrasting ultraviolet-index periods,https://doi.org/10.1016/j.jembe.2023.151908,2023-04-05,Ernani Pinto Junior,Ernani Pinto Junior (E),E
W4362631488,Atlantic ITCZ variability during the Holocene based on high-resolution speleothem isotope records from northern Venezuela,https://doi.org/10.1016/j.quascirev.2023.108056,2023-04-05,Marília Campos,Marília Campos (T),T
W4362636670,Chronic alcohol administration alters metabolomic profile of murine bone marrow,https://doi.org/10.3389/fimmu.2023.1128352,2023-04-05,Ernani Pinto Junior,Ernani Pinto Junior (E),E
W4363677215,Exploiting chemometrics for screening analysis by near-infrared spectroscopy without the support of reference analytical methods: Application to bulk sweeteners,https://doi.org/10.1016/j.microc.2023.108732,2023-04-10,Fabio Rodrigo Piovezani Rocha,Fabio Rodrigo Piovezani Rocha (T),T
W4365448570,Goosegrass ( Eleusine indica ) resistant to multiple herbicide modes of action in Brazil,https://doi.org/10.1017/wsc.2023.18,2023-04-13,Tsai Siu Mui,Tsai Siu Mui (P),P
W4366418495,Digital mapping of the soil available water capacity: tool for the resilience of agricultural systems to climate change,https://doi.org/10.1016/j.scitotenv.2023.163572,2023-04-19,Quirijn de Jong van Lier,Quirijn de Jong van Lier (E),E
W4366506444,Natural grassland conversion to cultivated pastures increases soil microbial niche specialization with consequences for ecological processes,https://doi.org/10.1016/j.apsoil.2023.104913,2023-04-20,Lucas William Mendes,Lucas William Mendes (P),P
W4366688265,"Assessment the Impacts of Sea-Level Changes on Mangroves of Ceará-Mirim Estuary, Northeastern Brazil, during the Holocene and Anthropocene",https://doi.org/10.3390/plants12081721,2023-04-20,Luiz Carlos Ruiz Pessenda,Luiz Carlos Ruiz Pessenda (T),T
W4367043175,Fine root dynamics in a tropical integrated crop-livestock-forestry system,https://doi.org/10.1016/j.rhisph.2023.100695,2023-04-26,Plínio Barbosa de Camargo,Plínio Barbosa de Camargo (E),E
W4367049729,Basin-wide variation in tree hydraulic safety margins predicts the carbon balance of Amazon forests,https://doi.org/10.1038/s41586-023-05971-3,2023-04-26,Plínio Barbosa de Camargo,Plínio Barbosa de Camargo (E),E
W4367172761,Resolving Confusion Surrounding d ‐Ala‐ d ‐Ala Ligase Catalysis in Cyanobacterial Mycosporine‐Like Amino Acid (MAA) Biosynthesis,https://doi.org/10.1002/cbic.202300158,2023-04-27,Marli de Fatima Fiore,Marli de Fatima Fiore (P),P
W4367396377,"Weathering and mineral alteration of metamorphic rocks and genesis of Planosols along a rainfall gradient in Borborema Province, Northeast Brazil",https://doi.org/10.1016/j.geodrs.2023.e00642,2023-04-29,Plínio Barbosa de Camargo,Plínio Barbosa de Camargo (E),E
W4367839006,Seasonal variation of the rhizosphere soil aggregation in an Oxisol,https://doi.org/10.1016/j.still.2023.105741,2023-05-03,Thaís Nascimento Pessoa,Thaís Nascimento Pessoa (E),E
W4367847736,Ecotoxicological assessment of guanitoxin-producing cyanobacteria in Danio rerio and Daphnia similis,https://doi.org/10.1016/j.chemosphere.2023.138846,2023-05-03,Ernani Pinto Junior,Ernani Pinto Junior (E),E
W4372194348,Purine derivatives and creatinine urine excretion as a tool to estimate sheep feed intake,https://doi.org/10.1016/j.anifeedsci.2023.115666,2023-05-05,Adibe Luiz Abdalla; Helder Louvandini,Adibe Luiz Abdalla (P); Helder Louvandini (P),P
W4372403988,Community reorganization stabilizes freshwater ecosystems in intensively managed agricultural fields,https://doi.org/10.1111/1365-2664.14423,2023-05-05,Luiz Antonio Martinelli,Luiz Antonio Martinelli (E),E
W4375859425,Mycorrhizal symbiosis alleviates Mn toxicity and downregulates Mn transporter genes in Eucalyptus tereticornis under contrasting soil phosphorus,https://doi.org/10.1007/s11104-023-06024-4,2023-05-08,Hudson Wallace Pereira de Carvalho,Hudson Wallace Pereira de Carvalho (T),T
W4375866995,Drought-triggered leaf transcriptional responses disclose key molecular pathways underlying leaf water use efficiency in sugarcane (Saccharum spp.),https://doi.org/10.3389/fpls.2023.1182461,2023-05-08,Antonio Vargas de Oliveira Figueira,Antonio Vargas de Oliveira Figueira (P),P
W4376149560,"3,4-Dimethylpyrazole Phosphate Applied on Ammonium Sulfate Nitrate and Urea Reduces the Nitrification Process in Three Tropical Soils: An Incubation Study",https://doi.org/10.1080/00103624.2023.2211092,2023-05-11,José Lavres Junior,José Lavres Junior (T),T
W4376253629,Sustainable irrigation management in tropical lowland rice in Brazil,https://doi.org/10.1016/j.agwat.2023.108345,2023-05-12,Quirijn de Jong van Lier,Quirijn de Jong van Lier (E),E
W4376609037,Measuring water retention in undisturbed samples of stony soils,https://doi.org/10.1590/1678-992x-2022-0145,2023-01-01,Quirijn de Jong van Lier,Quirijn de Jong van Lier (E),E
W4376611836,From Feasting to Fasting: The Arginine Pathway as a Metabolic Switch in Nitrogen-Deprived Chlamydomonas reinhardtii,https://doi.org/10.3390/cells12101379,2023-05-13,Flavia Vischi Winck,Flavia Vischi Winck (P),P
W4376649108,"The role of land use, management, and microbial diversity depletion on glyphosate biodegradation in tropical soils",https://doi.org/10.1016/j.envres.2023.116178,2023-05-16,Valdemar Luiz Tornisielo,Valdemar Luiz Tornisielo (E),E
W4376649202,Forest restoration rehabilitates soil multifunctionality in riparian zones of sugarcane production landscapes,https://doi.org/10.1016/j.scitotenv.2023.164175,2023-05-16,Lucas William Mendes; Plínio Barbosa de Camargo; Tsai Siu Mui,Lucas William Mendes (P); Plínio Barbosa de Camargo (E); Tsai Siu Mui (P),P+E
W4377164052,Particle arrangement and internal porosity of coarse fragments affect water retention in stony soils,https://doi.org/10.1111/ejss.13382,2023-05-01,Quirijn de Jong van Lier,Quirijn de Jong van Lier (E),E
W4377565557,"Physiological responses of plants to in vivo X-ray damage from X-ray fluorescence measurements: insights from anatomical, elemental, histochemical, and ultrastructural analyses",https://doi.org/10.1093/mtomcs/mfad034,2023-05-22,Hudson Wallace Pereira de Carvalho,Hudson Wallace Pereira de Carvalho (T),T
W4377694875,The concept of mineral plant nutrient in the light of evolution,https://doi.org/10.1016/j.plantsci.2023.111747,2023-05-23,José Lavres Junior,José Lavres Junior (T),T
W4377965302,Higher lime rates for greater nitrogen recovery: A long-term no-till experiment labeled with 15N,https://doi.org/10.1016/j.fcr.2023.108971,2023-05-24,Eduardo Mariano,Eduardo Mariano (T),T
W4377968901,Response of two cyanobacterial strains to non-biodegradable glitter particles,https://doi.org/10.1016/j.aquatox.2023.106590,2023-05-24,Marli de Fatima Fiore,Marli de Fatima Fiore (P),P
W4378072205,Microbial metabolic activity in Amazon floodplain forest and agricultural soils,https://doi.org/10.3389/fmicb.2023.1144062,2023-05-24,Tsai Siu Mui,Tsai Siu Mui (P),P
W4378417616,Links between precipitation patterns over eastern tropical South America and productivity in the western tropical South Atlantic Ocean during the last deglacial,https://doi.org/10.1016/j.quaint.2023.05.012,2023-05-26,Marília Campos,Marília Campos (T),T
W4378450615,Towards rapid analysis with XRF sensor for assessing soil fertility attributes: Effects of dwell time reduction,https://doi.org/10.1016/j.still.2023.105768,2023-05-23,Hudson Wallace Pereira de Carvalho,Hudson Wallace Pereira de Carvalho (T),T
W4378530248,A cost-effective microfluidic device for determination of biodiesel content in diesel blends,https://doi.org/10.1016/j.snb.2023.134033,2023-05-27,Fabio Rodrigo Piovezani Rocha; Samara Soares,Fabio Rodrigo Piovezani Rocha (T); Samara Soares (T),T
W4378832589,Effect of pre-chlorination on Microcystis aeruginosa cell integrity and microcystins removal,https://doi.org/10.1080/1573062x.2023.2218347,2023-05-30,Ernani Pinto Junior,Ernani Pinto Junior (E),E
W4378981372,Soil microbes under threat in the Amazon Rainforest,https://doi.org/10.1016/j.tree.2023.04.014,2023-06-01,Tsai Siu Mui,Tsai Siu Mui (P),P
W4380225192,Common Bean Productivity and Micronutrients in the Soil–Plant System under Residual Applications of Composted Sewage Sludge,https://doi.org/10.3390/plants12112153,2023-05-30,Cassio Hamilton Abreu Junior,Cassio Hamilton Abreu Junior (P),P
W4380363645,Composition and Flux of Dissolved and Particulate Carbon and Nitrogen in the Lower Tocantins River,https://doi.org/10.1029/2022jg006846,2023-06-01,Alex Vladimir Krusche; Maria Gabriella da Silva Araújo,Alex Vladimir Krusche (E); Maria Gabriella da Silva Araújo (E),E
W4380570779,In‐house manufactured benchtop XRF spectrometer,https://doi.org/10.1002/xrs.3375,2023-06-14,Alex Virgilio; Hudson Wallace Pereira de Carvalho,Alex Virgilio (T); Hudson Wallace Pereira de Carvalho (T),T
W4380742347,Exploring the diversity and composition of soil microbial communities in different soybean-maize management systems,https://doi.org/10.1016/j.micres.2023.127435,2023-06-15,Lucas William Mendes,Lucas William Mendes (P),P
W4380997907,Closed-Vessel Conductively Heated Digestion of Dry Dog Food for Spectrometric Determination of Essential Nutrients,https://doi.org/10.30744/brjac.2179-3425.ar-4-2023,2023-06-02,Alex Virgilio,Alex Virgilio (T),T
W4381248885,Climatic regulation of the non-structural and structural carbon in the pioneer Senna multijuga and non-pioneer Hymenaea aurea trees of a humid tropical rainforest,https://doi.org/10.1007/s00468-023-02427-z,2023-06-19,Giuliano Maselli Locosselli,Giuliano Maselli Locosselli (E),E
W4381620850,"Radiometric strategy to track nanopesticides: An important approach to understand the fate, mechanisms of action and toxicity",https://doi.org/10.1016/j.trac.2023.117156,2023-06-22,Valdemar Luiz Tornisielo,Valdemar Luiz Tornisielo (E),E
W4381664474,Environmental adaptations by the intertidal Antarctic cyanobacterium Halotia branconii CENA392 as revealed using long‐read genome sequencing,https://doi.org/10.1002/lol2.10337,2023-06-20,Ernani Pinto Junior; Marli de Fatima Fiore,Ernani Pinto Junior (E); Marli de Fatima Fiore (P),P+E
W4381684527,Diversity of viruses and viroids in the rhizosphere of common bean cultivars differing in resistance to the fungal root pathogen Fusarium oxysporum,https://doi.org/10.1016/j.apsoil.2023.105018,2023-06-22,Lucas William Mendes; Tsai Siu Mui,Lucas William Mendes (P); Tsai Siu Mui (P),P
W4381929523,Interkingdom interaction: the soil isopod Porcellio scaber stimulates the methane-driven bacterial and fungal interaction,https://doi.org/10.1038/s43705-023-00271-3,2023-06-24,Lucas William Mendes,Lucas William Mendes (P),P
W4381930968,Influence of Chemical Control on the Floristic Composition of Weeds in the Initial and Pre-Harvest Development Stages of the Sunflower Crop,https://doi.org/10.3390/agrochemicals2020014,2023-05-15,Kassio Ferreira Mendes,Kassio Ferreira Mendes (E),E
W4382007801,Amazonian dark earths enhance the establishment of tree species in forest ecological restoration,https://doi.org/10.3389/fsoil.2023.1161627,2023-05-05,Tsai Siu Mui,Tsai Siu Mui (P),P
W4382198237,Fate of fertilizer N applied to maize intercropped with forage grass and recovery of residual N by soybean in a double cropping system,https://doi.org/10.1007/s11104-023-06139-8,2023-06-27,Eduardo Mariano,Eduardo Mariano (T),T
W4382334892,"Draft Genome Sequences of representative Paenibacillus Polymyxa, Bacillus cereus, Fictibacillus sp., and Brevibacillus agri Strains Isolated from Amazonian Dark Earth",https://doi.org/10.5281/zenodo.8087953,2023-06-27,Lucas William Mendes,Lucas William Mendes (P),P
W4382402737,"Absorption, Translocation, and Metabolism of Glyphosate and Imazethapyr in Smooth Pigweed with Multiple Resistance",https://doi.org/10.3390/agronomy13071720,2023-06-27,Valdemar Luiz Tornisielo,Valdemar Luiz Tornisielo (E),E
W4382402836,Cover Crop Straw Interferes in the Retention and Availability of Diclosulam and Diuron in the Environment,https://doi.org/10.3390/agronomy13071725,2023-06-27,Valdemar Luiz Tornisielo,Valdemar Luiz Tornisielo (E),E
W4382405140,Bioaccumulation and speciation of arsenic in plankton from tropical soda lakes along a salinity gradient,https://doi.org/10.1016/j.scitotenv.2023.165189,2023-06-28,Marli de Fatima Fiore,Marli de Fatima Fiore (P),P
W4382449070,Weed Control and Selectivity of Four Herbicides Applied in Pre-Emergence on Two Sunflower Cultivars,https://doi.org/10.3390/crops3020014,2023-05-04,Kassio Ferreira Mendes,Kassio Ferreira Mendes (E),E
W4382654406,Resource recovery of biological residues from the Brazilian poultry industry in mitigating environmental impacts: A life cycle assessment (LCA) approach,https://doi.org/10.1016/j.jclepro.2023.137895,2023-06-30,Cassio Hamilton Abreu Junior,Cassio Hamilton Abreu Junior (P),P
W4382933876,"Phytoliths, δ¹³C and Charcoal: holocene environmental memories from a paleogully in northwestern Paraná State",https://doi.org/10.20502/rbg.v24i00.2328,2023-07-03,Plínio Barbosa de Camargo,Plínio Barbosa de Camargo (E),E
W4382988702,A cylindrospermopsin-producing cyanobacterium isolated from a microbial mat in the Baltic Sea,https://doi.org/10.1016/j.toxicon.2023.107205,2023-07-03,Marli de Fatima Fiore,Marli de Fatima Fiore (P),P
W4383103729,"Diuron, hexazinone, and sulfometuron-methyl applied alone and in mixture in soils: Distribution of extractable residue, bound residue, biodegradation, and mineralization",https://doi.org/10.1016/j.heliyon.2023.e17817,2023-07-01,Kassio Ferreira Mendes; Valdemar Luiz Tornisielo,Kassio Ferreira Mendes (E); Valdemar Luiz Tornisielo (E),E
W4383186818,Reshaping the research landscape in Brazil,https://doi.org/10.7554/elife.90533,2023-06-28,Flavia Vischi Winck,Flavia Vischi Winck (P),P
W4383221965,"Long term co-application of lime and phosphogypsum increases 15 N recovery and reduces 15 N losses by modulating soil nutrient availability, crop growth and N cycle genes",https://doi.org/10.1016/j.eja.2023.126907,2023-07-05,Eduardo Mariano,Eduardo Mariano (T),T
W4383368440,Digital-image photometry and salting-out assisted liquid-liquid microextraction for determination of flavonols in berries,https://doi.org/10.1016/j.jfca.2023.105515,2023-07-06,Fabio Rodrigo Piovezani Rocha; Samara Soares,Fabio Rodrigo Piovezani Rocha (T); Samara Soares (T),T
W4383371756,Evaluating the temporal patterns of land use and precipitation under desertification in the semi-arid region of Brazil,https://doi.org/10.1016/j.ecoinf.2023.102192,2023-07-06,Maria Victoria Ramos Ballester; Plínio Barbosa de Camargo,Maria Victoria Ramos Ballester (E); Plínio Barbosa de Camargo (E),E
W4383503720,Multi-energy calibration for determining critical metals in nickel-metal hydride battery residues by microwave-induced plasma atomic emission spectrometry,https://doi.org/10.1039/d3ay01035j,2023-01-01,Fabio Rodrigo Piovezani Rocha,Fabio Rodrigo Piovezani Rocha (T),T
W4383549952,Pyrolysis Temperature vs. Application Rate of Biochar Amendments: Impacts on Soil Microbiota and Metribuzin Degradation,https://doi.org/10.3390/ijms241311154,2023-07-06,Kassio Ferreira Mendes,Kassio Ferreira Mendes (E),E
W4383710071,Oxidation of chlortetracycline and its isomers by Botrytis aclada laccase in the absence of mediators: pH dependence and identification of transformation products by LC–MS,https://doi.org/10.1007/s10532-023-10046-1,2023-07-10,Ernani Pinto Junior,Ernani Pinto Junior (E),E
W4383817592,Foliar Calcium Absorption by Tomato Plants: Comparing the Effects of Calcium Sources and Adjuvant Usage,https://doi.org/10.3390/plants12142587,2023-07-08,Hudson Wallace Pereira de Carvalho,Hudson Wallace Pereira de Carvalho (T),T
W4383873173,Egeria densa remediates the aquatic environment and reduces 14C-deltamethrin bioaccumulation in Danio rerio,https://doi.org/10.1080/03601234.2023.2232277,2023-06-03,Kassio Ferreira Mendes; Valdemar Luiz Tornisielo,Kassio Ferreira Mendes (E); Valdemar Luiz Tornisielo (E),E
W4383875873,Mechanistic and Structural Insights into a Divergent PLP-Dependent l -Enduracididine Cyclase from a Toxic Cyanobacterium,https://doi.org/10.1021/acscatal.3c01294,2023-07-11,Marli de Fatima Fiore,Marli de Fatima Fiore (P),P
W4384436163,"Linking above and belowground carbon sequestration, soil organic matter properties, and soil health in Brazilian Atlantic Forest restoration",https://doi.org/10.1016/j.jenvman.2023.118573,2023-07-15,Lucas William Mendes; Plínio Barbosa de Camargo; Tsai Siu Mui,Lucas William Mendes (P); Plínio Barbosa de Camargo (E); Tsai Siu Mui (P),P+E
W4384830493,Pervasive gaps in Amazonian ecological research,https://doi.org/10.1016/j.cub.2023.06.077,2023-07-19,Plínio Barbosa de Camargo,Plínio Barbosa de Camargo (E),E
W4384937056,Computed tomography revealed that bone density in lambs was affected by Trichostrongylus colubriformis infection,https://doi.org/10.1016/j.smallrumres.2023.107044,2023-07-20,Adibe Luiz Abdalla; Helder Louvandini,Adibe Luiz Abdalla (P); Helder Louvandini (P),P
W4384949911,Biomass accumulation and growth curve in sugarcane fertigated with nitrogen doses,https://doi.org/10.21475/ajcs.23.17.03.p3079,2023-03-03,Eduardo Mariano; Paulo César Ocheuze Trivelin,Eduardo Mariano (T); Paulo César Ocheuze Trivelin (T),T
W4385012128,Unfolding the Dynamics of Mineral Nutrients and Major Storage Protein Fractions during Soybean Seed Development,https://doi.org/10.1021/acsagscitech.3c00125,2023-07-21,Francisco Scaglia Linhares; Hudson Wallace Pereira de Carvalho,Francisco Scaglia Linhares (P); Hudson Wallace Pereira de Carvalho (T),P+T
W4385240998,Improved calculation of soil hydraulic conductivity with the simplified evaporation method,https://doi.org/10.1002/vzj2.20267,2023-07-25,Quirijn de Jong van Lier,Quirijn de Jong van Lier (E),E
W4385421408,Bioaccumulation and Depletion of the Antibiotic Sulfadiazine 14C in Lambari (Astyanax bimaculatus),https://doi.org/10.3390/ani13152464,2023-07-30,Helder Louvandini; Valdemar Luiz Tornisielo,Helder Louvandini (P); Valdemar Luiz Tornisielo (E),P+E
W4385458473,Spatial variability mapping of indaziflam and metribuzin sorption–desorption for precision weed control,https://doi.org/10.1007/s11119-023-10056-2,2023-08-01,Kassio Ferreira Mendes,Kassio Ferreira Mendes (E),E
W4385502173,Impact of the fungal pathogen Fusarium oxysporum on the taxonomic and functional diversity of the common bean root microbiome,https://doi.org/10.1186/s40793-023-00524-7,2023-08-03,Lucas William Mendes; Tsai Siu Mui,Lucas William Mendes (P); Tsai Siu Mui (P),P
W4385506913,"Soil organic matter stabilization during early stages of Technosol development from Ca, Mg and pyrite-rich parent material",https://doi.org/10.1016/j.catena.2023.107435,2023-08-01,Plínio Barbosa de Camargo,Plínio Barbosa de Camargo (E),E
W4385552479,Biochar and Trichoderma as an Eco-friendly and Low-Cost Alternative to Improve Soil Chemical and Biological Properties,https://doi.org/10.1007/s12649-023-02240-2,2023-08-03,Lucas William Mendes,Lucas William Mendes (P),P
W4385569224,"P6 In vitro degradability, gas and methane production of brewery residues and its potential in small ruminants[StQuote] diets",https://doi.org/10.1016/j.anscip.2023.04.101,2023-07-01,Adibe Luiz Abdalla; Helder Louvandini,Adibe Luiz Abdalla (P); Helder Louvandini (P),P
W4385634108,The study of pollen grains as a contribution to the taxonomy of Nissolia (Leguminosae – Papilionoideae – Dalbergieae),https://doi.org/10.1080/00173134.2023.2227190,2023-05-04,Adriana Pinheiro Martinelli,Adriana Pinheiro Martinelli (P),P
W4385694211,Dendrochronological advances in the tropical and subtropical Americas: Research priorities and future directions,https://doi.org/10.1016/j.dendro.2023.126124,2023-08-09,Giuliano Maselli Locosselli,Giuliano Maselli Locosselli (E),E
W4385707253,Can flowers help to disentangle the Vriesea oligantha complex (Bromeliaceae: Tillandsioideae)? Taxonomic implications and contributions to the floral anatomy and biology of Stigmatodon,https://doi.org/10.1093/botlinnean/boad042,2023-08-09,Adriana Pinheiro Martinelli,Adriana Pinheiro Martinelli (P),P
W4385880068,Trophic dynamics of methylmercury and trace elements in a remote Amazonian Lake,https://doi.org/10.1016/j.envres.2023.116889,2023-08-16,Plínio Barbosa de Camargo,Plínio Barbosa de Camargo (E),E
W4385880192,Digital-image eco-friendly spot test with liquid–liquid microextraction for selective determination of flavonols in berries,https://doi.org/10.1016/j.microc.2023.109207,2023-08-16,Fabio Rodrigo Piovezani Rocha; Samara Soares,Fabio Rodrigo Piovezani Rocha (T); Samara Soares (T),T
W4385897280,Making sense of complexity: Advances in bioinformatics for plant biology,https://doi.org/10.1002/aps3.11538,2023-07-01,Diego Mauricio Riaño Pachón,Diego Mauricio Riaño Pachón (P),P
W4386085732,Investigating the effects of Brachiaria (Syn. Urochloa) varieties on soil properties and microbiome,https://doi.org/10.1007/s11104-023-06225-x,2023-08-23,Lucas William Mendes; Tsai Siu Mui,Lucas William Mendes (P); Tsai Siu Mui (P),P
W4386134181,"Sorption, leaching, and degradation of dicamba in two Brazilian soils: A study into soil layers",https://doi.org/10.1016/j.cropro.2023.106393,2023-08-24,Kassio Ferreira Mendes,Kassio Ferreira Mendes (E),E
W4386158389,AVALIAÇÃO DO CULTIVO DA PITAYA EM UNIDADES DE PRODUTORES FAMILIARES DE FRUTICULTURA NO MUNICÍPIO DE SANTARÉM-PARÁ,https://doi.org/10.56083/rcv3n8-158,2023-08-25,Plínio Barbosa de Camargo,Plínio Barbosa de Camargo (E),E
W4386246739,"Impact of Leifsonia xyli subsp. xyli titer on nutritional status, and metabolism of sugar cane",https://doi.org/10.1007/s11104-023-06230-0,2023-08-29,José Lavres Junior,José Lavres Junior (T),T
W4386263013,Feasibility of laser-induced breakdown spectroscopy for determination of neodymium in magnet alloys,https://doi.org/10.1039/d3ja00152k,2023-01-01,Fabio Rodrigo Piovezani Rocha,Fabio Rodrigo Piovezani Rocha (T),T
W4386368680,Efeito do ambiente sobre as respostas fisiológicas de caprinos criados em clima quente recebendo diferentes fontes de volumoso,https://doi.org/10.33448/rsd-v12i8.42657,2023-08-30,Adibe Luiz Abdalla,Adibe Luiz Abdalla (P),P
W4386385333,Thermodynamic air-sea equilibration controls carbon isotopic composition of the South Atlantic thermocline during the last glacial period,https://doi.org/10.1016/j.gloplacha.2023.104223,2023-09-01,Marília Campos,Marília Campos (T),T
W4386423730,Sensitivity of South American tropical forests to an extreme climate anomaly,https://doi.org/10.1038/s41558-023-01776-4,2023-09-01,Plínio Barbosa de Camargo,Plínio Barbosa de Camargo (E),E
W4386424292,Abomasal RNA-seq reveals a strong local cellular response in suckling lambs with resistance against Haemonchus contortus,https://doi.org/10.1016/j.ijpara.2023.06.008,2023-09-04,Helder Louvandini,Helder Louvandini (P),P
W4386447238,A rapid LC-MS/MS method for multi-class identification and quantification of cyanotoxins,https://doi.org/10.1016/j.toxicon.2023.107282,2023-09-05,Ernani Pinto Junior,Ernani Pinto Junior (E),E
W4386466087,Direct Determination of the Aluminum Content in Antiperspirants Using Digital Image Colorimetry,https://doi.org/10.1002/slct.202301322,2023-09-04,Alex Virgilio,Alex Virgilio (T),T
W4386574127,Lethal and sublethal effects towards zebrafish larvae of microcystins and other cyanopeptides produced by cyanobacteria,https://doi.org/10.1016/j.aquatox.2023.106689,2023-09-09,Ernani Pinto Junior,Ernani Pinto Junior (E),E
W4386627836,A novel approach for lactose determination in cow's milk exploiting smartphone-based digital-image photometry,https://doi.org/10.1039/d3ay01250f,2023-01-01,Fabio Rodrigo Piovezani Rocha,Fabio Rodrigo Piovezani Rocha (T),T
W4386647660,Distinct sources of silicon shape differently the rhizospheric microbial community in sugarcane,https://doi.org/10.1016/j.apsoil.2023.105131,2023-09-12,Lucas William Mendes,Lucas William Mendes (P),P
W4386817389,Biological basis for adoption of an isoline of Telenomus remus (Hymenoptera: Scelionidae) for an augmentative biological-control program for Spodoptera frugiperda (Lepidoptera: Noctuidae),https://doi.org/10.1093/jisesa/iead045,2023-09-01,Deoclecio Jardim Amorim,Deoclecio Jardim Amorim (T),T
W4386817614,Biology and quality assessment ofTelenomus remus(Hymenoptera: Scelionidae) andTrichogrammaspp. (Hymenoptera: Trichogrammatidae) in eggs ofSpodopteraspp. for augmentative biological control programs,https://doi.org/10.1093/jisesa/iead047,2023-09-01,Deoclecio Jardim Amorim,Deoclecio Jardim Amorim (T),T
W4386827342,"Smartphone-based digital images in analytical chemistry: Why, when, and how to use",https://doi.org/10.1016/j.trac.2023.117284,2023-09-18,Fabio Rodrigo Piovezani Rocha; Samara Soares,Fabio Rodrigo Piovezani Rocha (T); Samara Soares (T),T
W4386836473,Modeling hormesis using multivariate nonlinear regression in plant biology: A comprehensive approach to understanding dose-response relationships,https://doi.org/10.1016/j.scitotenv.2023.167041,2023-09-18,Deoclecio Jardim Amorim,Deoclecio Jardim Amorim (T),T
W4386929590,"Microalgal co-cultivation -recent methods, trends in omic-studies, applications, and future challenges",https://doi.org/10.3389/fbioe.2023.1193424,2023-09-20,Flavia Vischi Winck,Flavia Vischi Winck (P),P
W4386980896,"Inflorescence patterns within the genus Portulaca (Portulacaceae): analyses of anatomy and morphology, based on species occurring in Brazil",https://doi.org/10.1007/s00606-023-01873-z,2023-09-23,José Hernandes Lopes Filho,José Hernandes Lopes Filho (P),P
W4387014209,Soil and foliar Si fertilization alters elemental stoichiometry and increases yield of sugarcane cultivars,https://doi.org/10.1038/s41598-023-43351-z,2023-09-25,Lucas William Mendes,Lucas William Mendes (P),P
W4387017080,Bimodal unsaturated hydraulic conductivity derived from water retention parameters by accounting for clay-water interactions: Deriving a plausible set of hydraulic parameters,https://doi.org/10.1016/j.jhydrol.2023.130227,2023-09-25,Quirijn de Jong van Lier,Quirijn de Jong van Lier (E),E
W4387020861,"Molecular, morphological and ecological studies of Limnospira platensis (Cyanobacteria), from saline and alkaline lakes, Pantanal Biome, Brazil",https://doi.org/10.3389/fenvs.2023.1204787,2023-09-25,Marli de Fatima Fiore,Marli de Fatima Fiore (P),P
W4387046796,Sensitivity analysis of land and water productivities predicted with an empirical and a process-based root water uptake function,https://doi.org/10.1016/j.jhydrol.2023.130241,2023-09-26,Quirijn de Jong van Lier,Quirijn de Jong van Lier (E),E
W4387059431,Potential Soil Remineralizers from Silicate Rock Powders (SRP) as Alternative Sources of Nutrients for Agricultural Production (Amazon Region),https://doi.org/10.3390/min13101255,2023-09-25,Cassio Hamilton Abreu Junior,Cassio Hamilton Abreu Junior (P),P
W4387212981,"Simulating soil C dynamics under intensive agricultural systems and climate change scenarios in the Matopiba region, Brazil",https://doi.org/10.1016/j.jenvman.2023.119149,2023-09-30,Rafael Silva Santos,Rafael Silva Santos (E),E
W4387219782,Crop-livestock-forestry systems as a strategy for mitigating greenhouse gas emissions and enhancing the sustainability of forage-based livestock systems in the Amazon biome,https://doi.org/10.1016/j.scitotenv.2023.167396,2023-09-30,Adibe Luiz Abdalla,Adibe Luiz Abdalla (P),P
W4387363803,Feeding efficiency of sheep as a strategy for mitigating greenhouse gas emissions,https://doi.org/10.21708/avb.2023.17.2.11599,2023-10-05,Adibe Luiz Abdalla,Adibe Luiz Abdalla (P),P
W4387421571,Exploiting digital images and videos for urea determination in milk based on enzymatic hydrolysis monitoring,https://doi.org/10.1016/j.jfca.2023.105745,2023-10-07,Fabio Rodrigo Piovezani Rocha,Fabio Rodrigo Piovezani Rocha (T),T
W4387439567,"Draft genome sequences of representative Paenibacillus polymyxa , Bacillus cereus , Fictibacillus sp., and Brevibacillus agri strains isolated from Amazonian dark earth",https://doi.org/10.1128/mra.00574-23,2023-10-09,Lucas William Mendes; Tsai Siu Mui,Lucas William Mendes (P); Tsai Siu Mui (P),P
W4387450331,INFLUÊNCIA DOS DIFERENTES NÍVEIS DE LUMINOSIDADE SOBRE O CRESCIMENTO INICIAL DE PLANTAS DE Myrocarpus frondosus Allemão (FABACEAE),https://doi.org/10.56083/rcv3n10-049,2023-10-09,Plínio Barbosa de Camargo,Plínio Barbosa de Camargo (E),E
W4387459846,Isótopos estáveis de oxigênio e carbono em anéis de crescimento: Uma comparação entre diferentes tempos de reação para obtenção de alfa-celulose,https://doi.org/10.36524/ric.v9i3.2165,2023-10-07,Luiz Antonio Martinelli,Luiz Antonio Martinelli (E),E
W4387530600,The ORGAN SIZE (ORG) locus modulates both vegetative and reproductive gigantism in domesticated tomato,https://doi.org/10.1093/aob/mcad150,2023-10-11,Antonio Vargas de Oliveira Figueira,Antonio Vargas de Oliveira Figueira (P),P
W4387820499,Residual effects of composted sewage sludge on nitrogen cycling and plant metabolism in a no-till common bean-palisade grass-soybean rotation,https://doi.org/10.3389/fpls.2023.1281670,2023-10-20,Cassio Hamilton Abreu Junior; José Lavres Junior,Cassio Hamilton Abreu Junior (P); José Lavres Junior (T),P+T
W4387873077,INCREMENTO CORRENTE MENSAL DE Dipteryx odorata AUBL. WILLD. (CUMARÚ) EM PLANTIO NA REGIÃO DE SANTARÉM-PA,https://doi.org/10.56083/rcv3n10-111,2023-10-23,Plínio Barbosa de Camargo,Plínio Barbosa de Camargo (E),E
W4387901924,DINÂMICA DA TAXA DE INCREMENTO EM FUNÇÃO DO TEMPO (DE Luehea divaricata MART.,https://doi.org/10.56083/rcv3n10-114,2023-10-23,Plínio Barbosa de Camargo,Plínio Barbosa de Camargo (E),E
W4387936366,Remote sensing of the Earth's soil color in space and time,https://doi.org/10.1016/j.rse.2023.113845,2023-10-25,Maria Victoria Ramos Ballester,Maria Victoria Ramos Ballester (E),E
W4387964817,Estimating plant-available nutrients with XRF sensors: Towards a versatile analysis tool for soil condition assessment,https://doi.org/10.1016/j.geoderma.2023.116701,2023-10-25,Hudson Wallace Pereira de Carvalho; José Lavres Junior,Hudson Wallace Pereira de Carvalho (T); José Lavres Junior (T),T
W4388011972,Combined effects of Limonene and Ivermectin on P-glycoprotein-9 gene expression of lambs Infected with Haemonchus contortus,https://doi.org/10.1016/j.vetpar.2023.110069,2023-10-29,Helder Louvandini,Helder Louvandini (P),P
W4388035147,Can herbicides of different mode of action cause injury symptoms in non-herbicide-tolerant young soybean due to simulated drift?,https://doi.org/10.1080/03601234.2023.2275512,2023-10-30,Kassio Ferreira Mendes,Kassio Ferreira Mendes (E),E
W4388129289,Domestication of the Amazonian fruit tree cupuaçu may have stretched over the past 8000 years,https://doi.org/10.1038/s43247-023-01066-z,2023-11-01,Antonio Vargas de Oliveira Figueira,Antonio Vargas de Oliveira Figueira (P),P
W4388194184,"Early and long-distance uptake by Eucalyptus grandis of N, K and Ca tracers injected down to a depth of 7 m",https://doi.org/10.1016/j.foreco.2023.121507,2023-10-25,Cassio Hamilton Abreu Junior; Paulo César Ocheuze Trivelin,Cassio Hamilton Abreu Junior (P); Paulo César Ocheuze Trivelin (T),P+T
W4388197267,Lime and copper plus zinc fertilization to eucalyptus: consequences for metallic micronutrient status and eucalyptus growth,https://doi.org/10.1007/s11056-023-10010-0,2023-10-27,José Lavres Junior,José Lavres Junior (T),T
W4388248459,Special issue: Advances in green analytical chemistry,https://doi.org/10.1016/j.talo.2023.100268,2023-11-02,Fabio Rodrigo Piovezani Rocha,Fabio Rodrigo Piovezani Rocha (T),T
W4388333576,Tithonia diversifolia Improves In Vitro Rumen Microbial Synthesis of Sheep Diets without Changes in Total Gas and Methane Production,https://doi.org/10.3390/agronomy13112768,2023-11-04,Adibe Luiz Abdalla; Helder Louvandini,Adibe Luiz Abdalla (P); Helder Louvandini (P),P
W4388377580,Tree hydrological niche acclimation through ontogeny in a seasonal Amazon forest,https://doi.org/10.1007/s11258-023-01361-x,2023-11-05,Plínio Barbosa de Camargo,Plínio Barbosa de Camargo (E),E
W4388499650,The process of domestication shapes the plant growth-promoting bacteria community in the rhizosphere of lima bean (Phaseolus lunatus),https://doi.org/10.1016/j.rhisph.2023.100810,2023-11-08,Lucas William Mendes,Lucas William Mendes (P),P
W4388510370,"Desorption kinetic and sequential extraction of Pb and Zn in a contaminated soil amended with phosphate, lime, biochar, and biosolids",https://doi.org/10.1007/s11356-023-30643-0,2023-11-09,Hudson Wallace Pereira de Carvalho,Hudson Wallace Pereira de Carvalho (T),T
W4388549899,STABLE ISOTOPES AND MERCURY AS TOOLS TO DEPICT AQUATIC FOOD WEBS,https://doi.org/10.21577/0100-4042.20230125,2023-11-09,Luiz Antonio Martinelli,Luiz Antonio Martinelli (E),E
W4388569520,Responses of bacterial and archaeal communities to nitrogen fertilization in a compost-amended soil,https://doi.org/10.1016/j.pedobi.2023.150915,2023-11-10,Lucas William Mendes,Lucas William Mendes (P),P
W4388687483,Canavalia ensiformis enhances the phytoremediation of remineralized and sulfentrazone-contaminated tropical soils,https://doi.org/10.1016/j.chemosphere.2023.140725,2023-11-15,Kassio Ferreira Mendes,Kassio Ferreira Mendes (E),E
W4388741769,Filming a hidden resource: The soil in the seventh art narrative,https://doi.org/10.1016/j.geoderma.2023.116710,2023-11-16,Cassio Hamilton Abreu Junior,Cassio Hamilton Abreu Junior (P),P
W4388775318,Exploration of Eco-Friendly Hydrochar’s Potential in Advanced Oxidative Processes for Dicamba Degradation within a Circular Bio-Economy Framework,https://doi.org/10.3390/pr11113244,2023-11-17,Kassio Ferreira Mendes,Kassio Ferreira Mendes (E),E
W4388793321,Influence of intensive cropping of vegetables on physical and hydraulic properties and functions of an Oxisol in the Brazilian Cerrado,https://doi.org/10.1016/j.catena.2023.107651,2023-11-18,Rafael Silva Santos; Thaís Nascimento Pessoa,Rafael Silva Santos (E); Thaís Nascimento Pessoa (E),E
W4388796197,"Plant Extracts for the Control of Sitophilus zeamais (Motschulsky, 1895) (Coleoptera: Curculionidae)",https://doi.org/10.51963/jers.v25i3.2337,2023-11-17,Valter Arthur,Valter Arthur (P),P
W4388820977,"Holocene limnological changes in saline and freshwater lakes, Lower Nhecolândia, Pantanal, Brazil",https://doi.org/10.1007/s10750-023-05411-3,2023-11-20,Hudson Wallace Pereira de Carvalho; Luiz Carlos Ruiz Pessenda,Hudson Wallace Pereira de Carvalho (T); Luiz Carlos Ruiz Pessenda (T),T
W4388839596,Long-term variability of the western tropical Atlantic sea surface temperature driven by greenhouse gases and AMOC,https://doi.org/10.1016/j.quascirev.2023.108431,2023-11-20,Marília Campos,Marília Campos (T),T
W4388845251,Phosphonate consumers potentially contributing to methane production in Brazilian soda lakes,https://doi.org/10.1007/s00792-023-01318-y,2023-11-21,Marli de Fatima Fiore; Plínio Barbosa de Camargo; Tsai Siu Mui,Marli de Fatima Fiore (P); Plínio Barbosa de Camargo (E); Tsai Siu Mui (P),P+E
W4388883789,Climate-growth relation and isotopic △13carbon responses of field-grown Pinus caribaea var. hondurensis and Pinus taeda to nutrient availability,https://doi.org/10.1016/j.foreco.2023.121548,2023-11-21,José Lavres Junior,José Lavres Junior (T),T
W4388912481,Cucumber Bioassay and HPLC Analysis to Detect Diuron Residues in Remineralized Soils Following Canavalia ensiformis Cultivation as a Phytoremediator,https://doi.org/10.3390/horticulturae9121251,2023-11-22,Kassio Ferreira Mendes,Kassio Ferreira Mendes (E),E
W4388968168,Automatic classification of parasitized fruit fly pupae from X-ray images by convolutional neural networks,https://doi.org/10.1016/j.ecoinf.2023.102382,2023-11-24,Thiago de Araújo Mastrangelo,Thiago de Araújo Mastrangelo (P),P
W4388991436,Optimizing foliar N‐fertilization in sugarcane depends on plant genotype and nitrogen concentration,https://doi.org/10.1111/ppl.14085,2023-11-01,Francisco Scaglia Linhares; Paulo César Ocheuze Trivelin,Francisco Scaglia Linhares (P); Paulo César Ocheuze Trivelin (T),P+T
W4389045010,Tolerance of Brazilian Bean Cultivars to S-Metolachlor and Poaceae Weed Control in Two Agricultural Soils,https://doi.org/10.3390/agronomy13122919,2023-11-27,Kassio Ferreira Mendes,Kassio Ferreira Mendes (E),E
W4389056741,"Nitrogen Fertilization Boosts Maize Grain Yield, Forage Quality, and Estimated Meat Production in Maize–Forage Intercropping",https://doi.org/10.3390/agriculture13122200,2023-11-25,Eduardo Mariano,Eduardo Mariano (T),T
W4389143737,"Increasing complexity of agroforestry systems benefits nutrient cycling and mineral-associated organic carbon storage, in south-eastern Brazil",https://doi.org/10.1016/j.geoderma.2023.116726,2023-11-29,Maria Victoria Ramos Ballester,Maria Victoria Ramos Ballester (E),E
W4389203578,Osmotic Stress Alleviation in Saccharomyces cerevisiae for High Ethanol Fermentations with Different Wort Substrates,https://doi.org/10.3390/stresses3040055,2023-11-29,Valter Arthur,Valter Arthur (P),P
W4389203925,Identification and functional characterization of the sugarcane (Saccharum spp.) AMT2-type ammonium transporter ScAMT3;3 revealed a presumed role in shoot ammonium remobilization,https://doi.org/10.3389/fpls.2023.1299025,2023-11-30,Antonio Vargas de Oliveira Figueira,Antonio Vargas de Oliveira Figueira (P),P
W4389219382,Intra-annual stable isotopes in the tree rings of Hymenaea courbaril as a proxy for hydroclimate variations in southern Amazonia,https://doi.org/10.1016/j.dendro.2023.126151,2023-12-01,Giuliano Maselli Locosselli,Giuliano Maselli Locosselli (E),E
W4389247892,Gamma Irradiation of Plukenetia volubilis L. Seeds Promotes Several Changes during Its Germination and Vegetative Growth,https://doi.org/10.1155/2023/9737125,2023-12-01,Thiago de Araújo Mastrangelo,Thiago de Araújo Mastrangelo (P),P
W4389317571,Multifunctional polyetheramine–epoxide gels and their prospective applications in health and agriculture,https://doi.org/10.1039/d3nj04983c,2023-12-04,Hudson Wallace Pereira de Carvalho,Hudson Wallace Pereira de Carvalho (T),T
W4389338882,Repeated exposure of wheat to the fungal root pathogen Bipolaris sorokiniana modulates rhizosphere microbiome assembly and disease suppressiveness,https://doi.org/10.1186/s40793-023-00529-2,2023-12-05,Lucas William Mendes,Lucas William Mendes (P),P
W4389379566,Identifying agroforestry characteristics for enhanced nutrient cycling potential in Brazil,https://doi.org/10.1016/j.agee.2023.108828,2023-12-06,Maria Victoria Ramos Ballester,Maria Victoria Ramos Ballester (E),E
W4389453548,"Enabling genome editing in tropical maize lines through an improved, morphogenic regulator-assisted transformation protocol",https://doi.org/10.3389/fgeed.2023.1241035,2023-12-07,José Hernandes Lopes Filho,José Hernandes Lopes Filho (P),P
W4389462721,"16 Stillbirth, gestation length, and birth weights from Jersey calves originated from artificial insemination vs in vitro embryo transfer",https://doi.org/10.1071/rdv36n2ab16,2023-12-07,Deoclecio Jardim Amorim,Deoclecio Jardim Amorim (T),T
W4389511915,From desertification to restoration in the Brazilian semiarid region: Unveiling the potential of land restoration on soil microbial properties,https://doi.org/10.1016/j.jenvman.2023.119746,2023-12-09,Lucas William Mendes,Lucas William Mendes (P),P
W4389637776,Greenhouse gas and ammonia emissions from a maize-soybean rotation under no-till as affected by intercropping with forage grass and nitrogen fertilization,https://doi.org/10.1016/j.agrformet.2023.109855,2023-12-12,Eduardo Mariano,Eduardo Mariano (T),T
W4389669340,Biological Characterisation of Hailstones from Two Storms in South Brazil,https://doi.org/10.3390/aerobiology1020008,2023-12-13,Mauricio Cruz Mantoani,Mauricio Cruz Mantoani (E),E
W4389915570,Lipid supplementation with macadamia by-product reduces methane emissions by sheep,https://doi.org/10.1016/j.smallrumres.2023.107174,2023-12-18,Adibe Luiz Abdalla,Adibe Luiz Abdalla (P),P
W4389936371,Selected cachaça yeast strains share a genomic profile related to traits relevant to industrial fermentation processes,https://doi.org/10.1128/aem.01759-23,2023-12-19,Diego Mauricio Riaño Pachón,Diego Mauricio Riaño Pachón (P),P
W4389955500,"Predicting tree failure to define roles and guidelines in risk management, a case study in São Paulo / Brazil",https://doi.org/10.1016/j.ufug.2023.128181,2023-12-18,Giuliano Maselli Locosselli,Giuliano Maselli Locosselli (E),E
W4390004973,A convective heated digestion system with closed vessels: a new digestor for elemental inorganic analysis,https://doi.org/10.1039/d3ja00328k,2023-12-20,Alex Virgilio,Alex Virgilio (T),T
W4390063524,The interplay between Azospirillum brasilense and the native bacterial communities in the soil and rhizosphere of maize (Zea mays L.),https://doi.org/10.1016/j.soilbio.2023.109292,2023-12-21,Lucas William Mendes,Lucas William Mendes (P),P
W4390095057,Enzymatic stoichiometry in degraded soils after two decades of restoration in a Brazilian semiarid region,https://doi.org/10.1016/j.catena.2023.107768,2023-12-22,Lucas William Mendes,Lucas William Mendes (P),P
W4390298768,"Micronúcleos e anomalias nucleares em peixes como biomarcadores de citotoxicidade e genotoxicidade da radiação gama, cromo 51, em ambiente aquático",https://doi.org/10.17271/1980082719520234183,2023-12-27,Adibe Luiz Abdalla,Adibe Luiz Abdalla (P),P
W4390638007,Global gene expression profile and functional analysis reveal the conservation of reproduction-associated gene networks in Gossypium hirsutum,https://doi.org/10.1007/s00497-023-00491-6,2024-01-06,Adriana Pinheiro Martinelli,Adriana Pinheiro Martinelli (P),P
W4390863567,Impacts of cyanobacterial metabolites on fish: Socioeconomic and environmental considerations,https://doi.org/10.1111/raq.12891,2024-01-14,Ernani Pinto Junior,Ernani Pinto Junior (E),E
W4390954842,Application of cyanobacteria in radioactive waste,https://doi.org/10.34117/bjdv10n1-084,2024-01-17,Marli de Fatima Fiore,Marli de Fatima Fiore (P),P
W4391064363,Gestão do resíduo do açaí (Euterpe oleracea): mapeamento da produção científica de 2011 a 2021,https://doi.org/10.17271/1980082720120243961,2024-01-21,Plínio Barbosa de Camargo,Plínio Barbosa de Camargo (E),E
W4391091393,"Obtenção da intensidade das chuvas a partir de dados pluviométricos coletados numa estação automatizada: o caso de Piracicaba, SP",https://doi.org/10.31062/agrom.v32.e027452,2024-01-22,Quirijn de Jong van Lier,Quirijn de Jong van Lier (E),E
W4391177797,"Exploring AMH levels, homeostasis parameters, and ovarian primordial follicle activation in pubertal infected sheep on a high-protein diet",https://doi.org/10.1016/j.rvsc.2024.105158,2024-01-24,Helder Louvandini,Helder Louvandini (P),P
W4391286457,Application of silicate changes the network complexity of plant growth-promoting rhizobacteria in the rhizosphere of sugarcane genotypes,https://doi.org/10.1016/j.rhisph.2024.100855,2024-01-27,Lucas William Mendes,Lucas William Mendes (P),P
W4391353114,Soil microbial diversity plays an important role in resisting and restoring degraded ecosystems,https://doi.org/10.1007/s11104-024-06489-x,2024-01-30,Lucas William Mendes,Lucas William Mendes (P),P
W4391369496,Herbicide resistance status of sourgrass,https://doi.org/10.51694/advweedsci/2023;41:00024,2023-01-01,Kassio Ferreira Mendes,Kassio Ferreira Mendes (E),E
W4391430053,Assessing Ionizing Radiation and Chlorine Dioxide (ClO2) as Potential Aseptization Treatments for Yeast Recycling on Mixed Wort of Corn and Sugarcane in Brazil,https://doi.org/10.3390/stresses4010009,2024-02-01,Valter Arthur,Valter Arthur (P),P
W4391451534,The pros and cons of axenic cultures in cyanobacterial research,https://doi.org/10.1016/j.algal.2024.103415,2024-02-01,Marli de Fatima Fiore,Marli de Fatima Fiore (P),P
W4391515275,Exploiting multi-signal calibration to circumvent matrix effects in flow injection analysis,https://doi.org/10.1016/j.microc.2024.110082,2024-02-03,Fabio Rodrigo Piovezani Rocha; Samara Soares,Fabio Rodrigo Piovezani Rocha (T); Samara Soares (T),T
W4391612221,Nitrogen fertilization regulates crosstalk between marandu palisadegrass and Herbaspirillum seropedicae: An investigation based on 15N isotopic analysis and root morphology,https://doi.org/10.1016/j.envres.2024.118345,2024-02-07,José Lavres Junior,José Lavres Junior (T),T
W4391616039,Genomic Insights into the Taxonomy and Metabolism of the Cyanobacterium Pannus brasiliensis CCIBt3594,https://doi.org/10.3390/taxonomy4010010,2024-02-05,Marli de Fatima Fiore,Marli de Fatima Fiore (P),P
W4391617520,"Urban heat mitigation by green and blue infrastructure: Drivers, effectiveness, and future needs",https://doi.org/10.1016/j.xinn.2024.100588,2024-02-07,Giuliano Maselli Locosselli,Giuliano Maselli Locosselli (E),E
W4391682520,Stochastic analysis of plant available water estimates and soil water balance components simulated by a hydrological model,https://doi.org/10.1002/vzj2.20306,2024-02-09,Quirijn de Jong van Lier,Quirijn de Jong van Lier (E),E
W4391722815,Human influence on the distribution of cacao: insights from remote sensing and biogeography,https://doi.org/10.1007/s10531-023-02777-7,2024-02-10,Antonio Vargas de Oliveira Figueira,Antonio Vargas de Oliveira Figueira (P),P
W4391787742,Fast multispectral imaging analysis as phenotyping platform: Effect of titanium dioxide nanoparticles on microalgae physiology,https://doi.org/10.1016/j.algal.2024.103433,2024-02-13,Flavia Vischi Winck,Flavia Vischi Winck (P),P
W4391807580,Plant diversity and root traits shape rhizosphere microbial communities in natural grasslands and cultivated pastures,https://doi.org/10.1016/j.rhisph.2024.100864,2024-02-14,Lucas William Mendes,Lucas William Mendes (P),P
W4391841382,"Genomic insights of Fictibacillus terranigra sp. nov., a versatile metabolic bacterium from Amazonian Dark Earths",https://doi.org/10.1007/s42770-024-01268-3,2024-02-15,Lucas William Mendes; Tsai Siu Mui,Lucas William Mendes (P); Tsai Siu Mui (P),P
W4391878654,Soil fertility impact on recruitment and diversity of the soil microbiome in sub-humid tropical pastures in Northeastern Brazil,https://doi.org/10.1038/s41598-024-54221-7,2024-02-16,Lucas William Mendes,Lucas William Mendes (P),P
W4391958041,A review of organic and inorganic amendments to treat saline-sodic soils: Emphasis on waste valorization for a circular economy approach,https://doi.org/10.1016/j.scitotenv.2024.171087,2024-02-20,Hudson Wallace Pereira de Carvalho,Hudson Wallace Pereira de Carvalho (T),T
W4391972127,Draft genome sequences of 13 putatively novel Haemophilus species and strains assembled from human saliva,https://doi.org/10.1128/mra.00945-23,2024-02-20,Tsai Siu Mui,Tsai Siu Mui (P),P
W4392010798,Carbon and nitrogen stock in soils of subtropical urban forests: Isotopic δ13C and δ15N indicators for nature-based solutions in a megacity,https://doi.org/10.1016/j.ecolind.2024.111743,2024-02-21,Plínio Barbosa de Camargo,Plínio Barbosa de Camargo (E),E
W4392028987,Salt-assisted liquid-liquid extraction and on-column concentration for chromatographic determination of phenolic compounds in beer,https://doi.org/10.1016/j.sampre.2024.100107,2024-02-01,Fabio Rodrigo Piovezani Rocha,Fabio Rodrigo Piovezani Rocha (T),T
W4392058424,Modified technique for recovery of nematode infective larvae in different grass genera,https://doi.org/10.55905/oelv22n2-185,2024-02-21,Adibe Luiz Abdalla,Adibe Luiz Abdalla (P),P
W4392106580,"Integrated Ca, Mg, Cu, and Zn supply upregulates leaf anatomy and metabolic adjustments in Eucalyptus seedlings",https://doi.org/10.1016/j.plaphy.2024.108446,2024-02-23,Francisco Scaglia Linhares; José Lavres Junior,Francisco Scaglia Linhares (P); José Lavres Junior (T),P+T
W4392109218,Accurate identification of Helicoverpa armigera–Helicoverpa zea hybrids using genome admixture analysis: implications for genomic surveillance,https://doi.org/10.3389/finsc.2024.1339143,2024-02-23,Thiago de Araújo Mastrangelo,Thiago de Araújo Mastrangelo (P),P
W4392139351,"Food web structure of fish communities of Doce River, 5 years after the Fundão dam failure",https://doi.org/10.1007/s10661-024-12395-7,2024-02-24,Marcelo Zacharias Moreira,Marcelo Zacharias Moreira (E),E
W4392282245,Biological nitrogen fixation in young and old tropical forests under five contrasting edaphoclimatic conditions,https://doi.org/10.1007/s10705-024-10345-w,2024-02-29,Plínio Barbosa de Camargo,Plínio Barbosa de Camargo (E),E
W4392359874,Effects of pasture intensification and sugarcane cultivation on non-target species: A realistic evaluation in pesticide-contaminated mesocosms,https://doi.org/10.1016/j.scitotenv.2024.171425,2024-03-01,Luiz Antonio Martinelli,Luiz Antonio Martinelli (E),E
W4392631329,Income Analysis Of Coffee Farmers In The Albizia Forest Area Based On Agroforestry,https://doi.org/10.51601/ijse.v3i3.78,2023-08-28,Lucas William Mendes,Lucas William Mendes (P),P
W4392717316,Unravelling the fate of foliar-applied nickel in soybean: a comprehensive investigation,https://doi.org/10.1007/s11104-024-06567-0,2024-03-12,José Lavres Junior,José Lavres Junior (T),T
W4392886207,Land-use patterns and fungal bioaerosols in the Brazilian Atlantic Forest biome,https://doi.org/10.1007/s44274-024-00049-x,2024-03-12,Mauricio Cruz Mantoani,Mauricio Cruz Mantoani (E),E
W4393006280,Soil Quality Evaluation in Mono and Mixed Eucalypt Plantation,https://doi.org/10.3390/su16062534,2024-03-20,Lucas William Mendes,Lucas William Mendes (P),P
W4393035283,Short-term restoration practices change the bacterial community in degraded soil from the Brazilian semiarid,https://doi.org/10.1038/s41598-024-57690-y,2024-03-21,Lucas William Mendes,Lucas William Mendes (P),P
W4393100479,Temporal evaluation of soil chemical quality using VNIR and XRF spectroscopies,https://doi.org/10.1016/j.still.2024.106087,2024-03-22,Hudson Wallace Pereira de Carvalho,Hudson Wallace Pereira de Carvalho (T),T
W4393108908,Spatializing soil elemental concentration as measured by X-ray fluorescence analysis using remote sensing data,https://doi.org/10.1016/j.catena.2024.107988,2024-03-23,Hudson Wallace Pereira de Carvalho,Hudson Wallace Pereira de Carvalho (T),T
W4393235524,Yellow Nutsedge (Cyperus esculentus L.) as an Agricultural Crop in Brazil: Tuber Dormancy Breaking,https://doi.org/10.3390/agronomy14040688,2024-03-27,Kassio Ferreira Mendes,Kassio Ferreira Mendes (E),E
W4393306688,The interplay between the inoculation of plant growth-promoting rhizobacteria and the rhizosphere microbiome and their impact on plant phenotype,https://doi.org/10.1016/j.micres.2024.127706,2024-03-29,Lucas William Mendes; Tsai Siu Mui,Lucas William Mendes (P); Tsai Siu Mui (P),P
W4393386880,An In-House X-ray Fluorescence Spectrometer Development for In Vivo Analysis of Plants,https://doi.org/10.1021/acsagscitech.4c00003,2024-04-01,Hudson Wallace Pereira de Carvalho; José Lavres Junior,Hudson Wallace Pereira de Carvalho (T); José Lavres Junior (T),T
W4393387720,Electron Beam on Fermentation Medium as an Alternative Disinfection Method for Ethanol Distilleries: A Comprehensive Review,https://doi.org/10.3390/fermentation10040193,2024-04-01,Valter Arthur,Valter Arthur (P),P
W4393430788,Superior bioavailability of the calcium salt form of β-hydroxy-β-methylbutyrate compared with the free acid form,https://doi.org/10.1007/s00726-023-03369-z,2024-04-02,Ernani Pinto Junior,Ernani Pinto Junior (E),E
W4393859719,Phosphorus Dynamics in Stressed Soil Systems: Is There a Chemical and Biological Compensating Effect?,https://doi.org/10.3390/stresses4020015,2024-04-02,Hudson Wallace Pereira de Carvalho,Hudson Wallace Pereira de Carvalho (T),T
W4393905375,Endophytic Aspergillii and Penicillii from medicinal plants: a focus on antimicrobial and multidrug resistant pathogens inhibitory activity,https://doi.org/10.5114/bta.2024.135644,2024-03-29,Lucas William Mendes,Lucas William Mendes (P),P
W4393945202,"Biochar obtained from eucalyptus, rice hull, and native bamboo as an alternative to decrease mobility of hexazinone, metribuzin, and quinclorac in a tropical soil",https://doi.org/10.1007/s10661-024-12589-z,2024-04-04,Kassio Ferreira Mendes,Kassio Ferreira Mendes (E),E
W4394008834,Hurricanes are limiting the mangrove canopy heights in the Gulf of Mexico,https://doi.org/10.1016/j.scitotenv.2024.172284,2024-04-06,Luiz Carlos Ruiz Pessenda,Luiz Carlos Ruiz Pessenda (T),T
W4394060345,Soil management shapes bacterial and archaeal communities in soybean rhizosphere: Comparison of no-tillage and integrated crop-livestock systems,https://doi.org/10.1016/j.rhisph.2024.100886,2024-04-07,Lucas William Mendes,Lucas William Mendes (P),P
W4394096560,Estimating lateral flow in double ring infiltrometer measurements,https://doi.org/10.6084/m9.figshare.19944472,2022-01-01,Quirijn de Jong van Lier,Quirijn de Jong van Lier (E),E
W4394145894,Physiological and hematological parameters of sheep reared in the tropics and subtropics,https://doi.org/10.6084/m9.figshare.19968710,2022-01-01,Helder Louvandini,Helder Louvandini (P),P
W4394305789,"Trichostrongylus colubriformis infection in Santa Inês lambs: impact on feed digestibility, blood markers, and nitrogen balance",https://doi.org/10.6084/m9.figshare.14328188,2021-01-01,Adibe Luiz Abdalla; Helder Louvandini,Adibe Luiz Abdalla (P); Helder Louvandini (P),P
W4394401783,Effect of alternate and simultaneous grazing on endoparasite infection in sheep and cattle,https://doi.org/10.6084/m9.figshare.14328060,2021-01-01,Helder Louvandini,Helder Louvandini (P),P
W4394558568,Temporal and spatial patterns in the detection of veterinary drug residues in poultry and swine in Brazil,https://doi.org/10.6084/m9.figshare.20290832,2022-01-01,Helder Louvandini,Helder Louvandini (P),P
W4394600268,"Crop, livestock, and forestry integration to reconcile soil health, food production, and climate change mitigation in the Brazilian Cerrado: A review",https://doi.org/10.1016/j.geodrs.2024.e00796,2024-04-09,Rafael Silva Santos,Rafael Silva Santos (E),E
W4394602282,Greener Route for Recovery of High-Purity Lanthanides from the Waste of Nickel Metal Hydride Battery Using a Hydrophobic Deep Eutectic Solvent,https://doi.org/10.1021/acssuschemeng.3c07784,2024-04-09,Fabio Rodrigo Piovezani Rocha,Fabio Rodrigo Piovezani Rocha (T),T
W4394724436,Impact of nitrogen fertilizer sustainability on corn crop yield: the role of beneficial microbial inoculation interactions,https://doi.org/10.1186/s12870-024-04971-3,2024-04-11,José Lavres Junior,José Lavres Junior (T),T
W4394823896,Redox conditions and biochar pyrolysis temperature affecting As and Pb biogeochemical cycles and bacterial community of sediment from mining tailings,https://doi.org/10.1016/j.jhazmat.2024.134303,2024-04-15,Lucas William Mendes,Lucas William Mendes (P),P
W4394857986,Gamma irradiation was able to degrade the glyphosate and aminomethylphosphonic acid (AMPA) from drinking water analyzed by LC-MS/MS,https://doi.org/10.1016/j.radphyschem.2024.111768,2024-04-14,Kassio Ferreira Mendes,Kassio Ferreira Mendes (E),E
W4394872117,Low zinc availability limits the response to phosphorus fertilization in cotton,https://doi.org/10.1002/jpln.202300453,2024-04-17,José Lavres Junior,José Lavres Junior (T),T
W4394873801,How does active yeast supplementation reduce the deleterious effects of aflatoxins in Wistar rats? A radiolabeled assay and histopathological study,https://doi.org/10.1007/s11274-024-03981-5,2024-04-17,Adibe Luiz Abdalla,Adibe Luiz Abdalla (P),P
W4394928790,Do hurricanes or freezing events regulate the sustainability of subtropical mangroves on the Gulf of Mexico coast?,https://doi.org/10.1007/s10113-024-02225-4,2024-04-18,Luiz Carlos Ruiz Pessenda,Luiz Carlos Ruiz Pessenda (T),T
W4394984977,Enhancing plant resilience to pathogens through strategic breeding: Harnessing beneficial bacteria from the rhizosphere for progeny protection,https://doi.org/10.1016/j.rhisph.2024.100890,2024-04-21,Lucas William Mendes,Lucas William Mendes (P),P
W4395005150,Stable isotopic composition of Bothrops atrox (common lancehead) in four distinct land covers in eastern Amazonia,https://doi.org/10.1111/btp.13325,2024-04-22,Luiz Antonio Martinelli; Maria Gabriella da Silva Araújo; Plínio Barbosa de Camargo,Luiz Antonio Martinelli (E); Maria Gabriella da Silva Araújo (E); Plínio Barbosa de Camargo (E),E
W4395465925,"Growth and carbon turnover of Piaractus mesopotamicus Holmberg, 1887 (Osteicthyes: Characidae): contribution of extruded feed and natural food",https://doi.org/10.1590/0001-3765202420220805,2024-01-01,Luiz Antonio Martinelli,Luiz Antonio Martinelli (E),E
W4395958841,Cyanopeptides occurrence and diversity in a Brazilian tropical reservoir: Exploring relationships with water quality,https://doi.org/10.1016/j.envpol.2024.124051,2024-04-28,Ernani Pinto Junior,Ernani Pinto Junior (E),E
W4396238528,New records on toxic cyanobacteria from Brazil: Exploring their occurrence and geography,https://doi.org/10.1016/j.scitotenv.2024.172689,2024-04-29,Ernani Pinto Junior,Ernani Pinto Junior (E),E
W4396569172,"Vadose Zone Journal Special Section: Soil physics in agricultural production, water resources, and waste management",https://doi.org/10.1002/vzj2.20343,2024-05-01,Quirijn de Jong van Lier,Quirijn de Jong van Lier (E),E
W4396746192,A study on nickel application methods for optimizing soybean growth,https://doi.org/10.1038/s41598-024-58149-w,2024-05-08,Francisco Scaglia Linhares; José Lavres Junior,Francisco Scaglia Linhares (P); José Lavres Junior (T),P+T
W4396835858,Stress-tolerant trees for resilient cities: Tree-ring analysis reveals species suitable for a future climate,https://doi.org/10.1016/j.uclim.2024.101964,2024-05-01,Giuliano Maselli Locosselli,Giuliano Maselli Locosselli (E),E
W4396920622,Grazing exclusion-induced changes in soil fungal communities in a highly desertified Brazilian dryland,https://doi.org/10.1016/j.micres.2024.127763,2024-05-15,Lucas William Mendes,Lucas William Mendes (P),P
W4396999483,SWAP 50 years: Advances in modelling soil-water-atmosphere-plant interactions,https://doi.org/10.1016/j.agwat.2024.108883,2024-05-16,Quirijn de Jong van Lier,Quirijn de Jong van Lier (E),E
W4398190546,Contrasting carbon cycle responses to dry (2015 El Niño) and wet (2008 La Niña) extreme events at an Amazon tropical forest,https://doi.org/10.1016/j.agrformet.2024.110037,2024-05-21,Plínio Barbosa de Camargo,Plínio Barbosa de Camargo (E),E
W4398250089,PGPg_finder: A comprehensive and user-friendly pipeline for identifying plant growth-promoting genes in genomic and metagenomic data,https://doi.org/10.1016/j.rhisph.2024.100905,2024-05-23,Lucas William Mendes,Lucas William Mendes (P),P
W4398254464,"Unveiling the aluminum tolerance by Tithonia diversifolia grown in acid soil: Insights from morphological, anatomical, and nutritional analysis",https://doi.org/10.1002/ldr.5170,2024-05-23,Adibe Luiz Abdalla; Adriana Pinheiro Martinelli; Helder Louvandini; José Lavres Junior,Adibe Luiz Abdalla (P); Adriana Pinheiro Martinelli (P); Helder Louvandini (P); José Lavres Junior (T),P+T
W4399021811,Assessing nutritional quality and gas production kinetics: incorporating Tithonia diversifolia into sugarcane silage,https://doi.org/10.1007/s10457-024-01007-5,2024-05-25,Adibe Luiz Abdalla,Adibe Luiz Abdalla (P),P
W4399212333,Systems biology: from the fundamentals of complexity to applications in plant biology,https://doi.org/10.53660/clm-3569-24j22,2024-05-31,Flavia Vischi Winck,Flavia Vischi Winck (P),P
W4399258728,"Lethal and behavioral effects of semi-purified microcystins, Micropeptin and apolar compounds from cyanobacteria on freshwater microcrustacean Thamnocephalus platyurus",https://doi.org/10.1016/j.aquatox.2024.106983,2024-06-01,Ernani Pinto Junior,Ernani Pinto Junior (E),E
W4399271698,Interaction between methanotrophy and gastrointestinal nematodes infection on the rumen microbiome of lambs,https://doi.org/10.1093/femsec/fiae083,2024-05-14,Adibe Luiz Abdalla; Helder Louvandini; Lucas William Mendes,Adibe Luiz Abdalla (P); Helder Louvandini (P); Lucas William Mendes (P),P
W4399280792,The double-edged sword of potassium and sodium fertilization in xylem embolism resistance of two Eucalyptus species under drought stress,https://doi.org/10.1093/jxb/erae258,2024-06-01,José Lavres Junior,José Lavres Junior (T),T
W4399290630,Greenhouse gas fluxes in brazilian climate-smart agricultural and livestock systems: A systematic and critical overview,https://doi.org/10.1016/j.jclepro.2024.142782,2024-06-03,Plínio Barbosa de Camargo; Tsai Siu Mui,Plínio Barbosa de Camargo (E); Tsai Siu Mui (P),P+E
W4399327018,Bacterial genomes recovered from litter’s metagenomes in Amazonian Dark Earths,https://doi.org/10.1128/mra.00422-24,2024-06-04,Tsai Siu Mui,Tsai Siu Mui (P),P
W4399330470,Pollen morphology and reproductive biology of Calophyllum brasiliense Cambess. (Calophyllaceae),https://doi.org/10.1080/01916122.2024.2362465,2024-06-04,Adriana Pinheiro Martinelli,Adriana Pinheiro Martinelli (P),P
W4399401237,Genomic decoding of Theobroma grandiflorum (cupuassu) at chromosomal scale: evolutionary insights for horticultural innovation,https://doi.org/10.1093/gigascience/giae027,2024-01-01,Antonio Vargas de Oliveira Figueira,Antonio Vargas de Oliveira Figueira (P),P
W4399463946,Interactive Effects of Bacterial Consortia and Basal Nitrogen Fertilization on Initial Maize Growth: an Investigation Based on Physiological Parameters and 15N Isotopic Analysis,https://doi.org/10.1007/s00344-024-11365-0,2024-06-08,José Lavres Junior,José Lavres Junior (T),T
W4399490745,Agronomic Biofortification Increases Concentrations of Zinc and Storage Proteins in Cowpea Grains,https://doi.org/10.3390/agriculture14060911,2024-06-09,José Lavres Junior,José Lavres Junior (T),T
W4399576971,A single-step microdistillation procedure for the determination of total vicinal diketones in beers,https://doi.org/10.1016/j.microc.2024.110969,2024-06-12,Fabio Rodrigo Piovezani Rocha,Fabio Rodrigo Piovezani Rocha (T),T
W4399661757,Understanding the complexities in glyphosate and ametryn interactions: Soil retention and transformation as influenced by their applications alone and mixture,https://doi.org/10.1016/j.cropro.2024.106803,2024-06-14,Kassio Ferreira Mendes; Valdemar Luiz Tornisielo,Kassio Ferreira Mendes (E); Valdemar Luiz Tornisielo (E),E
W4399675250,The impact of land-use changes and management intensification on bacterial communities in the last decade: a review,https://doi.org/10.1128/aem.00309-24,2024-06-14,Lucas William Mendes,Lucas William Mendes (P),P
W4399761609,"Body size predicts ontogenetic nitrogen stable-isotope (δ15N) variation, but has little relationship with trophic level in ectotherm vertebrate predators",https://doi.org/10.1038/s41598-024-61969-5,2024-06-18,Plínio Barbosa de Camargo,Plínio Barbosa de Camargo (E),E
W4399782906,Facilitating Seed Iron Uptake through Amine-Epoxide Microgels: A Novel Approach to Enhance Cucumber ( Cucumis sativus ) Germination,https://doi.org/10.1021/acs.jafc.4c01522,2024-06-18,Hudson Wallace Pereira de Carvalho,Hudson Wallace Pereira de Carvalho (T),T
W4399786887,Ecological transcriptomics reveals stress response pathways of a ground‐herb species in a waterlogging gradient of Amazonian riparian forests,https://doi.org/10.1111/mec.17437,2024-06-17,Diego Mauricio Riaño Pachón,Diego Mauricio Riaño Pachón (P),P
W4399922247,What is the most effective analytical method for quantification and identification of microplastics in contaminated soils?,https://doi.org/10.1007/s10653-024-02082-4,2024-06-22,Kassio Ferreira Mendes,Kassio Ferreira Mendes (E),E
W4400085057,Ruminant Grazing Lands in the Tropics: Silvopastoral Systems and Tithonia diversifolia as Tools with Potential to Promote Sustainability,https://doi.org/10.3390/agronomy14071386,2024-06-27,Adibe Luiz Abdalla; Helder Louvandini,Adibe Luiz Abdalla (P); Helder Louvandini (P),P
W4400102275,Fine root production and decomposition of integrated plants under intensified farming systems in Brazil,https://doi.org/10.1016/j.rhisph.2024.100930,2024-06-26,Plínio Barbosa de Camargo,Plínio Barbosa de Camargo (E),E
W4400267969,Simulating adaptive grazing management on soil organic carbon in the Southeast U.S.A. using MEMS 2,https://doi.org/10.1016/j.jenvman.2024.121657,2024-07-03,Rafael Silva Santos,Rafael Silva Santos (E),E
W4400294546,Pre-emergence herbicides mixture in soybeans:Amaranthus hybriduscontrol and crop selectivity on cover crops soil,https://doi.org/10.1080/03601234.2024.2372920,2024-07-03,Kassio Ferreira Mendes,Kassio Ferreira Mendes (E),E
W4400347889,The importance of model structure and soil data detail on the simulations of crop growth and water use: A case study for sugarcane,https://doi.org/10.1016/j.agwat.2024.108938,2024-07-05,Quirijn de Jong van Lier,Quirijn de Jong van Lier (E),E
W4400460142,The role of microbial communities in biogeochemical cycles and greenhouse gas emissions within tropical soda lakes,https://doi.org/10.1016/j.scitotenv.2024.174646,2024-07-08,Lucas William Mendes; Marli de Fatima Fiore; Plínio Barbosa de Camargo; Tsai Siu Mui,Lucas William Mendes (P); Marli de Fatima Fiore (P); Plínio Barbosa de Camargo (E); Tsai Siu Mui (P),P+E
W4400475773,How can the inflection point of the water retention curve and the soil physical attributes be used to forecast field capacity?1,https://doi.org/10.1590/1983-40632024v5478125,2024-01-01,Cassio Hamilton Abreu Junior,Cassio Hamilton Abreu Junior (P),P
W4400572148,Clay mineral composition drives soil structure behavior and the associated physical properties in Brazilian Oxisols,https://doi.org/10.1016/j.geodrs.2024.e00837,2024-07-10,Thaís Nascimento Pessoa,Thaís Nascimento Pessoa (E),E
W4400580503,Development and characterization of enhanced urea through micronutrients and established technology addition,https://doi.org/10.1002/agj2.21635,2024-07-12,Hudson Wallace Pereira de Carvalho; José Lavres Junior,Hudson Wallace Pereira de Carvalho (T); José Lavres Junior (T),T
W4400620897,Profile of mineral nutrients and proteins in soybean seeds (Glycine max (L.) Merrill): Insights from 95 varieties cultivated in Brazil,https://doi.org/10.1016/j.jfca.2024.106536,2024-07-14,Hudson Wallace Pereira de Carvalho,Hudson Wallace Pereira de Carvalho (T),T
W4400668243,Exploring the biodiversity of Antarctic cyanobacteria: A review of secondary metabolites and their applications,https://doi.org/10.1016/j.algal.2024.103617,2024-07-15,Ernani Pinto Junior,Ernani Pinto Junior (E),E
W4400734788,Methane-cycling microbial communities from Amazon floodplains and upland forests respond differently to simulated climate change scenarios,https://doi.org/10.1186/s40793-024-00596-z,2024-07-17,Lucas William Mendes; Marcelo Zacharias Moreira; Tsai Siu Mui,Lucas William Mendes (P); Marcelo Zacharias Moreira (E); Tsai Siu Mui (P),P+E
W4400803994,Organic matter decay and bacterial community succession in mangroves under simulated climate change scenarios,https://doi.org/10.1007/s42770-024-01455-2,2024-07-19,Tsai Siu Mui,Tsai Siu Mui (P),P
W4400807284,Root Influences Rhizosphere Hydraulic Properties through Soil Organic Carbon and Microbial Activity,https://doi.org/10.3390/plants13141981,2024-07-19,Thaís Nascimento Pessoa,Thaís Nascimento Pessoa (E),E
W4400939702,"Lime, gypsum, and nitrogen as drivers to increase the abundance of soil fungi and N-cycling microorganisms in integrated agricultural systems",https://doi.org/10.1016/j.apsoil.2024.105549,2024-07-24,Eduardo Mariano,Eduardo Mariano (T),T
W4400948324,NUTRITIONAL VALUE AND IN VITRO DRY MATTER DEGRADABILITY IN MEXICAN SUNFLOWER: Tithonia diversifolia Helms (Gray),https://doi.org/10.56369/tsaes.5211,2024-07-15,Adibe Luiz Abdalla,Adibe Luiz Abdalla (P),P
W4401013560,Açai seed biochar improves soil quality and black pepper seedling development in the Amazon region,https://doi.org/10.1016/j.jenvman.2024.121752,2024-07-26,Cassio Hamilton Abreu Junior,Cassio Hamilton Abreu Junior (P),P
W4401097597,Hydro-pedotransfer functions: a roadmap for future development,https://doi.org/10.5194/hess-28-3391-2024,2024-07-29,Quirijn de Jong van Lier,Quirijn de Jong van Lier (E),E
W4401132942,Canopy-Radiation Balance Method to Assess Daily Actual Evapotranspiration: Applications in Brazil’s Caatinga Forest,https://doi.org/10.1061/jhyeff.heeng-6210,2024-07-30,Quirijn de Jong van Lier,Quirijn de Jong van Lier (E),E
W4401157203,The structural nature of Passiflora organensis Gardner leaf variegation,https://doi.org/10.1007/s40415-024-01030-x,2024-07-29,Adriana Pinheiro Martinelli,Adriana Pinheiro Martinelli (P),P
W4401392393,Unlocking Biological Activity and Metabolomics Insights: Primary Screening of Cyanobacterial Biomass from a Tropical Reservoir,https://doi.org/10.1002/etc.5962,2024-08-07,Ernani Pinto Junior,Ernani Pinto Junior (E),E
W4401411802,Phosphorus cycling from residual pools underlying efficient P fertilization in rotation systems in tropical agriculture,https://doi.org/10.1016/j.still.2024.106255,2024-08-08,Hudson Wallace Pereira de Carvalho,Hudson Wallace Pereira de Carvalho (T),T
W4401504685,Carbon stocks in Planosols along a rainfall gradient in Northeast Brazil,https://doi.org/10.1016/j.catena.2024.108295,2024-08-12,Plínio Barbosa de Camargo,Plínio Barbosa de Camargo (E),E
W4401525071,Relevant insights and concepts overlooked throughout the development of flow analysis. A tutorial,https://doi.org/10.1016/j.talanta.2024.126689,2024-08-12,Elias Ayres Guidetti Zagatto,Elias Ayres Guidetti Zagatto (T),T
W4401533122,"Understanding the effects of lithium exposure on castor bean (Ricinus communis) plants, a potential bioindicator of lithium-contaminated areas",https://doi.org/10.1007/s11356-024-34680-1,2024-08-13,Hudson Wallace Pereira de Carvalho,Hudson Wallace Pereira de Carvalho (T),T
W4401545567,Differential recruitment of plant growth-promoting bacteria community by soybean rhizosphere in no-tillage and integrated crop-livestock,https://doi.org/10.1016/j.rhisph.2024.100948,2024-08-13,Lucas William Mendes,Lucas William Mendes (P),P
W4401586709,Biodiversity and community structures of fungi and bacteria in soils under a crop-livestock integration system,https://doi.org/10.1016/j.apsoil.2024.105565,2024-08-14,Lucas William Mendes,Lucas William Mendes (P),P
W4401667982,Monitoring and assessment in the context of governance of nature-based solutions. Shared challenges and opportunities in CELAC and EU cities,https://doi.org/10.1016/j.nbsj.2024.100170,2024-08-17,Giuliano Maselli Locosselli,Giuliano Maselli Locosselli (E),E
W4401761836,Influence of soil properties on 14C-Saflufenacil behavior: Sorption and mobility study,https://doi.org/10.51694/advweedsci/2024;42:00013,2024-01-01,Kassio Ferreira Mendes,Kassio Ferreira Mendes (E),E
W4401802565,Looking for the needle in the haystack: bioluminescence and culture media as a combined approached to evaluate microbial load in ICUs of a Brazilian megalopolis,https://doi.org/10.22533/at.ed.1594792421085,2024-08-22,Mauricio Cruz Mantoani,Mauricio Cruz Mantoani (E),E
W4401825188,The Leaching Potential and Recovery of 15-N-Fertilizer by Sugarcane Cultivated in Sandy Soil,https://doi.org/10.1007/s12355-024-01479-w,2024-08-22,Paulo César Ocheuze Trivelin,Paulo César Ocheuze Trivelin (T),T
W4401836861,To improve estimates of neotropical forest carbon stocks more direct measurements are needed: An example from the Southwestern Amazon,https://doi.org/10.1016/j.foreco.2024.122195,2024-08-23,Plínio Barbosa de Camargo,Plínio Barbosa de Camargo (E),E
W4401843347,Chronology of colonization of the nematophagous fungus Duddingtonia flagrans in sheep pastures,https://doi.org/10.54033/cadpedv21n8-215,2024-08-23,Adibe Luiz Abdalla,Adibe Luiz Abdalla (P),P
W4401851204,Does the inclusion of crop and forestry components in forage‐based systems affect the ruminal fermentation and methane production of Marandu palisadegrass?,https://doi.org/10.1111/gfs.12690,2024-08-23,Adibe Luiz Abdalla,Adibe Luiz Abdalla (P),P
W4401914232,The effect of substrate concentration on the methane-driven interaction network,https://doi.org/10.1016/j.ejsobi.2024.103665,2024-08-27,Lucas William Mendes,Lucas William Mendes (P),P
W4401931038,Evaluation of physicochemical parameters as indicators of diesel adulteration,https://doi.org/10.1016/j.heliyon.2024.e36945,2024-08-26,Valter Arthur,Valter Arthur (P),P
W4402080173,Immunohistochemistry analyses of the abomasal mucosa show differences in cellular-mediated immune responses to Haemonchus contortus infection in resistant and susceptible young lambs,https://doi.org/10.1016/j.dci.2024.105259,2024-08-30,Helder Louvandini,Helder Louvandini (P),P
W4402131077,The use of infrared thermography as an indicator of methane production in hair sheep,https://doi.org/10.1007/s11250-024-04096-7,2024-09-01,Adibe Luiz Abdalla; Helder Louvandini,Adibe Luiz Abdalla (P); Helder Louvandini (P),P
W4402204183,Response of melon accessions to doses of Co60 gamma rays and their effects on the morphology of the M1 generation,https://doi.org/10.5935/1806-6690.20250024,2024-09-03,Augusto Tulmann Neto,Augusto Tulmann Neto (P),P
W4402347825,Neutron activation analysis for development of organic coffee leaves reference material,https://doi.org/10.1007/s10967-024-09745-7,2024-09-09,Elisabete Aparecida De Nadai Fernandes,Elisabete Aparecida De Nadai Fernandes (T),T
W4402536981,Glyphosate isolado e em associação com herbicida para o controle e seletividade de plantas daninhas na cultura do algodão RF,https://doi.org/10.56238/levv15n39-131,2024-09-03,Kassio Ferreira Mendes,Kassio Ferreira Mendes (E),E
W4402541268,"PSXI-13 Effects of corn containing gene for high concentration of alpha amylase (Enogen Feed corn) on fermentative parameters, digestibility and methane in vitro",https://doi.org/10.1093/jas/skae234.851,2024-09-01,Adibe Luiz Abdalla,Adibe Luiz Abdalla (P),P
W4402541735,"PSXI-12 Effects of Flint corn with or without high concentration of amylase and particle size on in vitro fermentation parameters, gas production and methane emission",https://doi.org/10.1093/jas/skae234.871,2024-09-01,Adibe Luiz Abdalla,Adibe Luiz Abdalla (P),P
W4402541740,PSXI-14 Effects of diets with high and low inclusion of corn with or without high concentration of amylase on in vitro fermentative parameters and gas production,https://doi.org/10.1093/jas/skae234.850,2024-09-01,Adibe Luiz Abdalla,Adibe Luiz Abdalla (P),P
W4402564883,In situ determination of soybean leaves nutritional status by portable X-ray fluorescence: An initial approach for data collection and predictive modelling,https://doi.org/10.1016/j.biosystemseng.2024.09.011,2024-09-17,Hudson Wallace Pereira de Carvalho,Hudson Wallace Pereira de Carvalho (T),T
W4402592357,Characterization of indoor airborne particulate matter and bioaerosols in wood-fired pizzeria kitchens,https://doi.org/10.1007/s44274-024-00140-3,2024-09-18,Mauricio Cruz Mantoani,Mauricio Cruz Mantoani (E),E
W4402627271,Potential functional profiling of soil microbial communities under long-term application of tannery sludge,https://doi.org/10.1016/j.soilad.2024.100021,2024-09-19,Lucas William Mendes,Lucas William Mendes (P),P
W4402649950,Do XRF local models have temporal stability for predicting plant-available nutrients in different years? A long-term study showing the effect of soil fertility management in a tropical field,https://doi.org/10.1016/j.still.2024.106307,2024-09-19,Hudson Wallace Pereira de Carvalho; José Lavres Junior,Hudson Wallace Pereira de Carvalho (T); José Lavres Junior (T),T
W4402664745,Fermentation and Nutritive Value of Pineapple Stubble Silage Supplemented with Leucaena Hay,https://doi.org/10.3390/agronomy14092140,2024-09-20,Adibe Luiz Abdalla,Adibe Luiz Abdalla (P),P
W4402687028,Effects of anticoagulants time storage on stable isotope values of crocodilians’ blood tissues,https://doi.org/10.1080/10256016.2024.2403655,2024-09-02,Plínio Barbosa de Camargo,Plínio Barbosa de Camargo (E),E
W4402736920,"Hohenbergia alba and Hohenbergia sparsiflora, two striking new bromeliads from the Brazilian Atlantic Forest",https://doi.org/10.11646/phytotaxa.665.3.5,2024-09-23,Adriana Pinheiro Martinelli,Adriana Pinheiro Martinelli (P),P
W4402747013,Association of NBPT and Zinc Sources into Urea: A New Approach to Slow Down Nitrogen Releasing and Reduce Losses,https://doi.org/10.1007/s42729-024-02017-z,2024-09-23,Hudson Wallace Pereira de Carvalho; José Lavres Junior,Hudson Wallace Pereira de Carvalho (T); José Lavres Junior (T),T
W4402758024,Elemental profile of Ipê species to support timber tracing in Amazon Rainforest,https://doi.org/10.1016/j.tfp.2024.100689,2024-09-24,Elisabete Aparecida De Nadai Fernandes,Elisabete Aparecida De Nadai Fernandes (T),T
W4402970091,Influence of livelihood functional diversity on agro-food systems in rural communities from different macro regions of Brazil,https://doi.org/10.1016/j.indic.2024.100495,2024-09-30,Luiz Antonio Martinelli,Luiz Antonio Martinelli (E),E
W4403115901,Integrated instrumental setup comprising an automatic solution handling module and homemade luminometer with two photodetectors for the determination of antioxidants in wines,https://doi.org/10.1039/d4ay01597e,2024-01-01,Boaventura Freire dos Reis,Boaventura Freire dos Reis (T),T
W4403134441,"First report of infestation by Planococcus citri (Risso, 1813) (Hemiptera: Pseudococcidae) on Cyperus esculentus (Poales: Cyperaceae)",https://doi.org/10.1590/1519-6984.284933,2024-01-01,Kassio Ferreira Mendes,Kassio Ferreira Mendes (E),E
W4403255371,Caatinga Microbiome Initiative: disentangling the soil microbiome across areas under desertification and restoration in the Brazilian drylands,https://doi.org/10.1111/rec.14298,2024-10-09,Lucas William Mendes,Lucas William Mendes (P),P
W4403439306,Raw feedstock vs. biochar from olive stone: Impact on the sorption–desorption of diclosulam and tropical soil improvement,https://doi.org/10.1080/03601234.2024.2414360,2024-10-14,Kassio Ferreira Mendes,Kassio Ferreira Mendes (E),E
W4403634051,Geographic variability of carbon and nitrogen isotope ratios of nonvolant terrestrial small mammals (Rodentia) across 3 Brazilian biomes,https://doi.org/10.1093/jmammal/gyae115,2024-10-22,Luiz Antonio Martinelli; Plínio Barbosa de Camargo,Luiz Antonio Martinelli (E); Plínio Barbosa de Camargo (E),E
W4403663797,Bioinformatic insights into sugar signaling pathways in sugarcane growth,https://doi.org/10.1038/s41598-024-75220-8,2024-10-22,Diego Mauricio Riaño Pachón,Diego Mauricio Riaño Pachón (P),P
W4403695639,Genetic variability increase by gamma irradiation of soybean seeds,https://doi.org/10.1016/j.apradiso.2024.111563,2024-10-23,Valter Arthur,Valter Arthur (P),P
W4403757927,Modeling soil organic matter changes under crop diversification strategies and climate change scenarios in the Brazilian Cerrado,https://doi.org/10.1016/j.agee.2024.109334,2024-10-25,Rafael Silva Santos,Rafael Silva Santos (E),E
W4403765458,"VEGETABLE COVERAGE, ANTHROPOGENIC ACTION, AND PALEOCLIMATES IN THE CAATINGA",https://doi.org/10.4215/rm2023.e22011,2023-12-31,Luiz Carlos Ruiz Pessenda,Luiz Carlos Ruiz Pessenda (T),T
W4403854929,"Carbon pools and microbial indicators in vineyard soils under organic and conventional fertilization in the São Francisco Valley, in a semi-arid tropical climate",https://doi.org/10.1016/j.jenvman.2024.122993,2024-10-29,Plínio Barbosa de Camargo,Plínio Barbosa de Camargo (E),E
W4403877607,The phylogenetic relevance of pollen grain size in legumes: a study case with Adesmia DC. and relatives (Leguminosae – Papilionoideae – Dalbergieae – Adesmia Informal Clade),https://doi.org/10.1080/00173134.2024.2410278,2024-10-29,Adriana Pinheiro Martinelli,Adriana Pinheiro Martinelli (P),P
W4403908464,ÍNDICE DE RISCO AMBIENTAL DOS PRINCIPAIS HERBICIDAS UTILIZADOS NO ESTADO DE MATO GROSSO,https://doi.org/10.56238/arev6n2-151,2024-10-17,Kassio Ferreira Mendes,Kassio Ferreira Mendes (E),E
W4403909105,Genetic resistance to Fusarium wilt shapes rhizospheric beneficial microbiota in four banana cultivars,https://doi.org/10.1016/j.rhisph.2024.100988,2024-10-30,Lucas William Mendes,Lucas William Mendes (P),P
W4403915428,Ozonation combined to BAC filtration for secondary effluent treatment containing moderate concentration of heavy metals,https://doi.org/10.1016/j.cej.2024.156899,2024-10-30,Valdemar Luiz Tornisielo,Valdemar Luiz Tornisielo (E),E
W4403922294,"Gamma ray irradiation on Swiss cheese estates ( Monstera adansonii ): growth, development, and variation",https://doi.org/10.1080/09553002.2024.2418509,2024-10-30,Kassio Ferreira Mendes,Kassio Ferreira Mendes (E),E
W4403935530,Differential effects of fresh and composted organic wastes on soil bacterial community and maize growth,https://doi.org/10.1016/j.apsoil.2024.105715,2024-10-31,Lucas William Mendes; Tsai Siu Mui,Lucas William Mendes (P); Tsai Siu Mui (P),P
W4403984699,Weaker Atlantic overturning circulation increases the vulnerability of northern Amazon forests,https://doi.org/10.1038/s41561-024-01578-z,2024-11-01,Marília Campos,Marília Campos (T),T
W4403999777,Unveiling contribution and fate of nitrogen with 15N techniques affected by microbial co-inoculation on field-grown maize: A novel approach to optimize N-fertilizer use efficiency,https://doi.org/10.1016/j.plaphy.2024.109261,2024-11-02,José Lavres Junior,José Lavres Junior (T),T
W4404047810,Treating Tropical Soils with Composted Sewage Sludge Reduces the Mineral Fertilizer Requirements in Sugarcane Production,https://doi.org/10.3390/land13111820,2024-11-02,Cassio Hamilton Abreu Junior,Cassio Hamilton Abreu Junior (P),P
W4404092093,Phytoremediation of microcystins using Myriophyllum aquaticum can prevent sublethal effects in a Neotropical freshwater catfish,https://doi.org/10.5327/z2176-94782172,2024-11-06,Ernani Pinto Junior,Ernani Pinto Junior (E),E
W4404122363,Florida mangrove dieback on a decadal and centennial timescales,https://doi.org/10.1016/j.scitotenv.2024.177345,2024-11-07,Luiz Carlos Ruiz Pessenda,Luiz Carlos Ruiz Pessenda (T),T
W4404198264,Ultrasound technology supplements zinc in soybean seeds and increases the photosynthetic efficiency of seedlings,https://doi.org/10.1016/j.compag.2024.109619,2024-11-09,Hudson Wallace Pereira de Carvalho; Valter Arthur,Hudson Wallace Pereira de Carvalho (T); Valter Arthur (P),P+T
W4404202996,"A comprehensive assessment of greenhouse gas emissions research in the Cerrado region, Brazil",https://doi.org/10.1016/j.catena.2024.108538,2024-11-09,Rafael Silva Santos,Rafael Silva Santos (E),E
W4404277036,"Soil Dynamics in Carbon, Nitrogen, and Enzyme Activity Under Maize–Green Manure Cropping Sequences",https://doi.org/10.3390/soilsystems8040115,2024-11-12,Cassio Hamilton Abreu Junior,Cassio Hamilton Abreu Junior (P),P
W4404314518,Mutation induction by gamma rays in clonal plantlets of Eucalyptus saligna and Eucalyptus dunnii: dose adjustment and application of repeated pruning,https://doi.org/10.1007/s11056-024-10077-3,2024-11-14,Augusto Tulmann Neto,Augusto Tulmann Neto (P),P
W4404429995,Quality control material of bovine tail hair for multi-element analysis,https://doi.org/10.1007/s10967-024-09856-1,2024-11-15,Elisabete Aparecida De Nadai Fernandes,Elisabete Aparecida De Nadai Fernandes (T),T
W4404517403,The effect of Tithonia diversifolia in a silvopastoral system with Urochloa brizantha cv. Xaraés,https://doi.org/10.1071/cp24148,2024-11-19,Adibe Luiz Abdalla; Helder Louvandini,Adibe Luiz Abdalla (P); Helder Louvandini (P),P
W4404518686,Effects of sugarcane cultivation on the carbon dioxide dynamics of tropical headwater streams,https://doi.org/10.1080/20442041.2024.2431400,2024-11-19,Luiz Antonio Martinelli,Luiz Antonio Martinelli (E),E
W4404578039,Field dissipation and leaching potential of indaziflam in soil columns from coffee-cultivated areas with different soil cover materials,https://doi.org/10.51694/advweedsci/2024;42:00030,2024-01-01,Kassio Ferreira Mendes,Kassio Ferreira Mendes (E),E
W4404629863,Forage ecology of Neotropical fish in Brazilian biomes using stable isotopes,https://doi.org/10.1016/j.scitotenv.2024.177682,2024-11-23,Luiz Antonio Martinelli,Luiz Antonio Martinelli (E),E
W4404676267,Education of 21st century: A proposal of flipped classroom strategy to teach Soil Biology,https://doi.org/10.36783/18069657rbcs20240062,2024-01-01,Lucas William Mendes,Lucas William Mendes (P),P
W4404744319,Bridging the Python Training Gap for Bioscientists in Brazil: Improvements and Challenges,https://doi.org/10.1002/bmb.70071,2026-07-01,Diego Mauricio Riaño Pachón; Flavia Vischi Winck,Diego Mauricio Riaño Pachón (P); Flavia Vischi Winck (P),P
W4404772858,Combined use of NBPT and micronutrients in granulated or coated urea: A new approach to reduce ammonia volatilization losses from soil,https://doi.org/10.1111/sum.13148,2024-10-01,José Lavres Junior,José Lavres Junior (T),T
W4404850926,A gist of current understanding about soil-plant boron nutritional status in eucalyptus: a bibliometric review,https://doi.org/10.1590/1678-992x-2023-0186,2024-11-29,José Lavres Junior,José Lavres Junior (T),T
W4404887560,Millennial- to centennial-scale Atlantic ITCZ swings during the penultimate deglaciation,https://doi.org/10.1016/j.quascirev.2024.109095,2024-11-30,Marília Campos,Marília Campos (T),T
W4404890764,Breeding-induced changes in the rhizosphere microbial communities in Lima bean (Phaseolus lunatus),https://doi.org/10.1016/j.apsoil.2024.105782,2024-12-01,Lucas William Mendes,Lucas William Mendes (P),P
W4404919113,Using Morphological Characters to Support Decision-Making in Nature-Based Solutions: A Shortcut to Promote Urban Plant Biodiversity,https://doi.org/10.3390/urbansci8040233,2024-12-01,Giuliano Maselli Locosselli,Giuliano Maselli Locosselli (E),E
W4405142688,Slash-and-burn agriculture disrupts the carbon storage potential and ecosystem multifunctionality of Amazon's secondary forests,https://doi.org/10.1016/j.agee.2024.109413,2024-12-07,Plínio Barbosa de Camargo; Tsai Siu Mui,Plínio Barbosa de Camargo (E); Tsai Siu Mui (P),P+E
W4405280936,Disguised Blessings: A Mechanistic Understanding of the Beneficial Outcomes Triggered by Partial K Replacement With Na in Two Eucalyptus Species Under Drought Stress,https://doi.org/10.1111/pce.15316,2024-12-11,Francisco Scaglia Linhares; José Lavres Junior,Francisco Scaglia Linhares (P); José Lavres Junior (T),P+T
W4405500503,Does Microplastic Contamination in Agricultural Soils Decrease the Efficiency of Herbicides for Weed Control?,https://doi.org/10.3390/microplastics3040048,2024-12-17,Kassio Ferreira Mendes,Kassio Ferreira Mendes (E),E
W4405514960,Non-native fishes occupy broader isotopic niche than native fishes in an impaired river system,https://doi.org/10.1007/s10750-024-05766-1,2024-12-18,Marcelo Zacharias Moreira,Marcelo Zacharias Moreira (E),E
W4405532009,Flow-based determination of total mercury in waters by flameless atomic absorption spectrometry,https://doi.org/10.15343/0104-7809.202448e16392024i,2024-01-01,Elias Ayres Guidetti Zagatto; Luiz Carlos Ruiz Pessenda,Elias Ayres Guidetti Zagatto (T); Luiz Carlos Ruiz Pessenda (T),T
W4405534610,Determinação de mercúrio total em águas por espectrometria de absorção atômica sem chama baseada em fluxo,https://doi.org/10.15343/0104-7809.202448e16392024p,2024-01-01,Elias Ayres Guidetti Zagatto; Luiz Carlos Ruiz Pessenda,Elias Ayres Guidetti Zagatto (T); Luiz Carlos Ruiz Pessenda (T),T
W4405565163,Environmentally friendly procedure for determination of total furfurals in coffees exploiting digital image photometry,https://doi.org/10.1016/j.microc.2024.112543,2024-12-19,Fabio Rodrigo Piovezani Rocha; Samara Soares,Fabio Rodrigo Piovezani Rocha (T); Samara Soares (T),T
W4405573689,Effect of chemical weed control in the soybean and maize production system in the floristic community in the Cerrado regions of central Minas Gerais state,https://doi.org/10.51694/advweedsci/2024;42:00032,2024-01-01,Kassio Ferreira Mendes,Kassio Ferreira Mendes (E),E
W4405583117,Soil pH modulates the activity of low-affinity methane oxidation in soils from the Amazon region,https://doi.org/10.1093/jambio/lxae303,2024-12-17,Marcelo Zacharias Moreira; Tsai Siu Mui,Marcelo Zacharias Moreira (E); Tsai Siu Mui (P),P+E
W4405692026,Trophic ecology of a small characid reflects the degradation of a basin after the rupture of an ore tailings dam,https://doi.org/10.1007/s10452-024-10167-6,2024-12-23,Marcelo Zacharias Moreira,Marcelo Zacharias Moreira (E),E
W4405736697,"Residual Effect of Silicate Agromineral Application on Soil Acidity, Mineral Availability, and Soybean Anatomy",https://doi.org/10.3390/agronomy15010005,2024-12-24,Cassio Hamilton Abreu Junior,Cassio Hamilton Abreu Junior (P),P
W4405821122,Balancing productivity and emissions: the role of Tithonia diversifolia in tropical silvopastoral system,https://doi.org/10.1007/s10457-024-01108-1,2024-12-26,Adibe Luiz Abdalla; Helder Louvandini,Adibe Luiz Abdalla (P); Helder Louvandini (P),P
W4405898656,UNIVERSIDADE DE VOLTA A ESCOLA,https://doi.org/10.31417/nexus.v10i15.320,2024-12-30,Ernani Pinto Junior; Tsai Siu Mui,Ernani Pinto Junior (E); Tsai Siu Mui (P),P+E
W4406037777,Nanobased Natural Polymers as a Carrier System for Glyphosate: An Interesting Approach Aimed at Sustainable Agriculture,https://doi.org/10.1021/acs.jafc.4c08328,2025-01-02,Valdemar Luiz Tornisielo,Valdemar Luiz Tornisielo (E),E
W4406057800,AMOC-forced southward migration of the ITCZ under a warm climate background,https://doi.org/10.1016/j.palaeo.2024.112705,2025-01-04,Marília Campos,Marília Campos (T),T
W4406062082,Land-use change and deep-soil carbon distribution on the Brazilian Amazon-Cerrado agricultural frontier,https://doi.org/10.1016/j.agee.2024.109451,2025-01-05,Rafael Silva Santos,Rafael Silva Santos (E),E
W4406159703,Liming and soil texture affect the miscible displacement of phosphorus from organic and mineral sources in tropical oxisols,https://doi.org/10.1016/j.scitotenv.2024.178341,2025-01-01,Thaís Nascimento Pessoa,Thaís Nascimento Pessoa (E),E
W4406192553,Phytoplankton composition and metabolomic profiles in aquaculture systems: A case study in Brazil's natural lakes,https://doi.org/10.1016/j.aquaculture.2025.742135,2025-01-08,Ernani Pinto Junior,Ernani Pinto Junior (E),E
W4406225941,Land uses modify isotopic composition in aquatic macroinvertebrates from semideciduous Atlantic Forest stream sites,https://doi.org/10.1007/s10201-024-00776-3,2025-01-09,Luiz Antonio Martinelli; Maria Gabriella da Silva Araújo,Luiz Antonio Martinelli (E); Maria Gabriella da Silva Araújo (E),E
W4406240466,Harnessing plant growth-promoting bacteria (Herbaspirillum seropedicae) from an optimal mineral nitrogen supply: A study on improving nitrogen use efficiency in marandu palisadegrass,https://doi.org/10.1016/j.plaphy.2025.109497,2025-01-10,José Lavres Junior,José Lavres Junior (T),T
W4406255584,From overgrazed land to forests: assessing soil health in the Caatinga biome,https://doi.org/10.1016/j.jenvman.2024.124022,2025-01-10,Plínio Barbosa de Camargo,Plínio Barbosa de Camargo (E),E
W4406311654,Field-scale modeling of root water uptake and crop growth in a tropical scenario,https://doi.org/10.1016/j.fcr.2025.109749,2025-01-13,Quirijn de Jong van Lier,Quirijn de Jong van Lier (E),E
W4406378366,Root Development of Tomato Plants Infected by the Cacao Pathogen Moniliophthora perniciosa Is Affected by Limited Sugar Availability,https://doi.org/10.1111/pce.15385,2025-01-13,Antonio Vargas de Oliveira Figueira,Antonio Vargas de Oliveira Figueira (P),P
W4406506867,Nitrogen uptake and physiological use efficiency in Brazilian sugarcane (Saccharum × spp.) cultivars: A gist of current understanding,https://doi.org/10.1016/j.sajb.2025.01.014,2025-01-17,Antonio Vargas de Oliveira Figueira; José Lavres Junior,Antonio Vargas de Oliveira Figueira (P); José Lavres Junior (T),P+T
W4406526603,Foliar Application and Translocation of Radiolabeled Zinc Oxide Suspension vs. Zinc Sulfate Solution by Soybean Plants,https://doi.org/10.3390/agriculture15020197,2025-01-17,Elisabete Aparecida De Nadai Fernandes; Hudson Wallace Pereira de Carvalho,Elisabete Aparecida De Nadai Fernandes (T); Hudson Wallace Pereira de Carvalho (T),T
W4406526656,Characterization of the Pore Network of a Cohesive Oxisol Through Morphological and Pore Complexity Analyses,https://doi.org/10.3390/agriculture15020200,2025-01-17,Thaís Nascimento Pessoa,Thaís Nascimento Pessoa (E),E
W4406538084,Harnessing the synergy of Urochloa brizantha and Amazonian Dark Earth microbiomes for enhanced pasture recovery,https://doi.org/10.1186/s12866-024-03741-3,2025-01-17,Tsai Siu Mui,Tsai Siu Mui (P),P
W4406606794,Collection of optimizations for untargeted metabolomics analysis of Leishmania promastigotes using gas chromatography-mass spectrometry,https://doi.org/10.1016/j.talanta.2025.127603,2025-01-20,Ernani Pinto Junior,Ernani Pinto Junior (E),E
W4406741345,Co-inoculation with Bacillus thuringiensis RZ2MS9 and rhizobia improves the soybean development and modulates soil functional diversity,https://doi.org/10.1093/femsec/fiaf013,2025-01-22,Lucas William Mendes,Lucas William Mendes (P),P
W4406778799,Confounding factors in the isotopic analysis of herbivore fecal samples,https://doi.org/10.1007/s10344-024-01873-5,2025-01-23,Marcelo Zacharias Moreira,Marcelo Zacharias Moreira (E),E
W4406791080,Key genotype and soil parameters for sugarcane growth: A sensitivity analysis of the SAMUCA model in Brazilian agroecosystems,https://doi.org/10.1016/j.fcr.2025.109754,2025-01-24,Quirijn de Jong van Lier,Quirijn de Jong van Lier (E),E
W4406822005,Development of a rapid X-ray fluorescence method for protein determination in soybean grains,https://doi.org/10.1016/j.foodchem.2025.143095,2025-01-25,Hudson Wallace Pereira de Carvalho,Hudson Wallace Pereira de Carvalho (T),T
W4406839759,"Soil carbon allocation, composition, and sequestration changes induced by cropping diversification in tropical systems",https://doi.org/10.1016/j.still.2025.106464,2025-01-26,Rafael Silva Santos,Rafael Silva Santos (E),E
W4406878025,Methodological tests using Amazonian soil samples for 14 C-AMS dating,https://doi.org/10.1017/rdc.2024.102,2025-01-27,Luiz Carlos Ruiz Pessenda,Luiz Carlos Ruiz Pessenda (T),T
W4406974948,Soil properties and charcoal as proxies of variations driving pedogenesis in a savanna palm swamp (vereda): Insights into Quaternary climate and environmental changes of central Brazil,https://doi.org/10.1016/j.catena.2025.108760,2025-01-30,Plínio Barbosa de Camargo,Plínio Barbosa de Camargo (E),E
W4407023628,Effect of roasting on chemical composition of coffee,https://doi.org/10.1016/j.foodchem.2025.143169,2025-01-31,Fabio Rodrigo Piovezani Rocha,Fabio Rodrigo Piovezani Rocha (T),T
W4407039466,Seasonal and extreme water level fluctuations impact methane concentrations and fluxes in two Amazon tributaries near Manaus,https://doi.org/10.1127/fal/2025/1563,2025-01-31,Alex Vladimir Krusche,Alex Vladimir Krusche (E),E
W4407071437,Assessing bimodal water retention functions of stony soils using curve fitting and inverse modeling,https://doi.org/10.1016/j.jhydrol.2025.132773,2025-02-02,Quirijn de Jong van Lier,Quirijn de Jong van Lier (E),E
W4407071589,"Relationship between body temperature measured by infrared thermography and performance, feed efficiency and enteric gas emission of hair lambs",https://doi.org/10.1016/j.jtherbio.2025.104070,2025-01-01,Adibe Luiz Abdalla,Adibe Luiz Abdalla (P),P
W4407085877,Predicting bulk density in Brazilian soils for carbon stocks calculation: a comparative study of multiple linear regression and Random Forest models using continuous and categorical variables,https://doi.org/10.1007/s44378-025-00035-6,2025-02-03,Quirijn de Jong van Lier,Quirijn de Jong van Lier (E),E
W4407142481,"Genotype-Specific Physiological Responses of Sugarcane to Potassium Deficiency: Integrating K Nutritional Efficiency, Photosynthesis-Related Parameters and Sugar Partitioning",https://doi.org/10.1007/s12355-025-01538-w,2025-02-04,Francisco Scaglia Linhares; José Lavres Junior,Francisco Scaglia Linhares (P); José Lavres Junior (T),P+T
W4407151693,Evaluation of Grape Pomace Supplementation in Lamb Diets to Mitigate Haemonchus contortus Infection,https://doi.org/10.3390/agriculture15030341,2025-02-05,Helder Louvandini,Helder Louvandini (P),P
W4407243414,Differential stimulation of phosphorus-mobilizing bacteria by common bean genotypes in Amazonian Dark Earth and Agricultural Soils with varying fertility levels,https://doi.org/10.1016/j.rhisph.2025.101026,2025-02-08,Lucas William Mendes,Lucas William Mendes (P),P
W4407246648,Combatting pesticide pollution: using liquid scintillation spectrometry to assess 14C-labeled hexachlorobenzene removal by mangrove Bacillus spp.,https://doi.org/10.1007/s10532-025-10113-9,2025-02-01,Valdemar Luiz Tornisielo,Valdemar Luiz Tornisielo (E),E
W4407263026,Large range sizes link fast life histories with high species richness across wet tropical tree floras,https://doi.org/10.1038/s41598-024-84367-3,2025-02-07,Plínio Barbosa de Camargo,Plínio Barbosa de Camargo (E),E
W4407534490,Restoring unbalanced rhizosphere: microbiome transplants combatting leaf diseases,https://doi.org/10.1016/j.tplants.2025.01.011,2025-02-13,Lucas William Mendes,Lucas William Mendes (P),P
W4407591128,High Potassium Supply Detrimentally affects Nutrient use Efficiency and Photochemistry in Pinus spp. Seedlings,https://doi.org/10.1007/s42729-025-02306-1,2025-02-14,José Lavres Junior,José Lavres Junior (T),T
W4407597993,Potassium organomineral fertilizer alters the microbiome of a sandy loam tropical soil,https://doi.org/10.1016/j.apsoil.2025.105960,2025-02-15,Lucas William Mendes,Lucas William Mendes (P),P
W4407666214,Reduced Penetration of Northern‐Sourced Waters Into the South Atlantic During the Last Interglacial Relative to the Holocene,https://doi.org/10.1029/2024pa004955,2025-02-01,Marília Campos,Marília Campos (T),T
W4407754846,FRUITFULL2 controls tomato fertility through style length and pollen quality,https://doi.org/10.1016/j.hpj.2025.01.002,2025-02-19,Adriana Pinheiro Martinelli,Adriana Pinheiro Martinelli (P),P
W4407821098,Biodiesel as a green alternative solvent in dispersive liquid-liquid microextraction,https://doi.org/10.1016/j.sampre.2025.100163,2025-02-01,Fabio Rodrigo Piovezani Rocha; Samara Soares,Fabio Rodrigo Piovezani Rocha (T); Samara Soares (T),T
W4407858071,"Ecological responses of the Atlantic Forest biodiversity hotspot to Holocene climate change: Insights from the Lagoa Canto Grande pollen record, Espirito Santo, coastal Brazil",https://doi.org/10.1002/jqs.3698,2025-02-22,Luiz Carlos Ruiz Pessenda,Luiz Carlos Ruiz Pessenda (T),T
W4407971227,Nano-Enabled Seed Treatment Using Bisepoxide-Polyoxypropylenetriamine Polymeric Gel with Different Embedded Zinc Sources,https://doi.org/10.3390/gels11030167,2025-02-26,Hudson Wallace Pereira de Carvalho,Hudson Wallace Pereira de Carvalho (T),T
W4408058976,The carbon-14 bomb peak as a turning point in dendrochronology in tropics: A literature review and case study with Araucaria angustifolia,https://doi.org/10.1016/j.dendro.2025.126310,2025-02-28,Luiz Carlos Ruiz Pessenda,Luiz Carlos Ruiz Pessenda (T),T
W4408076305,Stable Isotope Analysis:A Tool for Certifying Captive or Wild caiman Leather Origin,https://doi.org/10.1002/aqc.70104,2025-03-01,Plínio Barbosa de Camargo,Plínio Barbosa de Camargo (E),E
W4408091593,Identity Transitions of Tapetum Phases: Insights into Vesicular Dynamics and in Mortem Support During Pollen Maturation,https://doi.org/10.3390/plants14050749,2025-03-01,Francisco Scaglia Linhares,Francisco Scaglia Linhares (P),P
W4408161572,Complex and Dynamic Effects of an Extreme Low Temperature Weather Event on Invasive Plant Populations and Resident Communities,https://doi.org/10.1111/gcb.70113,2025-03-01,Mauricio Cruz Mantoani,Mauricio Cruz Mantoani (E),E
W4408181417,Tropical forests in the Americas are changing too slowly to track climate change,https://doi.org/10.1126/science.adl5414,2025-03-06,Plínio Barbosa de Camargo,Plínio Barbosa de Camargo (E),E
W4408189550,The importance of tropical tree-ring chronologies for global change research,https://doi.org/10.1016/j.quascirev.2025.109233,2025-03-06,Giuliano Maselli Locosselli,Giuliano Maselli Locosselli (E),E
W4408216032,Selectivity of herbicides applied in the post-emergence of industrial hemp ( Cannabis sativa L.),https://doi.org/10.1080/03601234.2025.2475647,2025-03-07,Kassio Ferreira Mendes,Kassio Ferreira Mendes (E),E
W4408219078,Linking soil microbial genomic features to forest-to-pasture conversion in the Amazon,https://doi.org/10.1128/spectrum.01561-24,2025-03-05,Tsai Siu Mui,Tsai Siu Mui (P),P
W4408251298,Kinetic determination of ethyl carbamate in sugarcane spirits exploiting digital videos,https://doi.org/10.1016/j.talanta.2025.127897,2025-03-05,Fabio Rodrigo Piovezani Rocha,Fabio Rodrigo Piovezani Rocha (T),T
W4408262068,Alfalfa seeds biofortification with zinc for production of enriched sprouts,https://doi.org/10.1016/j.jtemin.2025.100230,2025-03-09,Hudson Wallace Pereira de Carvalho,Hudson Wallace Pereira de Carvalho (T),T
W4408272812,Changes in the soil detrital food chain associated with Gunnera tinctoria plant invasions,https://doi.org/10.1017/inp.2025.12,2025-01-01,Mauricio Cruz Mantoani,Mauricio Cruz Mantoani (E),E
W4408346897,Restoration of soil health by Amazonian secondary forests is severely eroded by slash-and-burn recurrence,https://doi.org/10.1016/j.catena.2025.108925,2025-03-12,Plínio Barbosa de Camargo; Tsai Siu Mui,Plínio Barbosa de Camargo (E); Tsai Siu Mui (P),P+E
W4408397881,RISCO AMBIENTAL DOS HERBICIDAS UTILIZADOS NA CULTURA DA SOJA EM MATO GROSSO,https://doi.org/10.56238/arev7n3-116,2025-03-13,Kassio Ferreira Mendes,Kassio Ferreira Mendes (E),E
W4408405888,Genetic consequences of domestication and refreshment on colonies of the South American fruit fly,https://doi.org/10.1111/1744-7917.70007,2025-03-13,Thiago de Araújo Mastrangelo,Thiago de Araújo Mastrangelo (P),P
W4408408318,Metagenome-assembled bacterial genomes from long accurate reads associated with Capilliphycus salinus ALCB114379,https://doi.org/10.1128/mra.00807-24,2025-03-13,Marli de Fatima Fiore,Marli de Fatima Fiore (P),P
W4408490693,Thirsty for solutions: How potassium drives sugarcane's varietal-specific strategies for drought tolerance,https://doi.org/10.1016/j.plaphy.2025.109791,2025-03-16,José Lavres Junior,José Lavres Junior (T),T
W4408530807,The addition of molybdenum to urea changes its characteristics and can react with N-(n-butyl) thiophosphoric triamide,https://doi.org/10.1590/1678-992x-2023-0295,2025-01-01,Eduardo Mariano; Hudson Wallace Pereira de Carvalho; José Lavres Junior; Lílian Angélica Moreira,Eduardo Mariano (T); Hudson Wallace Pereira de Carvalho (T); José Lavres Junior (T); Lílian Angélica Moreira (P),P+T
W4408566793,Airborne fungal spore concentrations double but diversity decreases with warmer winter temperatures in the Brazilian Atlantic Forest biodiversity hotspot,https://doi.org/10.1016/j.microb.2025.100300,2025-03-18,Mauricio Cruz Mantoani,Mauricio Cruz Mantoani (E),E
W4408665515,"Amine-Polyether-Epoxide Nanoplatform-Driven Seed Germination, Plant Growth, and Nutrient Uptake for Sustainable Agriculture",https://doi.org/10.1021/acsomega.4c11661,2025-03-20,Hudson Wallace Pereira de Carvalho,Hudson Wallace Pereira de Carvalho (T),T
W4408713542,"Indaziflam performance in coffee cultivation under different soil cover materials: agronomic efficacy, residual effect, and weed community",https://doi.org/10.1080/03601234.2025.2480476,2025-03-21,Kassio Ferreira Mendes,Kassio Ferreira Mendes (E),E
W4408763478,Co-occurrence network and predicted functions of bacterial community in soil from Brazilian Cerrado under distinct types of vegetation cover,https://doi.org/10.1007/s42974-025-00246-5,2025-03-22,Lucas William Mendes,Lucas William Mendes (P),P
W4408866840,Impacts of repeated forest fires and agriculture on soil organic matter and health in southern Amazonia,https://doi.org/10.1016/j.catena.2025.108924,2025-03-26,Plínio Barbosa de Camargo,Plínio Barbosa de Camargo (E),E
W4408890523,Comparison of salting-out assisted liquid-liquid extraction to polymeric solid phase extraction for liquid chromatography tandem mass spectrometry of neonicotinoids insecticides and metabolites in wastewater: Occurrence and aquatic risk assessment,https://doi.org/10.1016/j.envpol.2025.126136,2025-03-27,Valdemar Luiz Tornisielo,Valdemar Luiz Tornisielo (E),E
W4409183123,Short‐term effects of restoration on soil biological properties in degraded lands of the Brazilian semiarid region,https://doi.org/10.1111/rec.70060,2025-04-04,Lucas William Mendes,Lucas William Mendes (P),P
W4409203498,"In vitro, field, and in vivo trials of Metarhizium anisopliae isolate IBCB425 against Haemonchus contortus",https://doi.org/10.1016/j.vetpar.2025.110460,2025-04-07,Helder Louvandini,Helder Louvandini (P),P
W4409212006,Three Decades of Irrigated Sugarcane Cropping Increased the Soil Carbon Stock and Substituted Most of the Original Carbon in the Brazilian Drylands,https://doi.org/10.1080/00103624.2025.2489114,2025-04-07,Plínio Barbosa de Camargo,Plínio Barbosa de Camargo (E),E
W4409241886,Timing since deforestation for pastures implementation in the western Amazon: Impacts on stream water biogeochemistry,https://doi.org/10.1016/j.scitotenv.2025.179320,2025-04-08,Alex Vladimir Krusche,Alex Vladimir Krusche (E),E
W4409252648,Use of energy dispersive X-ray fluorescence (EDXRF) spectrometry to determine external markers in animal intake estimation trials,https://doi.org/10.1016/j.microc.2025.113582,2025-04-08,Adibe Luiz Abdalla; Helder Louvandini; Hudson Wallace Pereira de Carvalho,Adibe Luiz Abdalla (P); Helder Louvandini (P); Hudson Wallace Pereira de Carvalho (T),P+T
W4409273794,Synergism of Bacillus subtilis and Azospirillum brasilense for enhanced N‐use efficiency and maize growth: Evidence from 15 N isotopic and physiological responses,https://doi.org/10.1111/ppl.70205,2025-03-01,José Lavres Junior,José Lavres Junior (T),T
W4409276630,Molybdenum supply increases 15N-nitrate uptake by maize,https://doi.org/10.3389/fpls.2025.1546132,2025-04-08,Eduardo Mariano; Lílian Angélica Moreira,Eduardo Mariano (T); Lílian Angélica Moreira (P),P+T
W4409340098,Lima bean breeding changes the community of plant growth-promoting rhizobacteria in the rhizosphere,https://doi.org/10.1007/s13199-025-01048-z,2025-04-01,Lucas William Mendes,Lucas William Mendes (P),P
W4409345922,Leaf carbon isotope composition: a key proxy for scaling up the best candidates,https://doi.org/10.1093/jxb/eraf007,2025-04-09,José Lavres Junior,José Lavres Junior (T),T
W4409351938,Multi-isotope calibration strategy for trace elements determination in whole blood by inductively coupled plasma mass spectrometry,https://doi.org/10.1016/j.microc.2025.113628,2025-04-11,Alex Virgilio,Alex Virgilio (T),T
W4409498258,Mechanistic modeling of root water uptake in tropical agriculture: a sensitivity analysis of drought stress dynamics,https://doi.org/10.1007/s11104-025-07452-0,2025-04-16,Quirijn de Jong van Lier,Quirijn de Jong van Lier (E),E
W4409546436,Functional adaptations of the rhizosphere microbiome for drought-tolerance promotion in common bean,https://doi.org/10.1016/j.stress.2025.100860,2025-04-17,Lucas William Mendes; Tsai Siu Mui,Lucas William Mendes (P); Tsai Siu Mui (P),P
W4409588975,Holocene vegetation and soil changes in the driest region of caatinga dry forest – phytolith contribution,https://doi.org/10.1016/j.catena.2025.109016,2025-04-18,Luiz Carlos Ruiz Pessenda,Luiz Carlos Ruiz Pessenda (T),T
W4409666116,"The why, how, and what of indicator-based monitoring of nature-based solutions: Perspectives from EU and LAC city practitioners",https://doi.org/10.1007/s13280-025-02174-0,2025-04-22,Giuliano Maselli Locosselli,Giuliano Maselli Locosselli (E),E
W4409677432,From policy to practice: the role of integrated systems in mitigating climate change in Brazil,https://doi.org/10.36560/18320252062,2025-04-22,Adibe Luiz Abdalla,Adibe Luiz Abdalla (P),P
W4409733873,"Atmospheric herbicide contamination: sources, long-range transport, and health-environmental risks",https://doi.org/10.1007/s11869-025-01733-4,2025-04-24,Kassio Ferreira Mendes,Kassio Ferreira Mendes (E),E
W4409768838,Plant–microbe interactions: plants modulating their defenses,https://doi.org/10.1016/j.tplants.2025.04.001,2025-04-24,Lucas William Mendes,Lucas William Mendes (P),P
W4409802858,Production of tempe koro benguk using local starter and its implementation as a biotechnology module for high school students,https://doi.org/10.30821/biolokus.v7i2.3748,2024-12-15,Lucas William Mendes,Lucas William Mendes (P),P
W4409859841,Mating compatibility among different wild and laboratory strains of the Brazil‐1 morphotype of Anastrepha fraterculus (Diptera: Tephritidae),https://doi.org/10.1111/1744-7917.70055,2025-04-27,Thiago de Araújo Mastrangelo,Thiago de Araújo Mastrangelo (P),P
W4409964755,"Correlation Analysis Between Physical–Chemical and Biological Conditions in the River and the Incidence of Diseases in the City of Piracicaba, Brazil",https://doi.org/10.3390/toxics13050359,2025-04-30,Deoclecio Jardim Amorim; Ernani Pinto Junior,Deoclecio Jardim Amorim (T); Ernani Pinto Junior (E),T+E
W4409986812,Bioturbation in very deep tropical Ferralsols: A micromorphological study of biomantles,https://doi.org/10.1016/j.catena.2025.109084,2025-05-01,Plínio Barbosa de Camargo,Plínio Barbosa de Camargo (E),E
W4410004869,"Haematococcus pluvialis bionanoparticles boost maize seedling health, serving as a sustainable seed priming agent and biostimulant for agriculture",https://doi.org/10.1111/ppl.70245,2025-05-01,Adriana Pinheiro Martinelli; Flavia Vischi Winck; José Lavres Junior,Adriana Pinheiro Martinelli (P); Flavia Vischi Winck (P); José Lavres Junior (T),P+T
W4410049557,Soil carbon and nutrient stocks under intensified pasture and sugarcane expansion,https://doi.org/10.1007/s10705-025-10408-6,2025-05-03,Eduardo Mariano; Luiz Antonio Martinelli; Maria Gabriella da Silva Araújo,Eduardo Mariano (T); Luiz Antonio Martinelli (E); Maria Gabriella da Silva Araújo (E),T+E
W4410071036,Bacterial Community in Sugarcane Rhizosphere Under Bacillus subtilis Inoculation and Straw Return,https://doi.org/10.3390/soilsystems9020044,2025-05-04,Lucas William Mendes,Lucas William Mendes (P),P
W4410286624,Coffee Cultivated in Rehabilitation Areas after Bauxite Mining: Nutritional Status and Productivity,https://doi.org/10.1007/s42729-025-02459-z,2025-05-12,Rafael Silva Santos,Rafael Silva Santos (E),E
W4410414712,Bionematicides shape plant growth-promoting bacteria community in the sugarcane rhizosphere,https://doi.org/10.1016/j.rhisph.2025.101100,2025-05-15,Lucas William Mendes,Lucas William Mendes (P),P
W4410430048,Bacterial and nematode communities associated with soybean-cultivated soils from two native Brazilian biomes,https://doi.org/10.1016/j.apsoil.2025.106179,2025-05-16,Lucas William Mendes,Lucas William Mendes (P),P
W4410431035,Efeitos da precipitação e da palhada no potencial de lixiviação de pyroxasulfone + flumioxazin,https://doi.org/10.54033/cadpedv22n7-161,2025-05-15,Kassio Ferreira Mendes,Kassio Ferreira Mendes (E),E
W4410514578,Past Amazon precipitation under different Atlantic Meridional Overturning Circulation and sea surface temperature scenarios of the last deglaciation,https://doi.org/10.1016/j.quascirev.2025.109425,2025-05-20,Marília Campos,Marília Campos (T),T
W4410610588,Bacillus species suppress Pratylenchus in roots and shape the bacterial community in the rhizosphere of lima bean,https://doi.org/10.1016/j.pmpp.2025.102753,2025-05-22,Lucas William Mendes,Lucas William Mendes (P),P
W4410645244,Bacterial communities in the rhizosphere of common bean and maize respond distinctly to water deficit,https://doi.org/10.1007/s11104-025-07562-9,2025-05-23,Lucas William Mendes,Lucas William Mendes (P),P
W4410734044,"Physicochemical characterization, determination of total concentration and estimation of bioaccessible fraction of elements in fruit functional flours",https://doi.org/10.1016/j.focha.2025.101016,2025-05-26,Alex Virgilio,Alex Virgilio (T),T
W4410747478,Microbial communities in the rhizosphere of tropical soils cultivated with maize as a function of nitrogen and phosphorus fertilizers,https://doi.org/10.1007/s42770-025-01695-w,2025-05-26,Lucas William Mendes,Lucas William Mendes (P),P
W4410782578,Characterization of the absorption and translocation of 14C-glyphosate in Machaerium hirtum: a problematic arboreal weed in Brazilian pasture,https://doi.org/10.1007/s10967-025-10161-8,2025-05-27,Kassio Ferreira Mendes; Lílian Angélica Moreira,Kassio Ferreira Mendes (E); Lílian Angélica Moreira (P),P+E
W4410865643,Polyamine-Mediated Growth Regulation in Microalgae: Integrating Redox Balance and Amino Acids Pathway into Metabolic Engineering,https://doi.org/10.3390/synbio3020008,2025-05-28,Flavia Vischi Winck,Flavia Vischi Winck (P),P
W4410956890,Evaluating emerging contaminant removal efficiency: analytical methodology and implications for water treatment in the southeastern Brazilian Reservoir,https://doi.org/10.1080/1573062x.2025.2513549,2025-06-02,Ernani Pinto Junior,Ernani Pinto Junior (E),E
W4411014692,A progressive knowledge strategy for monitoring soil microbiological activity by microscale spectroscopic detection,https://doi.org/10.1016/j.soilad.2025.100058,2025-06-04,Hudson Wallace Pereira de Carvalho,Hudson Wallace Pereira de Carvalho (T),T
W4411018254,Flux-based plant water availability in tropical soils from Brazil,https://doi.org/10.1007/s44378-025-00066-z,2025-06-04,Quirijn de Jong van Lier,Quirijn de Jong van Lier (E),E
W4411027690,Effect of Grape Pomace Inclusion in the Diet of Ewes Naturally Infected with Gastrointestinal Nematodes During Lactation,https://doi.org/10.3390/pathogens14060560,2025-06-04,Helder Louvandini,Helder Louvandini (P),P
W4411044455,Root architecture and the rhizosphere microbiome: Shaping sustainable agriculture,https://doi.org/10.1016/j.plantsci.2025.112599,2025-06-05,Lucas William Mendes,Lucas William Mendes (P),P
W4411081630,Twelve-year residual effect of sewage sludge on the biogeochemical cycling of potentially toxic elements in tropical Eucalyptus plantation,https://doi.org/10.1016/j.foreco.2025.122863,2025-06-06,Cassio Hamilton Abreu Junior; Eduardo Mariano; José Lavres Junior,Cassio Hamilton Abreu Junior (P); Eduardo Mariano (T); José Lavres Junior (T),P+T
W4411100497,Gaps and strategies for accurate simulation of waterlogging impacts on crop productivity,https://doi.org/10.1038/s43016-025-01179-y,2025-06-06,Quirijn de Jong van Lier,Quirijn de Jong van Lier (E),E
W4411149069,Frontiers in earth observation for global soil properties assessment linked to environmental and socio-economic factors,https://doi.org/10.1016/j.xinn.2025.100985,2025-06-09,Quirijn de Jong van Lier,Quirijn de Jong van Lier (E),E
W4411257316,Optimizing Greenhouse Gas Emissions Studies with Functional Data Analysis in Tropical Land Uses,https://doi.org/10.1021/acsagscitech.4c00810,2025-06-13,Luiz Antonio Martinelli,Luiz Antonio Martinelli (E),E
W4411382308,Genotypic-specific silicon uptake kinetics and ionomic modulation in common beans: implications for drought tolerance,https://doi.org/10.1007/s40626-025-00374-3,2025-06-17,Hudson Wallace Pereira de Carvalho; José Lavres Junior,Hudson Wallace Pereira de Carvalho (T); José Lavres Junior (T),T
W4411435107,Timing of Selenium Application Modulates Antioxidant Performance and Nutrient Balance in Micro-tom Plants Under Cadmium Stress,https://doi.org/10.1007/s00344-025-11754-z,2025-06-19,José Lavres Junior,José Lavres Junior (T),T
W4411483831,Spatial variation of stable hydrogen and oxygen isotopes in tap water in Brazil,https://doi.org/10.1016/j.scitotenv.2025.179952,2025-06-20,Luiz Antonio Martinelli; Maria Gabriella da Silva Araújo,Luiz Antonio Martinelli (E); Maria Gabriella da Silva Araújo (E),E
W4411529396,Understanding the impacts of intensity and harvest frequency on Tithonia diversifolia for use in tropical silvopastoral systems,https://doi.org/10.1111/grs.70007,2025-06-22,Adibe Luiz Abdalla; Helder Louvandini,Adibe Luiz Abdalla (P); Helder Louvandini (P),P
W4411590476,Kinetics of 65Zn in Sheep Supplemented with Micro- and Nanoparticles of Zinc Oxide,https://doi.org/10.1007/s12011-025-04710-1,2025-06-24,Adibe Luiz Abdalla; Elisabete Aparecida De Nadai Fernandes; Helder Louvandini,Adibe Luiz Abdalla (P); Elisabete Aparecida De Nadai Fernandes (T); Helder Louvandini (P),P+T
W4411611362,Unraveling the Toxicity of a Non-Microcystin-Producing Strain (CCIBt3106) of Microcystis aeruginosa: Ecotoxicological Effects on Aquatic Invertebrates,https://doi.org/10.3390/toxins17070321,2025-06-24,Ernani Pinto Junior,Ernani Pinto Junior (E),E
W4411735433,Unfolding boron dynamics at the scale of soil-water-fertilizer-crop systems in the tropics: from soil availability to plant requirements,https://doi.org/10.1590/1678-992x-2023-0294,2025-01-01,Cassio Hamilton Abreu Junior; José Lavres Junior,Cassio Hamilton Abreu Junior (P); José Lavres Junior (T),P+T
W4411871595,Closed-vessel conductively heated digestion system with diluted nitric acid for the preparation of biomass and biochar samples,https://doi.org/10.1016/j.talanta.2025.128488,2025-07-01,Alex Virgilio,Alex Virgilio (T),T
W4411933409,"Basalt rock dust as a soil remineralizer in upland rice grown in tropical soils: residual effects on soil fertility, Si availability, and leaf anatomy",https://doi.org/10.1016/j.jclepro.2025.146063,2025-07-02,Cassio Hamilton Abreu Junior,Cassio Hamilton Abreu Junior (P),P
W4411954839,Bioavailable strontium isoscape for the Amazon region using tree wood,https://doi.org/10.1016/j.foreco.2025.122963,2025-07-02,Luiz Antonio Martinelli,Luiz Antonio Martinelli (E),E
W4412020466,Versatile LIBS calibration approach using metal:SPADNS/DTAB ion pairs immobilized on photographic paper,https://doi.org/10.1016/j.talanta.2025.128551,2025-07-04,Fabio Rodrigo Piovezani Rocha; Samara Soares,Fabio Rodrigo Piovezani Rocha (T); Samara Soares (T),T
W4412041564,Genetic and biochemical diversity of terpene biosynthesis in cyanobacterial strains from tropical soda lakes,https://doi.org/10.3389/fmicb.2025.1582103,2025-07-04,Marli de Fatima Fiore,Marli de Fatima Fiore (P),P
W4412151493,Doxorubicin Stability-indicating Method and its Main Degradation Products In vitro Toxicity,https://doi.org/10.1208/s12248-025-01104-y,2025-07-08,Ernani Pinto Junior,Ernani Pinto Junior (E),E
W4412190589,Divergence Across Niche Dimensions Reveals Species' Ecological Roles,https://doi.org/10.1111/ele.70173,2025-07-01,Marcelo Zacharias Moreira,Marcelo Zacharias Moreira (E),E
W4412380682,Impacts of Fertilization Management on Stand Development: a Tree-Ring Analysis of Pinus caribaea var. Hondurensis and Pinus taeda,https://doi.org/10.3959/trr2024-7,2025-07-14,José Lavres Junior,José Lavres Junior (T),T
W4412413469,Historical anthropogenic stressors affect bird ecology and feather development in neotropical forests,https://doi.org/10.1002/oik.11527,2025-07-14,Marcelo Zacharias Moreira,Marcelo Zacharias Moreira (E),E
W4412594217,The Rise of Eleusine indica as Brazil’s Most Troublesome Weed,https://doi.org/10.3390/agronomy15081759,2025-07-23,Kassio Ferreira Mendes,Kassio Ferreira Mendes (E),E
W4412617890,Wild or Introduced? Investigating the Genetic Landscape of Cacao Populations in South America,https://doi.org/10.1002/ece3.71746,2025-07-01,Antonio Vargas de Oliveira Figueira,Antonio Vargas de Oliveira Figueira (P),P
W4412694258,How does soil contamination by microplastics interferes the sorption and desorption processes of three herbicides?,https://doi.org/10.1016/j.chemosphere.2025.144583,2025-07-28,Kassio Ferreira Mendes,Kassio Ferreira Mendes (E),E
W4412795045,Pantropical tree rings show small effects of drought on stem growth,https://doi.org/10.1126/science.adq6607,2025-07-31,Giuliano Maselli Locosselli,Giuliano Maselli Locosselli (E),E
W4412899978,"Subsurface Gaseous Hydrocarbons and Carbon Dioxide Recorded During the Trans‐Amazon Drilling Project (TADP) in the Acre Basin, Western Amazon",https://doi.org/10.1155/gfl/6658750,2025-01-01,Tsai Siu Mui,Tsai Siu Mui (P),P
W4413006811,Multi-Elemental Analysis for the Determination of the Geographic Origin of Tropical Timber from the Brazilian Legal Amazon,https://doi.org/10.3390/f16081284,2025-08-06,Luiz Antonio Martinelli,Luiz Antonio Martinelli (E),E
W4413036135,Physical and Chemical Compatibility between Fungicides (Emulsifiable Concentrate and Suspension Concentrate) and Soluble Manganese and Zinc Fertilizers,https://doi.org/10.1021/acsagscitech.5c00393,2025-08-07,Hudson Wallace Pereira de Carvalho,Hudson Wallace Pereira de Carvalho (T),T
W4413037389,Seasonal and extreme water level fluctuations impact methane concentrations and fluxes in two Amazon tributaries near Manaus,https://doi.org/10.1127/fal/1563,2025-08-07,Alex Vladimir Krusche,Alex Vladimir Krusche (E),E
W4413055056,Enteric methane emissions and thermal comfort indexes of Nellore steers in a livestock-forestry system in the Amazon biome,https://doi.org/10.1007/s11250-025-04607-0,2025-08-08,Adibe Luiz Abdalla,Adibe Luiz Abdalla (P),P
W4413109425,Partnering with the Enemy: How Partial Potassium Substitution by Sodium Optimizes Eucalyptus Nutrient Dynamics and Resilience to Drought Stress,https://doi.org/10.1007/s42729-025-02645-z,2025-07-29,José Lavres Junior,José Lavres Junior (T),T
W4413184975,Community macroecological patterns and interspecific interactions in guild level regulate avian isotopic niche over time,https://doi.org/10.1093/biolinnean/blaf058,2025-07-03,Marcelo Zacharias Moreira,Marcelo Zacharias Moreira (E),E
W4413189222,Salicylic acid mitigates photosynthetic damage and oxidative stress in wheat (Triticum aestivum L.) induced by combination of mesosulfuron-methyl and iodosulfuron-methyl herbicide,https://doi.org/10.1007/s42976-025-00707-7,2025-08-12,Kassio Ferreira Mendes,Kassio Ferreira Mendes (E),E
W4413270450,Plant community and fine-root growth under preserved and passively restored Cerrado sites in southeast Brazil,https://doi.org/10.1016/j.jenvman.2025.126871,2025-08-18,Plínio Barbosa de Camargo,Plínio Barbosa de Camargo (E),E
W4413301603,"Foliar Absorption and Translocation of Metal-Amino Acid Complexes in Soybean: A Case Study of Manganese, Zinc, Glutamate, and Histidine",https://doi.org/10.1021/acsagscitech.5c00364,2025-08-18,Hudson Wallace Pereira de Carvalho,Hudson Wallace Pereira de Carvalho (T),T
W4413326752,"Where there is smoke, there is fire: long- and mid-range biomass burning role on São Paulo's state air quality",https://doi.org/10.1016/j.envpol.2025.126993,2025-08-19,Mauricio Cruz Mantoani,Mauricio Cruz Mantoani (E),E
W4413391342,Reviewing Manganese and Zinc Foliar Fertilization Approaches and Results through a Quantitative Metadata Analysis,https://doi.org/10.1021/acsagscitech.5c00420,2025-08-21,Hudson Wallace Pereira de Carvalho,Hudson Wallace Pereira de Carvalho (T),T
W4413441895,Recovery of below-ground associations in restored Brazilian Atlantic Forest,https://doi.org/10.1016/j.apsoil.2025.106408,2025-08-23,Lucas William Mendes; Tsai Siu Mui,Lucas William Mendes (P); Tsai Siu Mui (P),P
W4413448278,Plant-soil microbiome feedback under post-pasture tropical ecotone forest regeneration,https://doi.org/10.1016/j.apsoil.2025.106381,2025-08-14,Tsai Siu Mui,Tsai Siu Mui (P),P
W4413463177,Microbiome-driven machine learning for predicting suppressiveness to Rhizoctonia solani in organic-amended soils,https://doi.org/10.1016/j.apsoil.2025.106409,2025-08-23,Lucas William Mendes,Lucas William Mendes (P),P
W4413774797,Combined effects of guanitoxin and insecticides on the health of Oreochromis niloticus (Teleostei: Cichlidae): A comprehensive toxicological study,https://doi.org/10.1016/j.scitotenv.2025.180350,2025-08-27,Ernani Pinto Junior,Ernani Pinto Junior (E),E
W4413795700,Soil CO2 fluxes and carbon storage in livestock systems with native trees in pastures in the subhumid tropics of Mexico,https://doi.org/10.1007/s10457-025-01288-4,2025-08-28,Adibe Luiz Abdalla,Adibe Luiz Abdalla (P),P
W4413860390,Effects of heat stress on feeding and drinking behavior of confined Texel sheep in a tropical environment,https://doi.org/10.1016/j.applanim.2025.106807,2025-08-30,Adibe Luiz Abdalla,Adibe Luiz Abdalla (P),P
W4413970941,In-vitro and bioinformatic studies of bioactive compounds from Oceanimonas sp. JM-AZM31 and Lysinibacillus fusiformis JM-AZM37 of sponge-associated marine bacteria from a mangrove habitat in Southeast Sulawesi,https://doi.org/10.1016/j.jgeb.2025.100538,2025-07-18,Lucas William Mendes,Lucas William Mendes (P),P
W4414033046,Paleoenvironmental reconstitution of a coastal tropical peatland and its relationship with the Holocene sea level variation (SE Brazil),https://doi.org/10.1016/j.catena.2025.109413,2025-09-04,Plínio Barbosa de Camargo,Plínio Barbosa de Camargo (E),E
W4414056096,Phosphorus transport modeling in a saturated sandy soil amended with organic and mineral fertilizers,https://doi.org/10.1016/j.jece.2025.119196,2025-09-08,Thaís Nascimento Pessoa,Thaís Nascimento Pessoa (E),E
W4414092355,A new protocol for genetic transformation of Setaria viridis (L) using morphogenic callus via thin cell layers,https://doi.org/10.1007/s11240-025-03203-2,2025-09-01,Adriana Pinheiro Martinelli,Adriana Pinheiro Martinelli (P),P
W4414115065,Effects of zinc oxide nanoparticle supplementation in young sheep naturally infected with gastrointestinal nematodes,https://doi.org/10.1016/j.vprsr.2025.101340,2025-09-01,Elisabete Aparecida De Nadai Fernandes; Helder Louvandini,Elisabete Aparecida De Nadai Fernandes (T); Helder Louvandini (P),P+T
W4414118423,Enhanced zonal trade winds warm the western South Atlantic surface during MIS 4 glacial descent,https://doi.org/10.1016/j.quascirev.2025.109613,2025-09-11,Marília Campos,Marília Campos (T),T
W4414161211,Impacts of Forest Types and Rainfall on the Concentration and Diversity of Airborne Fungi in Central Amazonia,https://doi.org/10.1007/s41748-025-00791-z,2025-09-09,Mauricio Cruz Mantoani,Mauricio Cruz Mantoani (E),E
W4414237396,Revisiting the Role of Opossums (Marsupialia) as Sentinel for Brazilian Spotted Fever Caused by Rickettsia rickettsii,https://doi.org/10.4269/ajtmh.25-0026,2025-09-16,Helder Louvandini,Helder Louvandini (P),P
W4414329741,Analytical Method for Determining Renewable Diesel and Identifying Feedstock in Fossil Diesel Blends Using δ13C for Fuel Traceability,https://doi.org/10.1021/acs.energyfuels.5c03793,2025-09-18,Luiz Antonio Martinelli; Samara Soares,Luiz Antonio Martinelli (E); Samara Soares (T),T+E
W4414346775,Stable isotope analysis reveals dietary and foraging ecology in Neotropical birds,https://doi.org/10.1093/ornithapp/duaf058,2025-09-11,Luiz Antonio Martinelli,Luiz Antonio Martinelli (E),E
W4414378520,Circular bioeconomy in livestock production: harnessing crop by-products in MERCOSUR/MERCOSUL,https://doi.org/10.1093/af/vfaf032,2025-07-15,Adibe Luiz Abdalla,Adibe Luiz Abdalla (P),P
W4414378526,Circular bioeconomy approaches for livestock manure and post-consumer wastes: opportunities for biofertilizers and bioenergy,https://doi.org/10.1093/af/vfaf017,2025-06-30,Adibe Luiz Abdalla,Adibe Luiz Abdalla (P),P
W4414378906,Natural deep eutectic solvent as extractor and support for determination of metals by laser induced breakdown spectroscopy,https://doi.org/10.1016/j.aca.2025.344686,2025-09-20,Fabio Rodrigo Piovezani Rocha; Samara Soares,Fabio Rodrigo Piovezani Rocha (T); Samara Soares (T),T
W4414396580,"Within- and between-site variability of δ18O, δ13C, and δ15N in Amazonian tree rings: Climatic drivers and implications for geographic traceability",https://doi.org/10.1016/j.foreco.2025.123168,2025-09-22,Deoclecio Jardim Amorim; Luiz Antonio Martinelli; Maria Gabriella da Silva Araújo,Deoclecio Jardim Amorim (T); Luiz Antonio Martinelli (E); Maria Gabriella da Silva Araújo (E),T+E
W4414396653,Squeeze of Brazilian subtropical mangroves from a Holocene and Anthropocene perspective,https://doi.org/10.1016/j.catena.2025.109450,2025-09-22,Luiz Carlos Ruiz Pessenda,Luiz Carlos Ruiz Pessenda (T),T
W4414399474,Changes in carbon stocks and quality of the soil organic matter under different arrangements of integrated livestock-forest systems in the semi-arid region of Brazil,https://doi.org/10.1016/j.still.2025.106882,2025-09-22,Plínio Barbosa de Camargo,Plínio Barbosa de Camargo (E),E
W4414418035,Toxicity and photoprotective properties of mycosporine-like amino acids from the cyanobacterium Sphaerospermopsis torques-reginae,https://doi.org/10.1016/j.algal.2025.104326,2025-09-23,Ernani Pinto Junior; Marli de Fatima Fiore,Ernani Pinto Junior (E); Marli de Fatima Fiore (P),P+E
W4414447370,Carbon-related processes as indicators of soil health in a degraded dryland area under long-term restoration: Responses of a 21-year grazing exclusion system,https://doi.org/10.1016/j.apsoil.2025.106463,2025-09-23,Lucas William Mendes,Lucas William Mendes (P),P
W4414498791,Leveraging pre-trained computer vision models for accurate classification of meat freshness,https://doi.org/10.1016/j.foodchem.2025.146430,2025-09-25,Elisabete Aparecida De Nadai Fernandes,Elisabete Aparecida De Nadai Fernandes (T),T
W4414513717,"Nitrogen Use Efficiency in Agriculture: Integrating Biotechnology, Microbiology, and Novel Delivery Systems for Sustainable Agriculture",https://doi.org/10.3390/plants14192974,2025-09-25,Antonio Vargas de Oliveira Figueira,Antonio Vargas de Oliveira Figueira (P),P
W4414516300,Increasing tree size across Amazonia,https://doi.org/10.1038/s41477-025-02097-4,2025-09-25,Plínio Barbosa de Camargo,Plínio Barbosa de Camargo (E),E
W4414533708,Ruderal Tithonia diversifolia inclusion in sheep diets: impacts on digestibility and greenhouse gas emissions,https://doi.org/10.1007/s11250-025-04664-5,2025-09-26,Adibe Luiz Abdalla; Helder Louvandini,Adibe Luiz Abdalla (P); Helder Louvandini (P),P
W4414574704,Evaluation of a cost-effective and environmentally friendly digestion method for preparing animal feed samples for elemental analysis,https://doi.org/10.1016/j.anifeedsci.2025.116511,2025-09-27,Alex Virgilio,Alex Virgilio (T),T
W4414617030,Improvement of colony management in insect mass‐rearing for sterile insect technique applications,https://doi.org/10.1111/1744-7917.70081,2025-09-28,Thiago de Araújo Mastrangelo,Thiago de Araújo Mastrangelo (P),P
W4414663265,Draft genome sequences of six Rothia mucilaginosa strains assembled from the human oral microbiome,https://doi.org/10.1128/mra.00508-25,2025-09-30,Tsai Siu Mui,Tsai Siu Mui (P),P
W4414753587,Soil microbes: below-ground defenders against desertification,https://doi.org/10.1016/j.tree.2025.09.014,2025-10-02,Lucas William Mendes,Lucas William Mendes (P),P
W4414754088,A catalog of metagenome-assembled genomes from Amazonian forest and pasture soils,https://doi.org/10.1128/mra.00642-25,2025-10-02,Tsai Siu Mui,Tsai Siu Mui (P),P
W4414830571,PSXII-23 Effects of reconstitution of high amylase corn flint Enogen Feed on fermentation parameters and in vitro methane.,https://doi.org/10.1093/jas/skaf300.701,2025-10-01,Adibe Luiz Abdalla,Adibe Luiz Abdalla (P),P
W4414830574,"PSI-21 Zinc oxide nanoparticles and their impacts on the normality, activation, development, viability, and oxidative stress of in vitro cultured preantral ovarian follicles.",https://doi.org/10.1093/jas/skaf300.517,2025-10-01,Helder Louvandini,Helder Louvandini (P),P
W4414830656,PSXIV-20 In vivo evaluation of enteric methane production in sheep fed diets composed of agro-industrial by-products.,https://doi.org/10.1093/jas/skaf300.618,2025-10-01,Adibe Luiz Abdalla; Helder Louvandini,Adibe Luiz Abdalla (P); Helder Louvandini (P),P
W4414830715,PSIV-19 Proteomic detection of potential biomarkers for residual feed intake in Texel sheep.,https://doi.org/10.1093/jas/skaf300.407,2025-10-01,Adibe Luiz Abdalla,Adibe Luiz Abdalla (P),P
W4414831210,PSII-29 Maternal zinc oxide nanoparticle supplementation during pregnancy and lactation shapes lamb ruminal microbiota.,https://doi.org/10.1093/jas/skaf300.672,2025-10-01,Adibe Luiz Abdalla,Adibe Luiz Abdalla (P),P
W4414955024,Wood characteristics of nine eucalypt species grown under partial substitution of potassium by sodium,https://doi.org/10.1007/s00468-025-02688-w,2025-10-08,Hudson Wallace Pereira de Carvalho; José Lavres Junior,Hudson Wallace Pereira de Carvalho (T); José Lavres Junior (T),T
W4415042947,Soybean rhizosphere communities are shaped more by cropping systems than by Bacillus subtilis delivery methods,https://doi.org/10.1016/j.rhisph.2025.101199,2025-10-10,Lucas William Mendes,Lucas William Mendes (P),P
W4415078097,Two-phased ITCZ-driven upper salinity stratification in the western equatorial Atlantic during Heinrich Stadial 11,https://doi.org/10.1016/j.gloplacha.2025.105119,2025-10-11,Marília Campos,Marília Campos (T),T
W4415176175,Selenium-biofortified spent yeast cultivated in corn hydrolysate: antioxidant response and biomass production under aerobic and anaerobic conditions,https://doi.org/10.1007/s10123-025-00722-y,2025-10-14,Deoclecio Jardim Amorim; Valter Arthur,Deoclecio Jardim Amorim (T); Valter Arthur (P),P+T
W4415215538,Can no-tillage and crop diversification sustain nutrient stocks in acidic and poorly-fertilized soils? Evidence from 32 years of real-world agricultural management in Paraguay,https://doi.org/10.1016/j.soilad.2025.100084,2025-10-15,Deoclecio Jardim Amorim; Eduardo Mariano; José Lavres Junior,Deoclecio Jardim Amorim (T); Eduardo Mariano (T); José Lavres Junior (T),T
W4415220453,The coupling between monsoon rainfall and Sea Surface Temperature in the subtropical South Atlantic during the Last Glacial Period,https://doi.org/10.1016/j.gloplacha.2025.105121,2025-10-15,Marília Campos,Marília Campos (T),T
W4415265502,"Formulation of Jakaba fertilizer from banana peel, pineapple peel, tea dregs for enhanced pak choi (Brassica rapa subsp. Chinensis) growth",https://doi.org/10.30821/biolokus.v8i1.4470,2025-06-28,Lucas William Mendes,Lucas William Mendes (P),P
W4415292027,Combining wood traits as a promising timber origin verification and its application in the Brazilian trade chain,https://doi.org/10.1016/j.scitotenv.2025.180710,2025-10-17,Deoclecio Jardim Amorim; Hudson Wallace Pereira de Carvalho,Deoclecio Jardim Amorim (T); Hudson Wallace Pereira de Carvalho (T),T
W4415350751,Resistência antimicrobiana na produção ovina: semelhanças materno-descendentes em Coliformes e Enterococcus spp.,https://doi.org/10.1590/1809-6891v26e-80984p,2025-01-01,Helder Louvandini,Helder Louvandini (P),P
W4415373854,"Cytotoxicity, antioxidant activity, and gene expression effects of gossypol in primary smooth muscle of myometrium from Ovis aries (PSMo24) cells",https://doi.org/10.1016/j.repbio.2025.101092,2025-10-21,Helder Louvandini,Helder Louvandini (P),P
W4415380390,Opposing δ13C and δ15N signatures in terrestrial and aquatic insects from Brazilian ecosystems by human disturbance,https://doi.org/10.1016/j.scitotenv.2025.180745,2025-10-21,Luiz Antonio Martinelli; Thiago de Araújo Mastrangelo,Luiz Antonio Martinelli (E); Thiago de Araújo Mastrangelo (P),P+E
W4415402876,Linking Soil Microbial Diversity to Nitrogen and Phosphorus Dynamics,https://doi.org/10.3390/microorganisms13102401,2025-10-21,Eduardo Mariano,Eduardo Mariano (T),T
W4415489136,"Outer Membrane Vesicles, Lipidome, and Biofilm Formation in the Endophyte Enterobacter Cloacae SEA01 from Agave Tequilana",https://doi.org/10.3390/microorganisms13112432,2025-10-23,Flavia Vischi Winck,Flavia Vischi Winck (P),P
W4415493822,Tropical wood reference material for multi-element analysis in traceability studies,https://doi.org/10.1007/s10967-025-10469-5,2025-10-24,Elisabete Aparecida De Nadai Fernandes,Elisabete Aparecida De Nadai Fernandes (T),T
W4415672891,"Synergistic interaction of calcium and boron: enhancing root nodule anatomy, nitrogenase activity, leaf ultrastructure adjustments, and growth in soybean plants",https://doi.org/10.1080/01904167.2025.2573469,2025-10-29,Francisco Scaglia Linhares; José Lavres Junior,Francisco Scaglia Linhares (P); José Lavres Junior (T),P+T
W4415731422,Gene Co‐Expression Networks Highlight Key Nodes Associated With Ammonium Nitrate in Sugarcane,https://doi.org/10.1111/ppl.70612,2025-10-31,Diego Mauricio Riaño Pachón,Diego Mauricio Riaño Pachón (P),P
W4415742522,An improved approach for analysis of chocolate by laser induced breakdown spectroscopy (LIBS) using L-menthol as matrix modifier,https://doi.org/10.1016/j.talanta.2025.129065,2025-10-31,Fabio Rodrigo Piovezani Rocha; Samara Soares,Fabio Rodrigo Piovezani Rocha (T); Samara Soares (T),T
W4415857209,"Seed-Applied Cobalt, Molybdenum, and Nickel Improve Nitrogen Metabolism in Soybean Plants Across Seed Vigor Levels",https://doi.org/10.3390/plants14213368,2025-11-04,José Lavres Junior,José Lavres Junior (T),T
W4416025479,"Moniliophthora perniciosa, the causal agent of witches’ broom disease of cacao, interferes with cytokinin metabolism during infection of Micro‐Tom tomato and promotes symptom development",https://doi.org/10.17615/c0m1-tq75,2025-11-06,Antonio Vargas de Oliveira Figueira,Antonio Vargas de Oliveira Figueira (P),P
W4416149483,Soil phosphorus content classes and energy cane yield under controlled environmental conditions,https://doi.org/10.36783/18069657rbcs20240163,2025-01-01,Cassio Hamilton Abreu Junior; José Lavres Junior,Cassio Hamilton Abreu Junior (P); José Lavres Junior (T),P+T
W4416345626,"Forest residue removal undermines soil health and micronutrient transfer to trees, compromising sustainable productivity of Eucalyptus plantations",https://doi.org/10.1016/j.still.2025.106955,2025-11-19,Eduardo Mariano; José Lavres Junior,Eduardo Mariano (T); José Lavres Junior (T),T
W4416356149,Optimized extraction and analytical protocols for guanitoxin: an organophosphate cyanobacterial neurotoxin of environmental concern,https://doi.org/10.1039/d5ay01055a,2025-01-01,Ernani Pinto Junior,Ernani Pinto Junior (E),E
W4416359360,Double knockout of rice vacuolar iron transporters OsVIT1 and OsVIT2 reveals a trade-off between iron biofortification and iron excess tolerance,https://doi.org/10.1093/jxb/eraf505,2025-11-18,Hudson Wallace Pereira de Carvalho,Hudson Wallace Pereira de Carvalho (T),T
W4416412066,Determination of volatile acids in sugarcane spirits exploring an air drag system and digital image photometry,https://doi.org/10.1039/d5ay01612f,2025-01-01,Boaventura Freire dos Reis; Fabio Rodrigo Piovezani Rocha,Boaventura Freire dos Reis (T); Fabio Rodrigo Piovezani Rocha (T),T
W4416420302,Overlooked considerations in prescribing green and blue infrastructure solutions for urban environments,https://doi.org/10.1016/j.xinn.2025.101184,2025-11-20,Giuliano Maselli Locosselli; Mauricio Cruz Mantoani,Giuliano Maselli Locosselli (E); Mauricio Cruz Mantoani (E),E
W4416503286,Low-cost XRF spectrometer for agricultural sample analysis: assembly details and soil fertility prediction performance,https://doi.org/10.1590/1678-992x-2024-0311,2025-01-01,Hudson Wallace Pereira de Carvalho,Hudson Wallace Pereira de Carvalho (T),T
W4416632855,Fermentation Parameters and In Vitro Degradability of Diets Containing Cratylia argentea Hay as a Substitute for Tifton‐85 Hay,https://doi.org/10.1111/gfs.70024,2025-11-25,Adibe Luiz Abdalla,Adibe Luiz Abdalla (P),P
W4416673911,Revisiting Catalytic Methods Exploiting Digital Videos: Sequential Determination of Copper and Sucrose in Sugarcane Spirits,https://doi.org/10.1021/acsomega.5c07149,2025-11-10,Fabio Rodrigo Piovezani Rocha,Fabio Rodrigo Piovezani Rocha (T),T
W4416746454,"Stable isotope profiling and machine learning for determining cocoa origin, ingredient composition, and cocoa content in Brazilian chocolates",https://doi.org/10.1016/j.foodchem.2025.147313,2025-11-27,Antonio Vargas de Oliveira Figueira; Luiz Antonio Martinelli; Marcelo Zacharias Moreira; Plínio Barbosa de Camargo,Antonio Vargas de Oliveira Figueira (P); Luiz Antonio Martinelli (E); Marcelo Zacharias Moreira (E); Plínio Barbosa de Camargo (E),P+E
W4416790546,An effective DNA extraction protocol optimized for tropical swamp peat samples,https://doi.org/10.1128/spectrum.01373-25,2025-11-28,Plínio Barbosa de Camargo; Tsai Siu Mui,Plínio Barbosa de Camargo (E); Tsai Siu Mui (P),P+E
W4416822947,Growth stage as the main drive over genotype and plant growth-promoting bacteria on bacterial communities in the rhizosphere of prickly-pear cactus,https://doi.org/10.1016/j.apsoil.2025.106661,2025-11-30,Lucas William Mendes,Lucas William Mendes (P),P
W4416928841,Linking trophic ecology and metal bioaccumulation to assess a widespread fish as a bioindicator following a large-scale mining disaster,https://doi.org/10.1007/s11356-025-37248-9,2025-12-02,Marcelo Zacharias Moreira,Marcelo Zacharias Moreira (E),E
W4416975338,"Growth rings, anatomy, and response to forest management of the liana Dalbergia frutescens (Leguminosae) in an Atlantic Rainforest remnant",https://doi.org/10.1163/22941932-bja10207,2025-12-03,Giuliano Maselli Locosselli,Giuliano Maselli Locosselli (E),E
W4417215403,Can cohesive soils still have functional pores? An analysis based on X-ray microtomography,https://doi.org/10.1016/j.geodrs.2025.e01041,2025-12-11,Thaís Nascimento Pessoa,Thaís Nascimento Pessoa (E),E
W4417256765,Root-driven microbiome memory enhances plant disease resistance,https://doi.org/10.1016/j.tplants.2025.12.002,2025-12-11,Lucas William Mendes,Lucas William Mendes (P),P
W4417281582,Shifts in seed‐associated endophytic bacterial communities from parental lines to advanced generations in lima bean,https://doi.org/10.1111/aab.70091,2025-12-12,Lucas William Mendes,Lucas William Mendes (P),P
W4417332138,"Amazonian Fruit (Samanea tubulosa) in Dairy Cattle Diets: In Vitro Fermentation, Gas Production, and Digestibility",https://doi.org/10.3390/ruminants5040064,2025-12-13,Adibe Luiz Abdalla,Adibe Luiz Abdalla (P),P
W4417360467,Mapping socio-environmental vulnerability to the desertification process in the northeastern region of Brazil: The case of the Cabrobó nucleus,https://doi.org/10.14195/0871-1623_52_3,2025-12-16,Plínio Barbosa de Camargo,Plínio Barbosa de Camargo (E),E
W4417438099,Field evaluation of coated urea with NBPT and micronutrients: 15N recovery and maize yield in contrasting soils,https://doi.org/10.1007/s10705-025-10462-0,2025-12-17,Eduardo Mariano,Eduardo Mariano (T),T
W4417456097,You are what your fungus eats: diet shapes the microbial garden of a fungus-growing ant,https://doi.org/10.1038/s41522-025-00876-7,2025-12-18,Lucas William Mendes,Lucas William Mendes (P),P
W4417479246,Contrasting pathways to tree longevity in gymnosperms and angiosperms,https://doi.org/10.1038/s41467-025-67619-2,2025-12-19,Giuliano Maselli Locosselli,Giuliano Maselli Locosselli (E),E
W4417488071,Integrated approach for assessing and mitigating antibiotic contamination in natural waters using bioaccumulation and phytoremediation,https://doi.org/10.1186/s12302-025-01275-7,2025-12-19,Valdemar Luiz Tornisielo,Valdemar Luiz Tornisielo (E),E
W7116631278,Diclosulam as a strategy for pre-emergence control of two Borreria species in different types of soils,https://doi.org/10.1080/03601234.2025.2602362,2025-11-02,Kassio Ferreira Mendes,Kassio Ferreira Mendes (E),E
W7116788708,Managing Nitrogen Sources in Soybean–Rhizobium Symbiosis During Reproductive Phenological Stage: Partitioning Symbiotic and Supplemental N with 15N,https://doi.org/10.3390/nitrogen7010001,2025-12-22,José Lavres Junior,José Lavres Junior (T),T
W7116919764,Restoration strategies shape ecological processes driving dominant and rare bacterial communities in soils under desertification in the Brazilian semiarid,https://doi.org/10.1016/j.jenvman.2025.128351,2025-12-22,Lucas William Mendes,Lucas William Mendes (P),P
W7117237621,The role of gamma-irradiated microplastics in terbuthylazine sorption and desorption processes in contaminated soils,https://doi.org/10.1016/j.chemosphere.2025.144818,2025-12-25,Kassio Ferreira Mendes,Kassio Ferreira Mendes (E),E
W7117364325,Isotopic model as a tool for the prediction of cocoa content in cocoa-derived products: δ13C as a proxy for cocoa percentage,https://doi.org/10.1016/j.foodcont.2025.111945,2025-12-27,Luiz Antonio Martinelli; Marcelo Zacharias Moreira; Plínio Barbosa de Camargo,Luiz Antonio Martinelli (E); Marcelo Zacharias Moreira (E); Plínio Barbosa de Camargo (E),E
W7117727740,Genômica e bioinformática aplicadas à bioeconomia no LabBCES do CENA/USP,https://doi.org/10.51780/bioinfo-05-21,2025-12-31,Diego Mauricio Riaño Pachón,Diego Mauricio Riaño Pachón (P),P
W7118090304,Another Wake‐Up Call for Brazil's ‘Splendid Cradle’: The Overlooked Impacts of Invasive Plants on Soil Greenhouse Gas Emissions and Carbon Stocks,https://doi.org/10.1111/gcb.70669,2026-01-01,Mauricio Cruz Mantoani,Mauricio Cruz Mantoani (E),E
W7118645894,Biofortification of Yeast with Selenomethionine in Corn Hydrolysate: Influence of Different Metabolic Pathways,https://doi.org/10.1007/s12011-025-04963-w,2026-01-07,Valter Arthur,Valter Arthur (P),P
W7119285177,Intervir sem agredir: soluções baseadas na natureza podem inspirar medidas de adaptação às mudanças do clima. [Depoimento a Renata Fontanetto],,2024-01-01,Giuliano Maselli Locosselli,Giuliano Maselli Locosselli (E),E
W7119361117,Peanut and sorghum are excellent phytoremediators of 14C-tebuthiuron in herbicide-contaminated soil,,2023-01-01,Valdemar Luiz Tornisielo,Valdemar Luiz Tornisielo (E),E
W7119499713,Estimating soil hydraulic conductivity by Inverse Laplace Transform,https://doi.org/10.1016/j.still.2026.107066,2026-01-09,Quirijn de Jong van Lier,Quirijn de Jong van Lier (E),E
W7119505265,Microwave-Assisted Green Extraction of Bioactive Compounds from Berries,https://doi.org/10.1021/acsfoodscitech.5c01021,2026-01-08,Fabio Rodrigo Piovezani Rocha,Fabio Rodrigo Piovezani Rocha (T),T
W7119509939,Satellite-Guided Biomass Harvesting and Valorization of Cyanobacterial Blooms: A Circular Bioeconomy Perspective in a Brazilian River,https://doi.org/10.1021/acssuschemeng.5c05134,2026-01-09,Ernani Pinto Junior,Ernani Pinto Junior (E),E
W7119511354,Sorbitol-Stabilized Silicon Formulation Improve Root Traits and Antioxidant Response in Drought-Stressed Soybean,https://doi.org/10.3390/plants15020197,2026-01-08,José Lavres Junior,José Lavres Junior (T),T
W7120663370,Stable isotopes and mercury as tools to depict aquatic food webs,,2024-01-01,Luiz Antonio Martinelli,Luiz Antonio Martinelli (E),E
W7122814813,ADVANCING XRF SOIL ANALYSIS PROCEDURES FOR LABORATORY MEASUREMENTS: SCENARIOS COMBINING DIFFERENT SCANNING TIMES AND REPLICATES,https://doi.org/10.1590/1809-4430-eng.agric.v45nespe220250054/2025,2025-01-01,José Lavres Junior,José Lavres Junior (T),T
W7123539336,Population genomics of Brazilian native fruit species of Eugenia spp. (Myrtaceae) for conservation and improvement,https://doi.org/10.3389/fpls.2025.1670349,2026-01-12,Antonio Vargas de Oliveira Figueira,Antonio Vargas de Oliveira Figueira (P),P
W7124157099,Effects of freezing on the carbon and nitrogen stable isotopic compositions of fish tissues,https://doi.org/10.1590/s2179-975x7624,2025-01-01,Plínio Barbosa de Camargo,Plínio Barbosa de Camargo (E),E
W7124247306,Amazonian fog harbors viable microbes,https://doi.org/10.5281/zenodo.18255540,2026-01-15,Mauricio Cruz Mantoani,Mauricio Cruz Mantoani (E),E
W7124289875,Pesticide residues and earthworm reproduction in 18 Brazilian soils,https://doi.org/10.1093/etojnl/vgag009,2026-01-14,Valdemar Luiz Tornisielo,Valdemar Luiz Tornisielo (E),E
W7124493845,"Effects of sugarcane-derived polyphenol supplementation on ruminal fermentation, methane emission, and microbiome in Holstein cows",https://doi.org/10.3389/fanim.2025.1739442,2026-01-16,Lucas William Mendes,Lucas William Mendes (P),P
W7124772238,FAO crop coefficient and plant‐available water: Do soil and plant hydraulic properties matter?,https://doi.org/10.1002/agj2.70277,2026-01-01,Quirijn de Jong van Lier,Quirijn de Jong van Lier (E),E
W7124860430,"Oxynemamangrovii sp. nov., a new filamentous species (Oscillatoriales, Cyanobacteria) from Atlantic forest mangrove",https://doi.org/10.3389/fmicb.2025.1709185,2026-01-20,Diego Mauricio Riaño Pachón; Marli de Fatima Fiore,Diego Mauricio Riaño Pachón (P); Marli de Fatima Fiore (P),P
W7125646245,Impacts of Forest-to-Pasture Conversion on Soil Water Retention in the Amazon Biome,https://doi.org/10.3390/f17020157,2026-01-24,Plínio Barbosa de Camargo; Tsai Siu Mui,Plínio Barbosa de Camargo (E); Tsai Siu Mui (P),P+E
W7125683060,Effect of Chemical Management on Weed Diversity and Community Structure in Soybean–Corn Succession in Brazil’s Triângulo Mineiro Region,https://doi.org/10.3390/ecologies7010012,2026-01-26,Kassio Ferreira Mendes,Kassio Ferreira Mendes (E),E
W7125979095,"Fe–Mn Biochar Composites from Sugarcane Bagasse for Herbicides Removal: Structure, Mechanisms, and Safety Relationships toward Sustainable Water Treatment",https://doi.org/10.1021/acsomega.5c12317,2026-01-29,Fabio Rodrigo Piovezani Rocha,Fabio Rodrigo Piovezani Rocha (T),T
W7126118344,Observando os Rios: Citizen Science Monitoring Water Quality in Brazil,https://doi.org/10.5334/cstp.836,2026-01-29,Plínio Barbosa de Camargo,Plínio Barbosa de Camargo (E),E
W7126160700,Boosting tree growth in the Amazon rainforest using Amazonian Dark Earths,https://doi.org/10.1186/s12862-026-02495-y,2026-01-30,Tsai Siu Mui,Tsai Siu Mui (P),P
W7126211815,Rethinking plant nutrients in practice: partial substitution of potassium by sodium in tropical agriculture,https://doi.org/10.1007/s11104-026-08290-4,2026-01-31,José Lavres Junior,José Lavres Junior (T),T
W7126368580,Rapid in situ analysis with portable XRF sensor: A pioneering study proposing fitness-for-purpose approach for performance assessment in tropical soils,https://doi.org/10.1016/j.soisec.2026.100228,2026-01-31,José Lavres Junior,José Lavres Junior (T),T
W7127052556,Machine-learning models of δ 13 C and δ 15 N isoscapes in Amazonian wood,https://doi.org/10.5194/bg-23-881-2026,2026-02-02,Deoclecio Jardim Amorim; Giuliano Maselli Locosselli,Deoclecio Jardim Amorim (T); Giuliano Maselli Locosselli (E),T+E
W7127196630,"Growth and climate sensitivity of native and non-native urban trees under varying soil conditions in Santiago, Chile",https://doi.org/10.1016/j.ufug.2026.129334,2026-02-02,Giuliano Maselli Locosselli,Giuliano Maselli Locosselli (E),E
W7127304828,Trophic Ecology of Loggerhead Turtles ( Caretta caretta ) in Southern Brazil: Insights From Stable Isotopes,https://doi.org/10.1002/aqc.70320,2026-02-01,Plínio Barbosa de Camargo,Plínio Barbosa de Camargo (E),E
W7127432564,"Acquisitive and conservative growth strategies influence Cedrela fissilis response to drought in two contrasting urban forests in São Paulo, Brazil",https://doi.org/10.1016/j.ufug.2026.129330,2026-02-03,Giuliano Maselli Locosselli,Giuliano Maselli Locosselli (E),E
W7127452530,Amazonian fog harbors viable microbes,https://doi.org/10.1038/s43247-026-03233-4,2026-02-03,Mauricio Cruz Mantoani,Mauricio Cruz Mantoani (E),E
W7128004560,Pollen grain evolution in Zornia evidences the homoplastic nature of a stenopalynous genus of Leguminosae,https://doi.org/10.5091/plecevo.160614,2026-02-06,Adriana Pinheiro Martinelli,Adriana Pinheiro Martinelli (P),P
W7128159732,"Responses of drought-tolerant Tipuana tipu trees to long-term irrigation: A tree-ring study in Lisbon, Portugal",https://doi.org/10.1016/j.ufug.2026.129341,2026-02-06,Giuliano Maselli Locosselli,Giuliano Maselli Locosselli (E),E
W7128219188,"Nutrient Enrichment by Poultry Biochar Reshapes Soil Microbial Networks, Reducing Interaction Complexity in Tropical Sandy Soils",https://doi.org/10.1007/s42729-026-03005-1,2026-02-06,Lucas William Mendes,Lucas William Mendes (P),P
W7128540922,Residual effect vs. degradation of S-metolachlor in tropical soils: Herbicide analysis by sorghum bioassay and HPLC,https://doi.org/10.1016/j.hazmo.2026.100017,2026-02-01,Kassio Ferreira Mendes,Kassio Ferreira Mendes (E),E
W7128715187,From deforestation to regeneration: How do land-use changes shape soil microbes and methane-cycling genes in the Eastern Amazon?,https://doi.org/10.1016/j.temicr.2026.100069,2026-02-12,Tsai Siu Mui,Tsai Siu Mui (P),P
W7130533209,Agronomic performance of maize and cover crops using composted sewage sludge to supply phosphorus,https://doi.org/10.1002/agj2.70307,2026-01-01,Cassio Hamilton Abreu Junior,Cassio Hamilton Abreu Junior (P),P
W7130644700,Microwave-assisted extraction of total phenolic compounds from coffee,https://doi.org/10.1016/j.afres.2026.101821,2026-02-20,Fabio Rodrigo Piovezani Rocha,Fabio Rodrigo Piovezani Rocha (T),T
W7130652824,Inoculation with Bacillus subtilis and Paenibacillus sp. shapes the rhizosphere bacteriome of prickly pear cactus under water deficit,https://doi.org/10.1007/s11104-026-08363-4,2026-02-20,Lucas William Mendes,Lucas William Mendes (P),P
W7131137685,The influence of soil pore-size distribution on limestone mobility,https://doi.org/10.1016/j.still.2026.107129,2026-02-23,Quirijn de Jong van Lier,Quirijn de Jong van Lier (E),E
W7131216186,"Land-use intensification reshapes microbial phosphorus cycling, organic matter composition, and phosphorus fractions in Amazonian soils",https://doi.org/10.1093/ismeco/ycag027,2026-01-01,Tsai Siu Mui,Tsai Siu Mui (P),P
W7131224186,Fecal microbiota succession in dairy calves is driven by age and modestly influenced by colostrum source,https://doi.org/10.1038/s41598-026-38526-3,2026-02-24,Lucas William Mendes,Lucas William Mendes (P),P
W7132846373,"Forage-free diet in finishing cattle: Effects on performance, ruminal fermentation, and enteric methane mitigation",https://doi.org/10.1016/j.vas.2026.100608,2026-02-28,Adibe Luiz Abdalla; Helder Louvandini,Adibe Luiz Abdalla (P); Helder Louvandini (P),P
W7133626563,Unraveling the Genome of Epidendrum Fulgens : Demographic History and Gene Family Dynamics in a Resilient Neotropical Orchid,https://doi.org/10.1093/gbe/evag057,2026-03-01,Diego Mauricio Riaño Pachón,Diego Mauricio Riaño Pachón (P),P
W7134834904,Root Development of Tomato Plants Infected by the Cacao Pathogen Moniliophthora perniciosa Is Affected by Limited Sugar Availability,https://doi.org/10.17615/mjdg-rs87,2026-03-10,Antonio Vargas de Oliveira Figueira,Antonio Vargas de Oliveira Figueira (P),P
W7135017648,"Additional file 1 of Plant diversity induces shifts from microbial generalists to specialist by enhancing niche differentiation, microbiome connectivity, and network stability in a temperate grassland",https://doi.org/10.6084/m9.figshare.31669347.v1,2026-02-07,Lucas William Mendes,Lucas William Mendes (P),P
W7135033308,Environmental Mixture Toxicity of Guanitoxin and Organophosphates in Zebrafish: from Developmental and Neurobehavioral Phenotypes to Transcriptomic Responses,https://doi.org/10.1021/acs.est.5c16673,2026-03-11,Ernani Pinto Junior,Ernani Pinto Junior (E),E
W7135047294,"Additional file 1 of Plant diversity induces shifts from microbial generalists to specialist by enhancing niche differentiation, microbiome connectivity, and network stability in a temperate grassland",https://doi.org/10.6084/m9.figshare.31669347,2026-02-07,Lucas William Mendes,Lucas William Mendes (P),P
W7135096010,"Surface geoenvironments shape organic matter inputs in iron-ore caves of Carajás, southeastern Amazonia",https://doi.org/10.1371/journal.pone.0344450,2026-03-11,Luiz Carlos Ruiz Pessenda,Luiz Carlos Ruiz Pessenda (T),T
W7138839948,Biomathematical Approach to Hormetic Dose–Response and Varietal Radiosensitivity in Nicotiana tabacum L.,https://doi.org/10.69547/tsfjb.030203,2025-12-15,Valter Arthur,Valter Arthur (P),P
W7139039797,"Soybean grain production and nutritional quality responses under elevated CO2, high temperature, and drought",https://doi.org/10.1016/j.foodres.2026.119004,2026-03-18,Plínio Barbosa de Camargo,Plínio Barbosa de Camargo (E),E
W7140043165,A novel species for tropical dendrochronology provides glances into pre-industrial environmental conditions in a Brazilian seasonally dry forest,https://doi.org/10.1016/j.dendro.2026.126508,2026-03-22,Giuliano Maselli Locosselli,Giuliano Maselli Locosselli (E),E
W7140116725,FREQUENT ANALYTICAL QUESTIONS (FAQ) - 20 DÚVIDAS COMUNS EM QUÍMICA ANALÍTICA,https://doi.org/10.21577/0100-4042.20260047,2026-01-01,Alex Virgilio,Alex Virgilio (T),T
W7140202522,Connectivity and Age of Restored Atlantic Forest Fragments Drives Composition and Functionality of the Fungal Community in the Leaf Litter Layer,https://doi.org/10.1111/mec.70325,2026-03-01,Tsai Siu Mui,Tsai Siu Mui (P),P
W7141730733,Nitrogen-Controlled Host Gatekeeping: Regulatory Chokepoints Across Four Windows for Diazotroph Access,https://doi.org/10.3390/ijms27073059,2026-03-27,José Lavres Junior; Lucas William Mendes,José Lavres Junior (T); Lucas William Mendes (P),P+T
W7144265437,The rhizosphere microbiome as a decentralized immune system,https://doi.org/10.1016/j.tim.2026.03.006,2026-03-31,Lucas William Mendes,Lucas William Mendes (P),P
W7147063486,Evaluation of Closed-Vessel Conductively-Heated Digestion System with Diluted Acid for Analysis of Animal Feed by ICP-MS,https://doi.org/10.30744/brjac.2179-3425.ar-96-2025,2026-04-01,Alex Virgilio,Alex Virgilio (T),T
W7147645077,Exploring archaeal adaptations and ecosystem roles in tropical soda lake sediments,https://doi.org/10.1016/j.temicr.2026.100080,2026-03-31,Marli de Fatima Fiore,Marli de Fatima Fiore (P),P
W7147720485,Microwave-assisted sample preparation: A review of 50 years of achievements and trends,https://doi.org/10.1016/j.aca.2026.345473,2026-04-01,Fabio Rodrigo Piovezani Rocha,Fabio Rodrigo Piovezani Rocha (T),T
W7150915790,Lignocellulose-mediated selection of potential halophilic PET-degrading enzymes from mangrove soil,https://doi.org/10.1038/s41467-026-71548-z,2026-04-07,Lucas William Mendes,Lucas William Mendes (P),P
W7151232872,"Carnauba straw application modulates composition, diversity, and network architecture of soil microbial communities across soil depths",https://doi.org/10.1016/j.geodrs.2026.e01083,2026-04-07,Lucas William Mendes,Lucas William Mendes (P),P
W7152483481,Quantifying the co-benefits of a tropical urban park in São Paulo through integrated mobile and stationary monitoring,https://doi.org/10.1016/j.cacint.2026.100360,2026-04-01,Giuliano Maselli Locosselli,Giuliano Maselli Locosselli (E),E
W7153028459,"One-pot iron determination in fortified flours using thymol–1,10-phenanthroline deep eutectic solvent and smartphone-based digital image photometry",https://doi.org/10.1039/d6ay00299d,2026-01-01,Fabio Rodrigo Piovezani Rocha; Samara Soares,Fabio Rodrigo Piovezani Rocha (T); Samara Soares (T),T
W7153554459,Soil biological activity and nitrogen mineralization in grass and grass–legume forage systems,https://doi.org/10.1002/saj2.70231,2026-03-01,Adibe Luiz Abdalla,Adibe Luiz Abdalla (P),P
W7154046043,Resistance of bacterial community in the sugarcane rhizosphere after straw burning,https://doi.org/10.1007/s42832-026-0436-1,2026-04-13,Lucas William Mendes,Lucas William Mendes (P),P
W7154107180,Are physiological responses and infrared thermography reliable indicators of feed efficiency in Texel sheep under tropical conditions?,https://doi.org/10.1071/an25301,2026-04-14,Adibe Luiz Abdalla,Adibe Luiz Abdalla (P),P
W7154495696,Kinetic Parameters of Phosphorus Uptake as a Function of Cationic Metal Supply in Cotton,https://doi.org/10.3390/plants15081215,2026-04-15,José Lavres Junior,José Lavres Junior (T),T
W7155504114,Nickel Supplementation for Enhanced Soybean Growth: A Micrometric-to-Nanometric Investigation of Biological Nitrogen Fixation and Metabolism,https://doi.org/10.1021/acsomega.5c10937,2026-04-24,José Lavres Junior,José Lavres Junior (T),T
W7155552383,Açaí biochar reduced soil acidity and enhanced potassium and micronutrient availability in Amazon Ferralsol under cowpea cultivation,https://doi.org/10.1016/j.biombioe.2026.109378,2026-04-24,José Lavres Junior,José Lavres Junior (T),T
W7157227426,Integrating plant microbiome for resilient agriculture and a sustainable environment,https://doi.org/10.1007/s11104-026-08578-5,2026-04-28,Lucas William Mendes,Lucas William Mendes (P),P
W7159932079,Genotype-dependent stability and specialization of arbuscular mycorrhizal fungal communities under drought in common bean,https://doi.org/10.3389/fpls.2026.1786322,2026-05-01,Lucas William Mendes; Tsai Siu Mui,Lucas William Mendes (P); Tsai Siu Mui (P),P
W7160276040,Host genetics and environment shape the gut microbiome of Euschistus heros and Piezodorus guildinii and potentially influencing their adaptation,https://doi.org/10.3389/fmicb.2026.1782301,2026-05-05,Lucas William Mendes,Lucas William Mendes (P),P
W7160498451,Isoscape of Oxygen Stable Isotopes in Woods of the Amazon,https://doi.org/10.3390/molecules31091542,2026-05-06,Deoclecio Jardim Amorim; Luiz Antonio Martinelli; Maria Gabriella da Silva Araújo,Deoclecio Jardim Amorim (T); Luiz Antonio Martinelli (E); Maria Gabriella da Silva Araújo (E),T+E
W7160525980,"Guarana (Paullinia cupana var. sorbilis) as a dietary additive for finishing pigs: impacts on digestibility, growth performance, and carcass traits",https://doi.org/10.3389/fanim.2026.1729844,2026-05-07,Adibe Luiz Abdalla,Adibe Luiz Abdalla (P),P
W7160647065,Urochloa brizantha and Amazonian Dark Earths reshape soil microbiota without affecting tree growth in degraded Central Amazon Oxisols,https://doi.org/10.1007/s42832-026-0453-0,2026-05-08,Tsai Siu Mui,Tsai Siu Mui (P),P
W7160713028,Genomic and secondary metabolites of the marine cyanobacterium Capilliphycus salinus ALCB114379,https://doi.org/10.1111/jpy.70174,2026-05-09,Ernani Pinto Junior; Marli de Fatima Fiore,Ernani Pinto Junior (E); Marli de Fatima Fiore (P),P+E
W7161268282,"Portable, Benchtop and Micro‐XRF in Agriculture—Present and Future From the Hardware Perspective",https://doi.org/10.1002/xrs.70117,2026-05-14,Hudson Wallace Pereira de Carvalho,Hudson Wallace Pereira de Carvalho (T),T
W7161284537,Comparing ERA5 ‐Land and BR ‐ DWGD Datasets and Their Impacts on Vadose‐Zone Hydrological Modelling in the Brazilian Cerrado,https://doi.org/10.1002/hyp.70568,2026-05-01,Quirijn de Jong van Lier,Quirijn de Jong van Lier (E),E
W7161403611,Long‑term impacts of a composted sewage sludge–based Class B organic fertilizer on soil micronutrients and crop production in the Tropics,https://doi.org/10.1016/j.eja.2026.128156,2026-05-16,Cassio Hamilton Abreu Junior,Cassio Hamilton Abreu Junior (P),P
W7161640639,Seasonal Variation in Carbon Dynamics in the Lower Tocantins River: Influence of Discharge and Environmental Drivers,https://doi.org/10.1002/rra.70158,2026-05-19,Alex Vladimir Krusche; Marcelo Zacharias Moreira; Maria Gabriella da Silva Araújo,Alex Vladimir Krusche (E); Marcelo Zacharias Moreira (E); Maria Gabriella da Silva Araújo (E),E
W7161772949,Unveiling Foliar-Applied Calcium Translocation in Tomato: Evidence from Leaf-to-Fruit Movement Using Strontium Tracer,https://doi.org/10.1093/jxb/erag460,2026-09-14,Alex Virgilio; Hudson Wallace Pereira de Carvalho; José Lavres Junior,Alex Virgilio (T); Hudson Wallace Pereira de Carvalho (T); José Lavres Junior (T),T
W7161781331,Environmental drivers on particulate and mineral-associated organic carbon storage across land use systems in the Brazilian Cerrado region,https://doi.org/10.1016/j.jenvman.2026.129964,2026-05-01,Rafael Silva Santos,Rafael Silva Santos (E),E
W7162112717,Enhancing soil security in Brazilian Cerrado: composted sewage sludge as a sustainable conservation agriculture strategy,https://doi.org/10.1016/j.soisec.2026.100237,2026-05-22,Cassio Hamilton Abreu Junior,Cassio Hamilton Abreu Junior (P),P
W7162303846,Bacterial inoculation drives microbiome-mediated resistance to a soil-borne pathogen in wheat,https://doi.org/10.1038/s41522-026-01021-8,2026-05-26,Lucas William Mendes,Lucas William Mendes (P),P
W7162402111,Genotype‐Dependent Modulation of Stomatal Function and Carbon Isotope Fractionation by Silicon in Common Bean Under Water Deficit,https://doi.org/10.1111/ppl.70947,2026-05-01,Deoclecio Jardim Amorim; José Lavres Junior,Deoclecio Jardim Amorim (T); José Lavres Junior (T),T
W7162414682,The role of soil in historical warfare: a review,https://doi.org/10.1016/j.teadva.2026.200154,2026-05-26,Cassio Hamilton Abreu Junior,Cassio Hamilton Abreu Junior (P),P
W7162504813,Rhizosphere microbes are partners in plant stress adaptation,https://doi.org/10.1093/jxb/erag254,2026-05-26,Lucas William Mendes,Lucas William Mendes (P),P
W7163043388,"Greenhouse gases, nutrition, rumen fermentation, and microbiome of lambs fed sugarcane silage versus sugarcane/Moringa oleifera",https://doi.org/10.1016/j.smallrumres.2026.107816,2026-06-01,Adibe Luiz Abdalla,Adibe Luiz Abdalla (P),P
W7163529654,Inclusion of Tithonia diversifolia in Silages of Elephant Grass cv. BRS Capiaçu,https://doi.org/10.1002/jag2.70076,2026-06-01,Adibe Luiz Abdalla,Adibe Luiz Abdalla (P),P
W7163913177,Phenotypic variability in the M1 population of Citrullus lanatus (Thunb.) Matsum. & Nakai ‘Sugar Baby’ irradiated with Cobalt-60 gamma rays,https://doi.org/10.4025/actasciagron.v48.i1.77000,2026-06-01,Augusto Tulmann Neto,Augusto Tulmann Neto (P),P
W7164165772,Apparent microbial carbon use efficiency in the fertosphere: short-term responses to nitrogen fertilizer granule dissolution in tropical soil,https://doi.org/10.1016/j.soilbio.2026.110215,2026-06-10,Eduardo Mariano; Lílian Angélica Moreira,Eduardo Mariano (T); Lílian Angélica Moreira (P),P+T
W7164484853,Anthurium plowmanii growth in translucent and opaque pots under different photo-selective nets,https://doi.org/10.1590/1806-9991e301127,2026-01-01,Adriana Pinheiro Martinelli,Adriana Pinheiro Martinelli (P),P
W7164540159,Multicriteria Metric for Assessing the Sustainability of Adsorbents: From Production to Disposal,https://doi.org/10.1021/acssuschemeng.6c00499,2026-06-12,Fabio Rodrigo Piovezani Rocha,Fabio Rodrigo Piovezani Rocha (T),T
W7164644097,Subsoil Carbon and δ 13 C Spatial Patterns Reveal Land Use Legacy in a Sandy Subtropical Ecotone in Brazil,https://doi.org/10.1029/2025jg009159,2026-06-01,Maria Victoria Ramos Ballester; Plínio Barbosa de Camargo,Maria Victoria Ramos Ballester (E); Plínio Barbosa de Camargo (E),E
W7164733638,Data and code for: Apparent microbial carbon use efficiency in the fertosphere: short-term responses to nitrogen fertilizer granule dissolution in tropical soil,https://doi.org/10.5281/zenodo.20692296,2026-06-14,Eduardo Mariano; Lílian Angélica Moreira,Eduardo Mariano (T); Lílian Angélica Moreira (P),P+T
W7164753136,Data and code for: Apparent microbial carbon use efficiency in the fertosphere: short-term responses to nitrogen fertilizer granule dissolution in tropical soil,https://doi.org/10.5281/zenodo.20692295,2026-06-14,Eduardo Mariano; Lílian Angélica Moreira,Eduardo Mariano (T); Lílian Angélica Moreira (P),P+T
W7164756081,Effect of zinc oxide nanoparticle supplementation in Santa Inês ewes during the transition period,https://doi.org/10.1007/s11250-026-05156-w,2026-06-01,Helder Louvandini,Helder Louvandini (P),P
W7164822125,Pruning management drives early accumulation of deep soil carbon following agroforestry expansion,https://doi.org/10.1016/j.geoderma.2026.117895,2026-06-15,Eduardo Mariano,Eduardo Mariano (T),T
W7164827594,Rhizosphere perspective on desertification and restoration in drylands,https://doi.org/10.1016/j.rhisph.2026.101408,2026-06-15,Lucas William Mendes,Lucas William Mendes (P),P
W7164894459,Legacy Effects of 32 Years of Tillage and Crop Diversification on Soil Biological Activity in Paraguay,https://doi.org/10.3390/soilsystems10060066,2026-06-15,José Lavres Junior,José Lavres Junior (T),T
W7165133536,"Molybdenum sources and incorporation methods into urea granules: impacts on 15N-fertilizer recovery, photosynthesis-related parameters, and sugarcane growth",https://doi.org/10.1007/s11104-026-08730-1,2026-06-18,Eduardo Mariano; Hudson Wallace Pereira de Carvalho; José Lavres Junior; Lílian Angélica Moreira; Victor Alexandre Vitorello,Eduardo Mariano (T); Hudson Wallace Pereira de Carvalho (T); José Lavres Junior (T); Lílian Angélica Moreira (P); Victor Alexandre Vitorello (P),P+T
W7165490362,Protein Biosynthesis Is Associated with Ionome Composition in Soybean Seeds,https://doi.org/10.1021/acsagscitech.5c01032,2026-06-21,Alex Virgilio; Francisco Scaglia Linhares,Alex Virgilio (T); Francisco Scaglia Linhares (P),P+T
W7165551734,"Methane mitigation, nutritional evaluation, and in vitro degradation kinetics of diets based on tropical grass haylage treated with xylanase",https://doi.org/10.1007/s11250-026-05183-7,2026-06-22,Adibe Luiz Abdalla,Adibe Luiz Abdalla (P),P
W7165848297,Phyllosphere and rhizosphere microbiomes in plant disease: ecological mechanisms underlying pathogen resistance and susceptibility,https://doi.org/10.1016/j.pmpp.2026.103356,2026-06-25,Lucas William Mendes,Lucas William Mendes (P),P
W7166025656,Root uptake and translocation of 14C-sulfadiazine in leaf lettuce,https://doi.org/10.1016/j.chemosphere.2026.145007,2026-06-26,Kassio Ferreira Mendes,Kassio Ferreira Mendes (E),E
W7166196072,Initial results from a Trans-Amazon Drilling Project core from the Acre Basin of Brazil,https://doi.org/10.5194/sd-35-127-2026,2026-06-26,Tsai Siu Mui,Tsai Siu Mui (P),P
W7166311273,"Occurrence and ecological risk assessment of pesticides in the waters of the Tietê River, São Paulo, Brazil",https://doi.org/10.1016/j.hazmo.2026.100035,2026-06-27,Kassio Ferreira Mendes; Valdemar Luiz Tornisielo,Kassio Ferreira Mendes (E); Valdemar Luiz Tornisielo (E),E
W7166518614,An integrative multi-omics approach points to membrane composition as a key factor in E. coli persistence,https://doi.org/10.1371/journal.pone.0351161,2026-06-29,Diego Mauricio Riaño Pachón,Diego Mauricio Riaño Pachón (P),P
W7166519098,Carbon and nitrogen stocks and soil organic matter stabilization in a tropical coffee agroecosystem: A 15-year study on phosphogypsum and brachiaria intercropping,https://doi.org/10.1016/j.jenvman.2026.130314,2026-06-30,Hudson Wallace Pereira de Carvalho; Luiz Antonio Martinelli; Lílian Angélica Moreira,Hudson Wallace Pereira de Carvalho (T); Luiz Antonio Martinelli (E); Lílian Angélica Moreira (P),P+T+E
W7166718451,Stable Isotope Values in Human Dentine Collagen and Fingernails Reveal Age‐Related and Socioeconomic Dietary Patterns in Brazil,https://doi.org/10.1002/ajpa.70258,2026-06-30,Luiz Antonio Martinelli,Luiz Antonio Martinelli (E),E
W7166805263,Residues of Desiccant Herbicides in Sesame Seeds ( Sesamum indicum L.) Following Preharvest Application Determined by LC-MS/MS,https://doi.org/10.1021/acs.jafc.6c06511,2026-07-01,Kassio Ferreira Mendes,Kassio Ferreira Mendes (E),E
W7166824171,Phosphate removal from water using zinc ferrite-based materials prepared via different methods: insights into adsorption performance and reusability,https://doi.org/10.1039/d5va00489f,2026-01-01,Hudson Wallace Pereira de Carvalho,Hudson Wallace Pereira de Carvalho (T),T
W7166857842,"Characterizing 2,4‐D Rapid Response Resistance in Conyza sumatrensis",https://doi.org/10.1111/wre.70102,2026-07-01,Valdemar Luiz Tornisielo,Valdemar Luiz Tornisielo (E),E
W7167511594,Rethinking metagenome-assembled genome completeness: are we truly recovering complete genomes?,https://doi.org/10.3389/fmicb.2026.1884628,2026-07-06,Lucas William Mendes,Lucas William Mendes (P),P
W7167786069,Soil tillage and fertilization practices modulate soil greenhouse gas fluxes in tropical Brazilian soybean agroecosystems,https://doi.org/10.1016/j.agee.2026.110639,2026-07-09,Plínio Barbosa de Camargo,Plínio Barbosa de Camargo (E),E
W7167794098,In situ eutectic mixture combined with diluted organic acids for a greener ICP-OES elemental analysis of chocolate,https://doi.org/10.1016/j.talanta.2026.130295,2026-07-09,Fabio Rodrigo Piovezani Rocha; Samara Soares,Fabio Rodrigo Piovezani Rocha (T); Samara Soares (T),T
W7167806826,Integrated transcriptome–metabolome analyses reveal regulatory networks underlying soluble solids accumulation in Capsicum chinense fruits,https://doi.org/10.1111/tpj.71020,2026-07-01,Diego Mauricio Riaño Pachón,Diego Mauricio Riaño Pachón (P),P
W7167818885,Understanding soil carbon storage mechanisms to support sustainable intensification of pasture-based livestock systems in Brazil,https://doi.org/10.3389/fsufs.2026.1805905,2026-07-09,Rafael Silva Santos,Rafael Silva Santos (E),E
W7167850502,Blood plasma proteome analysis reveals biological mechanisms and potential biomarkers underlying feed efficiency in Texel sheep,https://doi.org/10.1007/s11250-026-05203-6,2026-07-01,Adibe Luiz Abdalla; Helder Louvandini,Adibe Luiz Abdalla (P); Helder Louvandini (P),P
W7167891539,Genomic and Metabolomic Insights into Amazonian Oyster-Associated Cyanobacteria Reveal the First Record of Thainema in South America,https://doi.org/10.3390/phycology6030074,2026-07-10,Ernani Pinto Junior; Marli de Fatima Fiore,Ernani Pinto Junior (E); Marli de Fatima Fiore (P),P+E
W7168038989,The Brazilian soil total available water (TAW) acquired by remote sensing and machine learning techniques,https://doi.org/10.1016/j.catena.2026.110395,2026-07-11,Quirijn de Jong van Lier,Quirijn de Jong van Lier (E),E
W7168103743,Resistant and Susceptible Lima Bean Genotypes Differentially Recruit Rhizosphere and Phyllosphere Bacteria in Response to the Fungal Pathogen Colletotrichum truncatum,https://doi.org/10.1111/ppa.70234,2026-07-01,Lucas William Mendes,Lucas William Mendes (P),P
W7168386074,Single standard normalized slope ratio calibration for mineral analysis by laser-induced breakdown spectroscopy,https://doi.org/10.1039/d6ja00148c,2026-01-01,Fabio Rodrigo Piovezani Rocha,Fabio Rodrigo Piovezani Rocha (T),T
W7168898679,Improving ecological indicators of mangrove canopy height and aboveground biomass through multi-source data fusion on the Amazon coast,https://doi.org/10.1016/j.ecolind.2026.115200,2026-07-16,Luiz Carlos Ruiz Pessenda,Luiz Carlos Ruiz Pessenda (T),T
W7169577338,Wet-cold forest altitudinal shifts during the Pleistocene-Holocene in the Brazilian central mountain range (Serra do Espinhaço Meridional),https://doi.org/10.1016/j.catena.2026.110437,2026-07-17,Plínio Barbosa de Camargo,Plínio Barbosa de Camargo (E),E
W7169768900,Separated for too long: plant nutrition as the functional interface linking the plant-soil microbiome to plant performance,https://doi.org/10.1590/1678-992x-2026-0067,2026-01-01,José Lavres Junior; Lucas William Mendes,José Lavres Junior (T); Lucas William Mendes (P),P+T
W7169800585,Biological nitrogen fixation by Prosopis juliflora (Sw.) DC stands in the Brazilian semi-arid region,https://doi.org/10.1007/s10457-026-01605-5,2026-07-20,Plínio Barbosa de Camargo,Plínio Barbosa de Camargo (E),E
W7169801559,"Advancing Scientia Agricola: a new phase toward integration, quality, and global relevance",https://doi.org/10.1590/1678-992x-editorial012026,2026-01-01,José Lavres Junior,José Lavres Junior (T),T
W7170758741,"Microplastics interfere with sorption–desorption, leaching, and mobility of 14C-diflubenzuron, 14C-fluazinam, and 14C-metribuzin in a tropical soil",https://doi.org/10.1186/s12302-026-01467-9,2026-07-24,Kassio Ferreira Mendes; Valdemar Luiz Tornisielo,Kassio Ferreira Mendes (E); Valdemar Luiz Tornisielo (E),E
W7171362443,"Physiological responses, body temperature, enteric methane and ruminal microbiota of lambs fed sugarcane silage and Tithonia diversifolia",https://doi.org/10.1007/s11250-026-05247-8,2026-07-27,Adibe Luiz Abdalla,Adibe Luiz Abdalla (P),P
W7171383108,Cover Crops’ Role in Mitigating 14C-Imazethapyr in Contaminated Soils: A Phytoremediation Strategy for Intensive Agriculture,https://doi.org/10.1021/acsagscitech.6c00430,2026-07-25,Kassio Ferreira Mendes; Valdemar Luiz Tornisielo,Kassio Ferreira Mendes (E); Valdemar Luiz Tornisielo (E),E
W7171409155,Physiological hormesis induced by low-dose gamma radiation in Nicotiana tabacum L.: Varietal differences in early stress response,https://doi.org/10.1016/j.radphyschem.2026.114279,2026-07-27,Valter Arthur,Valter Arthur (P),P
W7171563967,Ranking lambs by feed efficiency – are there changes in ruminal fermentation parameters and enteric methane emissions?,https://doi.org/10.1007/s11250-026-05257-6,2026-07-28,Adibe Luiz Abdalla,Adibe Luiz Abdalla (P),P
W7171772308,Tolerance of Brazil pusley biotypes to glyphosate: role of absorption and translocation and behavior of shikimic acid pathway metabolites,https://doi.org/10.51694/advweedsci/2026;44:0029,2026-01-01,Kassio Ferreira Mendes,Kassio Ferreira Mendes (E),E
W7171815176,"Carbon, calcium carbonate, and nitrogen sources and distribution across mangrove forests: a case study from northeastern Brazil",https://doi.org/10.1016/j.catena.2026.110475,2026-07-30,Plínio Barbosa de Camargo,Plínio Barbosa de Camargo (E),E
W7171982619,Calibrating the wetting front pressure head of the Green and Ampt infiltration model,https://doi.org/10.1002/saj2.70315,2026-07-01,Quirijn de Jong van Lier,Quirijn de Jong van Lier (E),E
W7172541110,Diurnal dynamics of maize gene expression is associated with phyllosphere microbiome composition,https://doi.org/10.1007/s10123-026-00875-4,2026-08-06,Diego Mauricio Riaño Pachón; Lucas William Mendes,Diego Mauricio Riaño Pachón (P); Lucas William Mendes (P),P
W7196949283,Caenorhabditis elegans in nanosafety research: dual effect of Escherichia coli ecocorona formation on single and combined toxicity of graphene oxide,https://doi.org/10.1039/d6na00311g,2026-01-01,Cassio Hamilton Abreu Junior,Cassio Hamilton Abreu Junior (P),P
W7196972478,Impact of Climate Change on Cyanobacteria–Cyanophage Interactions and Their Role in Cyanobacterial Blooms in Freshwater Lakes,https://doi.org/10.1111/gcb.71035,2026-08-01,Marli de Fatima Fiore,Marli de Fatima Fiore (P),P
W7201959342,Coupled organic and inorganic carbon dynamics mediated by calcium in semi-arid olive orchards,https://doi.org/10.1016/j.still.2026.107424,2026-08-08,Hudson Wallace Pereira de Carvalho,Hudson Wallace Pereira de Carvalho (T),T
W7202167304,Vis-NIR and XRF data fusion for soil organic carbon inference: Insights from large-scale spectral libraries and fitness-for-purpose evaluation,https://doi.org/10.1016/j.still.2026.107430,2026-08-11,Hudson Wallace Pereira de Carvalho; José Lavres Junior,Hudson Wallace Pereira de Carvalho (T); José Lavres Junior (T),T
W7203597002,"Feed Efficiency Classification in Confined Texel Ewe Lambs: Relationships with Ruminal Fermentation, Nitrogen Metabolism, and Greenhouse Gas Emissions",https://doi.org/10.3390/ani16162554,2026-08-16,Adibe Luiz Abdalla; Helder Louvandini,Adibe Luiz Abdalla (P); Helder Louvandini (P),P
W7203633140,Multiproxy data indicate insolation-driven changes in precipitation over eastern tropical South America during the Holocene,https://doi.org/10.1016/j.quascirev.2026.110216,2026-08-17,Marília Campos,Marília Campos (T),T
W7203642431,Image-Based Phenotyping for Early Assessment of Radiosensitivity of Cowpea (Vigna unguiculata L. Walp.) Seedlings Irradiated with Gamma Rays,https://doi.org/10.3390/ijpb17080075,2026-08-17,Valter Arthur,Valter Arthur (P),P
W7203703056,"Calor? No Horto, não!",https://doi.org/10.5281/zenodo.21924116,2026-08-17,Giuliano Maselli Locosselli,Giuliano Maselli Locosselli (E),E
W7203716734,"Calor? No Horto, não!",https://doi.org/10.5281/zenodo.21924115,2026-08-17,Giuliano Maselli Locosselli,Giuliano Maselli Locosselli (E),E
W7203897170,"Structural adaptations of aboveground vegetative organs to cangas: A case study with the Amazonian species Carajasia cangae R.M.Salas, E.L.Cabral & Dessein (Rubiaceae), which grows on ferruginous outcrops",https://doi.org/10.1371/journal.pone.0354749,2026-08-21,Adriana Pinheiro Martinelli,Adriana Pinheiro Martinelli (P),P
W7204061892,Biochar,,2026-01-01,Kassio Ferreira Mendes,Kassio Ferreira Mendes (E),E
W7204188463,Long-lived geoxyles of the Cerrado: anatomical and radiocarbon evidence from a Psidium grandifolium xylopodium,https://doi.org/10.1016/j.flora.2026.153065,2026-08-25,Luiz Carlos Ruiz Pessenda,Luiz Carlos Ruiz Pessenda (T),T
W7204575193,Phytohormone-microbiome interactions and epigenetic regulation of plant stress responses and priming,https://doi.org/10.1093/jxb/erag417,2026-08-28,Lucas William Mendes,Lucas William Mendes (P),P
W7204627859,Restoration contexts shape the bacterial and fungal soil communities in desertification hotspots in the Brazilian semiarid region,https://doi.org/10.1016/j.jenvman.2026.130831,2026-08-29,Lucas William Mendes,Lucas William Mendes (P),P
W7204956395,Exploring functional and taxonomic rhizosphere microbiome signatures in drought-tolerant common beans,https://doi.org/10.1038/s41522-026-01127-z,2026-09-01,Lucas William Mendes; Tsai Siu Mui,Lucas William Mendes (P); Tsai Siu Mui (P),P
W7207683527,Effects of partial replacement of sugarcane silage with Moringa oleifera silage on carcass traits and meat quality of lambs,https://doi.org/10.1007/s11250-026-05309-x,2026-09-01,Adibe Luiz Abdalla,Adibe Luiz Abdalla (P),P
W7211966851,Synthetic Orthogonal Promoters and Transcription Factor Platforms in Algae: Rational Design Principles and Applications in Synthetic Biology,https://doi.org/10.3390/synbio4030017,2026-09-08,Flavia Vischi Winck,Flavia Vischi Winck (P),P
W7212129804,Leaf elemental traits and stable isotopes across a Caatinga–Atlantic forest transect reveal shifts in water-use and nutrient strategies,https://doi.org/10.1007/s10533-026-01351-x,2026-09-10,Luiz Antonio Martinelli; Maria Gabriella da Silva Araújo; Plínio Barbosa de Camargo,Luiz Antonio Martinelli (E); Maria Gabriella da Silva Araújo (E); Plínio Barbosa de Camargo (E),E
W7212368518,"Microbial traits, necromass accumulation, and soil carbon persistence are shaped by oil palm-based agroforestry in the Amazon",https://doi.org/10.1016/j.geoderma.2026.118033,2026-09-12,Valdemar Luiz Tornisielo,Valdemar Luiz Tornisielo (E),E
W7212402567,Cooperative-based agroforestry system supports steady bioeconomy in the Eastern Amazon,https://doi.org/10.1016/j.tfp.2026.101487,2026-09-12,Tsai Siu Mui,Tsai Siu Mui (P),P
W7212634955,"Climatic variations, vegetation and soils during the Holocene in the Pantanal of Mato Grosso do Sul, Brazil",https://doi.org/10.1016/j.quaint.2026.110455,2026-09-14,Luiz Carlos Ruiz Pessenda,Luiz Carlos Ruiz Pessenda (T),T
W7213454255,The above- and below-ground root-to-shoot ratio in urban trees – a ground penetrating radar assessment,https://doi.org/10.1007/s00468-026-02812-4,2026-09-17,Giuliano Maselli Locosselli,Giuliano Maselli Locosselli (E),E
W7213466883,Modeling the effects of livestock rotation frequency on forage production and soil carbon using a spatially explicit grazing distribution,https://doi.org/10.1080/17583004.2026.2732593,2026-09-17,Rafael Silva Santos,Rafael Silva Santos (E),E
W7213546396,Absorption and translocation of 14 C ‐propiconazole associated with two adjuvants in young coffee plants,https://doi.org/10.1002/ps.71310,2026-09-17,Kassio Ferreira Mendes; Valdemar Luiz Tornisielo,Kassio Ferreira Mendes (E); Valdemar Luiz Tornisielo (E),E
W7213669560,Diflubenzuron persists and impairs behavioral and biochemical responses in the giant freshwater prawn (Macrobrachium rosenbergii),https://doi.org/10.1016/j.scitotenv.2026.182307,2026-09-19,Valdemar Luiz Tornisielo,Valdemar Luiz Tornisielo (E),E
W7214019355,Native tree species in silvopastoral system outperforms,https://doi.org/10.36783/18069657rbcs20250164,2026-01-01,Tsai Siu Mui,Tsai Siu Mui (P),P
W7214713104,A plant species persisting under desertification is associated with a distinct rhizosphere bacterial community,https://doi.org/10.1016/j.rhisph.2026.101487,2026-09-29,Lucas William Mendes,Lucas William Mendes (P),P
W7214729655,Role of zinc oxide nanoparticles in the parasitism and abomasal pathophysiology of lambs artificially infected with Haemonchus contortus,https://doi.org/10.1016/j.vetpar.2026.110933,2026-09-01,Helder Louvandini,Helder Louvandini (P),P
W7214783276,Developmental and behavioral disruption in Zebrafish larvae by mixtures of anatoxin-a and neonicotinoids,https://doi.org/10.1016/j.aquatox.2026.108036,2026-09-01,Ernani Pinto Junior,Ernani Pinto Junior (E),E
W7214963263,Foliar Application of Azospirillum brasilense Enhances Wheat Nutrition and Yield Under Tropical Savanna Conditions,https://doi.org/10.15835/nbha54315112,2026-09-11,Lucas William Mendes,Lucas William Mendes (P),P
W7215074864,Conserved Hydrocarbon Degradation Architectures in Petroleum-Associated Microbiomes Revealed by Genome-Resolved Analysis Using the Petroleum-Associated Genome Database (PaGeD),https://doi.org/10.3390/microorganisms14102197,2026-10-01,Diego Mauricio Riaño Pachón,Diego Mauricio Riaño Pachón (P),P
W7215084676,Advancing Maize Seed Vigor Assessment Through Multispectral Imaging: Highlighting the Relevance of Ultraviolet Optical Markers,https://doi.org/10.3390/agriengineering8100415,2026-10-01,José Lavres Junior,José Lavres Junior (T),T
W7217384309,"A UNIVERSIDADE DE VOLTA A ESCOLA: EXTENSÃO CIENTÍFICA COM JOVENS ALUNOS EM PIRACICABA (SÃO PAULO, BRASIL)",,2024-12-30,Ernani Pinto Junior,Ernani Pinto Junior (E),E
