work_id,title,supervisors,areas,suggested_areas,source
W3002172438,"Sterilizing of Alphitobius diaperinus (Panzer, 1797) (Coleoptera: Tenebrionidae) irradiated in pupa stage",Valter Arthur,P+E+T,P+E+T,automatic
W3002391705,PROPAGATION OF MANGO SEEDLINGS OF THE CULTIVAR “TOMMY” BY GRAFTS IRRADIATED,Valter Arthur,P+T,P+T,automatic
W3003543800,APPLICATION OF GAMMA RADIATION IN PEA (PISUM SATIVUM L.) IN NATURA TO INHIBIT SPROUTING AND INCREASE SHELF LIFE,Valter Arthur,P+T,P+T,automatic
W3003767768,Glycine max oil physical-chemical quality obtained of irradiated seeds,Valter Arthur,P+T,P+T,automatic
W3003850080,APPLE PORRIDGE SUBMITTED TO GAMMA RADIATION FOR SHELF-LIFE EXTENDED,Valter Arthur,P+T,P+T,automatic
W3004084447,"DISINFESTATION OF MANGOES HADEN IN-FESTED BY Anastrepha fraterculus (WIED., 1830) (DIPTERA, TEPHRITIDAE), WITH GAMMA RADIATION",Valter Arthur,P+E+T,P+E+T,automatic
W3004288181,SHELF-LIFE OF PAPAYA NECTAR SUBMITTED TO IONIZING RADIATION,Valter Arthur,P+E+T,P+E+T,automatic
W3088715199,SUSTENTABILIDADE URBANA E INDICADORES DE ÁREA VERDE NO MUNICÍPIO DE SÃO PAULO,Giuliano Maselli Locosselli,E+T,E+T,automatic
W3110738593,Meridional changes in the South Atlantic Subtropical Gyre during Heinrich Stadials,Marília Campos,P+E+T,P+E+T,automatic
W3112519777,Multispectral and X-ray images for characterization of Jatropha curcas L. seed quality,Valter Arthur,P+E+T,P+E+T,automatic
W3118279996,Potential use of cassava by-product as ruminant feed,Adibe Luiz Abdalla; Helder Louvandini,P+E+T,P+E+T,automatic
W3118483448,hRNAi-mediated knock-down of Sphenophorus levis V-ATPase E in transgenic sugarcane (Saccharum spp interspecific hybrid) affects the insect growth and survival,Antonio Vargas de Oliveira Figueira,P+T,P+T,automatic
W3118560306,"Mycosporine-Like Amino Acids (MAAs): Biology, Chemistry and Identification Features",Ernani Pinto Junior,P+E+T,P+E+T,automatic
W3118702585,Distinct bacterial community structure and composition along different cowpea producing ecoregions in Northeastern Brazil,Lucas William Mendes,P+E+T,P+E+T,automatic
W3119155659,Moderate swidden agriculture inside dense evergreen ombrophilous forests can sustain soil chemical properties over 10–15 year cycles within the Brazilian Atlantic Forest,José Lavres Junior,E+T,E+T,automatic
W3119210310,"Seed size influences the promoting activity of rhizobia on plant growth, nodulation and N fixation in lima bean",Lucas William Mendes,P+E+T,P+E+T,automatic
W3119714006,"Occurrence of caffeine, fluoxetine, bezafibrate and levothyroxine in surface freshwater of São Paulo State (Brazil) and risk assessment for aquatic life protection",Ernani Pinto Junior,P+E+T,P+E+T,automatic
W3119859824,"Recovery of 15N fertilizer in intercropped maize, grass and legume and residual effect in black oat under tropical conditions",Paulo César Ocheuze Trivelin; Eduardo Mariano,P+E+T,P+E+T,automatic
W3119902330,"Trace elements and δ 13 C and δ 15 N isotopes in sediments, phytoplankton and oysters as indicators of anthropogenic activities in estuaries in the Brazilian Amazon",Marcelo Zacharias Moreira,E+T,E+T,automatic
W3120831690,Distinct taxonomic composition of soil bacterial community across a native gradient of Cerrado-Ecotone-Caatinga,Lucas William Mendes,P+E,P+E,automatic
W3121025337,Growth and saxitoxin production responses to copper (CuCl2) exposure by the cyanobacterium Raphidiopsis raciborskii,Flavia Vischi Winck,P+E+T,P+E+T,automatic
W3121106836,"Soil CO2 concentration, efflux, and partitioning in a recently afforested grassland",Rafael Silva Santos,E,E,automatic
W3121545671,Plant Compartments and Developmental Stages Modulate the Balance between Niche-Based and Neutral Processes in Soybean Microbiome,Lucas William Mendes,P+E,P+E,automatic
W3122406477,Characterization and Comparison of Intestinal Bacterial Microbiomes of Euschistus heros and Piezodorus guildinii Collected in Brazil and the United States,Lucas William Mendes,P+E,P+E,automatic
W3122527749,Effect of Fertiactyl® on the absorption and translocation of 14C-glyphosate in young eucalyptus plants,Kassio Ferreira Mendes; Valdemar Luiz Tornisielo,P+E+T,P+E+T,automatic
W3123298438,Restoration of quarry areas in Mediterranean regions through a low-cost soil rebuilding technique for profitable pedotechnosystems development,Cassio Hamilton Abreu Junior,P+E+T,P+E+T,automatic
W3123361126,Grazing exclusion regulates bacterial community in highly degraded semiarid soils from the Brazilian Caatinga biome,Lucas William Mendes,P+E,P+E,automatic
W3125119374,"Bee propolis extract as a phytogenic feed additive to enhance diet digestibility, rumen microbial biosynthesis, mitigating methane formation and health status of late pregnant ewes",Adibe Luiz Abdalla,P+E+T,P+E+T,automatic
W3125232735,Nickel Influences Urease Activity and Calcium Distribution in Tomato Fruits,Hudson Wallace Pereira de Carvalho,P+T,P+T,automatic
W3125369486,Distribution and origin of sedimentary organic matter in an eutrophic estuary: Pina Sound – NE Brazil,Marcelo Zacharias Moreira,E+T,E+T,automatic
W3125930863,"Phylogenomic analysis of Anabaenopsis elenkinii (Nostocales, Cyanobacteria)",Marli de Fatima Fiore,P,P,automatic
W3126206008,Investigating δ13C values in stalagmites from tropical South America for the last two millennia,Luiz Carlos Ruiz Pessenda,E+T,E+T,automatic
W3126454266,Genomic and transcriptomic resources for candidate gene discovery in the Ranunculids,Diego Mauricio Riaño Pachón,P,P,automatic
W3127129936,Asymbiotic nitrogen fixation in the phyllosphere of the Amazon forest: Changing nitrogen cycle paradigms,Plínio Barbosa de Camargo,P+E+T,P+E+T,automatic
W3127332474,Propagation of uncertainty of soil hydraulic parameterization in the prediction of water balance components: A stochastic analysis in kaolinitic clay soils,Quirijn de Jong van Lier,E+T,E+T,automatic
W3127955207,Effect of pyrolysis temperature on eucalyptus wood residues biochar on availability and transport of hexazinone in soil,Kassio Ferreira Mendes; Valdemar Luiz Tornisielo,P+E+T,P+E+T,automatic
W3128202527,Smartphone-based digital images as a novel approach to determine formaldehyde as a milk adulterant,Fabio Rodrigo Piovezani Rocha,P+T,P+T,automatic
W3128231263,The effect of global warming on the establishment of mangroves in coastal Louisiana during the Holocene,Luiz Carlos Ruiz Pessenda,P+E+T,P+E+T,automatic
W3128242165,Genome-Resolved Metagenomics Is Essential for Unlocking the Microbial Black Box of the Soil,Lucas William Mendes,P+E+T,P+E+T,automatic
W3128773514,Consequences of a Severe Drought on Dissolved Carbon Forms of a Tropical Mesoscale River Under High Human Influence,Luiz Antonio Martinelli; Plínio Barbosa de Camargo,E+T,E+T,automatic
W3128798565,Evaluation of ozone technology as an alternative for degradation of free gossypol in cottonseed meal: a prospective study,Adibe Luiz Abdalla,P+E+T,P+E+T,automatic
W3129106619,Chemometrics unraveling nutrient dynamics during soybean seed germination,Hudson Wallace Pereira de Carvalho,P+E+T,P+E+T,automatic
W3129609028,Alien plant introductions and greenhouse gas emissions: Insights from Gunnera tinctoria invasions,Mauricio Cruz Mantoani,P+E+T,P+E+T,automatic
W3130621099,A Multi‐Proxy Approach to Unravel Late Pleistocene Sediment Flux and Bottom Water Conditions in the Western South Atlantic Ocean,Marília Campos,P+E+T,P+E+T,automatic
W3130898158,Urea- Versus Ammonium Nitrate–Based Fertilizers for Green Sugarcane Cultivation,José Lavres Junior,P+E+T,P+E+T,automatic
W3132777137,"Photosynthetic Parameters and Growth of Rice, Lettuce, Sunflower and Tomato in an Entisol as Affected by Soil Acidity and Bioaccumulation of Ba, Cd, Cu, Ni, and Zn",José Lavres Junior,P+E+T,P+E+T,automatic
W3134264579,Adaptive evolution of Moniliophthora PR-1 proteins towards its pathogenic lifestyle,Antonio Vargas de Oliveira Figueira,P,P,automatic
W3134686076,Ingestion and effects of cerium oxide nanoparticles on Spodoptera frugiperda (Lepidoptera: Noctuidae),Hudson Wallace Pereira de Carvalho,P+E+T,P+E+T,automatic
W3134813985,"CyanoMetDB, a comprehensive public database of secondary metabolites from cyanobacteria",Ernani Pinto Junior,P+E+T,P+E+T,automatic
W3134920304,"The value of climate responses of individual trees to detect areas of climate-change refugia, a tree-ring study in the Brazilian seasonally dry tropical forests",Giuliano Maselli Locosselli,E,E,automatic
W3135139121,Revealing the high variability on nonconserved core and mobile elements of Austropuccinia psidii and other rust mitochondrial genomes,Diego Mauricio Riaño Pachón,P,P,automatic
W3135292283,Synchrotron-based X-ray microscopy for assessing elements distribution and speciation in mangrove tree-rings,Luiz Carlos Ruiz Pessenda,P+E+T,P+E+T,automatic
W3136172719,Partial Substitution of K by Na Alleviates Drought Stress and Increases Water Use Efficiency in Eucalyptus Species Seedlings,José Lavres Junior,P+E+T,P+E+T,automatic
W3138205803,The Use of the Generalized Linear Model to Assess the Speed and Uniformity of Germination of Corn and Soybean Seeds,Deoclecio Jardim Amorim,P+E+T,P+E+T,automatic
W3138476166,Trichostrongylus colubriformis affecting sheep phosphorus metabolism and precision feeding as a mitigating strategy,Helder Louvandini,P+E+T,P+E+T,automatic
W3138852228,"Reconstructing the history of environmental impact in a tropical mangrove ecosystem: A case study from the Suape port-industrial complex, Brazil",Plínio Barbosa de Camargo,E+T,E+T,automatic
W3138919469,Can the insecticide Imidacloprid affect the health of the Neotropical freshwater fish Astyanax altiparanae (Teleostei: Characidae)?,Ernani Pinto Junior,P+E+T,P+E+T,automatic
W3139422816,Bacillus subtilis changes the root architecture of soybean grown on nutrient-poor substrate,Lucas William Mendes,P+E+T,P+E+T,automatic
W3143514697,MEAD OF NATURAL FERMENTATION,Valter Arthur,P+E+T,P+E+T,automatic
W3143606862,"Determining the Sterilization Doses under Hypoxia for the Novel Black Pupae Genetic Sexing Strain of Anastrepha fraterculus (Diptera, Tephritidae)",Thiago de Araújo Mastrangelo,P,P,automatic
W3144506385,Human-modified landscapes narrow the isotopic niche of neotropical birds,Marcelo Zacharias Moreira,E,E,automatic
W3144646940,Non-native prey species supporting fish assemblage biomass in a Neotropical reservoir,Marcelo Zacharias Moreira,E,E,automatic
W3145232491,"Moniliophthoraperniciosa, the causal agent of witches’ broom disease of cacao, interferes with cytokinin metabolism during infection of Micro‐Tom tomato and promotes symptom development",Antonio Vargas de Oliveira Figueira,P,P,automatic
W3145412754,A bioinspired nitrone precursor to a stabilized nitroxide radical,Ernani Pinto Junior,P+E+T,P+E+T,automatic
W3149218435,Not just a methane source: Amazonian floodplain sediments harbour a high diversity of methanotrophs with different metabolic capabilities,Tsai Siu Mui,P+E,P+E,automatic
W3150833094,Mid‐ to Late Holocene Contraction of the Intertropical Convergence Zone Over Northeastern South America,Marília Campos,E+T,E+T,automatic
W3152598625,Nitrogen accumulated and biologically fixed by uninoculated Anadenanthera peregrina (L.) Speg trees under monospecific stands in the Atlantic Forest biome,Paulo César Ocheuze Trivelin,P+E+T,P+E+T,automatic
W3152840179,"Shedding Light on the Dynamic Role of the “Target of Rapamycin” Kinase in the Fast-Growing C4 Species Setaria viridis, a Suitable Model for Biomass Crops",Diego Mauricio Riaño Pachón,P,P,automatic
W3152894666,"Isolation and enzyme bioprospection of bacteria associated to Bruguiera cylindrica, a mangrove plant of North Sumatra, Indonesia",Lucas William Mendes,P+E+T,P+E+T,automatic
W3153502076,The effects of microwave application on the physicochemical properties of bacaba (Oenocarpus bacaba Mart.) oil [pdf],Valter Arthur,P+E+T,P+E+T,automatic
W3154481206,Stability Analyses by HPLC-MS of Guanitoxin Isolated from Sphaerospermopsis torques-reginae,Ernani Pinto Junior,P+E+T,P+E+T,automatic
W3154951414,Low Diffusive Methane Emissions From the Main Channel of a Large Amazonian Run-of-the-River Reservoir Attributed to High Methane Oxidation,Plínio Barbosa de Camargo,E,E,automatic
W3155598205,Convolutional Neural Networks Using Enhanced Radiographs for Real-Time Detection of Sitophilus zeamais in Maize Grain,Thiago de Araújo Mastrangelo; Valter Arthur,P+E+T,P+E+T,automatic
W3156045673,Short-term nickel residual effect in field-grown soybeans: nickel-enriched soil acidity amendments promote plant growth and safe soil nickel levels,José Lavres Junior,P+E+T,P+E+T,automatic
W3156523204,Consequences of land-use change in Brazil’s new agricultural frontier: A soil physical health assessment,Rafael Silva Santos,E,E,automatic
W3156725318,Overexpression of a Sugarcane BAHD Acyltransferase Alters Hydroxycinnamate Content in Maize Cell Wall,Diego Mauricio Riaño Pachón,P+T,P+T,automatic
W3156861082,Soil CO2 emission and soil attributes associated with the microbiota of a sugarcane area in southern Brazil,Tsai Siu Mui,P+E+T,P+E+T,automatic
W3157302119,Cow bonechar decreases indaziflam pre-emergence herbicidal activity in tropical soil,Kassio Ferreira Mendes,P+E+T,P+E+T,automatic
W3157784553,Changes in leaf functional traits with leaf age: when do leaves decrease their photosynthetic capacity in Amazonian trees?,Plínio Barbosa de Camargo,P+E+T,P+E+T,automatic
W3158348298,"An overview of the Sixth International Conference on the Comparative Biology of Monocotyledons - Monocots VI - Natal, Brazil, 2018",Adriana Pinheiro Martinelli,P+E+T,P+E+T,automatic
W3158712178,INFLUENCE OF IRRADIATION ON POWDER CHARACTERISTICS AND CHITOSAN SOLUTION,Valter Arthur,P+E+T,P+E+T,automatic
W3158801254,EFFECT OF IRRADIATION IN HONEY INOCULATED WITH Bacillus sporothermodurans,Valter Arthur,P+T,P+T,automatic
W3160023570,Effect of long-term crop rotation and fertilisation management on soil humus dynamics in organic and sustainable agricultural management systems,Quirijn de Jong van Lier,P+E+T,P+E+T,automatic
W3160155384,Variability in soil physical–chemical properties along the root-explored profile in deep Oxisols of commercial eucalypt plantations,Cassio Hamilton Abreu Junior,P+E+T,P+E+T,automatic
W3160287333,Impacts of market economy access and livelihood conditions on agro-food transition in rural communities in three macro-regions of Brazil,Luiz Antonio Martinelli,P+E+T,P+E+T,automatic
W3160355583,Taking the pulse of Earth's tropical forests using networks of highly distributed plots,Luiz Antonio Martinelli; Plínio Barbosa de Camargo,E+T,E+T,automatic
W3160521158,Development and characterization of a new in-house reference material for stable carbon and oxygen isotopes analyses,Marília Campos,E+T,E+T,automatic
W3161009848,"Multi-Sensor Approach for Tropical Soil Fertility Analysis: Comparison of Individual and Combined Performance of VNIR, XRF, and LIBS Spectroscopies",Hudson Wallace Pereira de Carvalho,E+T,E+T,automatic
W3161090736,Landholders' perceptions on legal reserves and agricultural intensification: Diversity and implications for forest conservation in the eastern Brazilian Amazon,Maria Victoria Ramos Ballester,E,E,automatic
W3161561634,"Replacing maize with low tannin sorghum grains: lamb growth performance, microbial protein synthesis and enteric methane production",Adibe Luiz Abdalla,P+E+T,P+E+T,automatic
W3161877208,Arbuscular mycorrhizal community in soil from different Brazilian Cerrado physiognomies,Lucas William Mendes,P+E+T,P+E+T,automatic
W3162129695,"Permanent occurrence of Raphidiopsis raciborskii and cyanotoxins in a subtropical reservoir polluted by domestic effluents (Itupararanga reservoir, São Paulo, Brazil)",Ernani Pinto Junior,P+E+T,P+E+T,automatic
W3162425738,Perspective: What constitutes a quality paper in atomic spectrometry,Fabio Rodrigo Piovezani Rocha,T,T,automatic
W3162927747,"Hydrological influence on the evolution of a subtropical mangrove ecosystem during the late Holocene from Babitonga Bay, Brazil",Luiz Carlos Ruiz Pessenda,E+T,E+T,automatic
W3163058041,"Growth performance, carcass traits and meat quality of lambs fed increasing level of Macadamia nut cake",Adibe Luiz Abdalla,P+E+T,P+E+T,automatic
W3163540264,Large-scale flow analysis: From repetitive assays to expert analyzers,Fabio Rodrigo Piovezani Rocha; Elias Ayres Guidetti Zagatto,T,T,automatic
W3163672961,"Climate drivers of tree fall on the streets of São Paulo, Brazil",Giuliano Maselli Locosselli,E,E,automatic
W3164670859,Increased hydraulic constraints in Eucalyptus plantations fertilized with potassium,Cassio Hamilton Abreu Junior,P+E+T,P+E+T,automatic
W3164675142,"Will climate change shift carbon allocation and stem hydraulics? Insights on a systemic view of carbon- and water-related wood traits in an anysohydric tropical tree species (Hymenaea courbaril, Leguminosae)",Giuliano Maselli Locosselli,P+E+T,P+E+T,automatic
W3164947520,"Amazonocrinis nigriterrae gen. nov., sp. nov., Atlanticothrix silvestris gen. nov., sp. nov. and Dendronalium phyllosphericum gen. nov., sp. nov., nostocacean cyanobacteria from Brazilian environments",Marli de Fatima Fiore,P+E+T,P+E+T,automatic
W3165084313,Microbial co-occurrence network and its key microorganisms in soil with permanent application of composted tannery sludge,Lucas William Mendes,P+E+T,P+E+T,automatic
W3165386651,Can an invasive African grass affect carbon and nitrogen stocks in open habitats of the Brazilian Cerrado?,Plínio Barbosa de Camargo,E,E,automatic
W3165750094,Chemical Characterization of Microcystis aeruginosa for Feed and Energy Uses,Ernani Pinto Junior,P+E+T,P+E+T,automatic
W3165797917,"Ecological implications of twentieth century reforestation programs for the urban forests of São Paulo, Brazil: a study based on litterfall and nutrient cycling",Plínio Barbosa de Camargo,E+T,E+T,automatic
W3167830634,Deforestation and land use change mediate soil carbon changes in the eastern Brazilian Amazon,Plínio Barbosa de Camargo,E,E,automatic
W3168349587,Aceitação e consumo de alimentos irradiados em Goiânia-GO / Acceptance and consumption of irradiated foods in Goiânia-GO,Valter Arthur,P+E+T,P+E+T,automatic
W3169803157,"O tamanho da semente influencia a atividade promotora dos rizóbios sobre o crescimento de plantas, nodulação e fixação de N em feijão-fava",Lucas William Mendes,P+E+T,P+E+T,automatic
W3169955012,"Modulation of structural carbohydrates, phenol compounds and lignin content in Eucalyptus urophylla cuttings grown under boron, copper and zinc induced-deficiency",José Lavres Junior,P+E+T,P+E+T,automatic
W3170274656,Potential of Egeria densa and Pistia stratiotes for the phytoremediation of water contaminated with saflufenacil,Kassio Ferreira Mendes; Valdemar Luiz Tornisielo,P+E+T,P+E+T,automatic
W3171804700,Hormetic effects of low-dose gamma rays in soybean seeds and seedlings: A detection technique using optical sensors,Thiago de Araújo Mastrangelo; Valter Arthur,P+T,P+T,automatic
W3172492054,‘Floc and Sink’ Technique Removes Cyanobacteria and Microcystins from Tropical Reservoir Water,Ernani Pinto Junior,P+E+T,P+E+T,automatic
W3173517867,Unravelling homeostasis effects of phosphorus and zinc nutrition by leaf photochemistry and metabolic adjustment in cotton plants,José Lavres Junior,P+E+T,P+E+T,automatic
W3173682682,Indaziflam sorption–desorption and its three metabolites from biochars- and their raw feedstock-amended agricultural soils using radiometric technique,Kassio Ferreira Mendes; Valdemar Luiz Tornisielo,P+E+T,P+E+T,automatic
W3173741507,Yield and morphology of forage cactus cultivars under drip irrigation management based on soil water matric potential thresholds,Quirijn de Jong van Lier,P+E+T,P+E+T,automatic
W3173904627,Silicon Amendment Enhances Agronomic Efficiency of Nitrogen Fertilization in Maize and Wheat Crops under Tropical Conditions,José Lavres Junior,P+E+T,P+E+T,automatic
W3174344966,How green can Amazon hydropower be? Net carbon emission from the largest hydropower plant in Amazonia,Alex Vladimir Krusche,E,E,automatic
W3174379107,Comparison of sources with different solubilities for Mn supply and retranslocation along with soybean development,Hudson Wallace Pereira de Carvalho; José Lavres Junior,P+E+T,P+E+T,automatic
W3174456299,Trichostrongylus colubriformis afetando o metabolismo do fosforo em ovinos e alimentação de precisão como estratégia de mitigação,Helder Louvandini,P+E+T,P+E+T,automatic
W3174706226,Strategies for probing absorption and translocation of foliar-applied nutrients,Hudson Wallace Pereira de Carvalho,P+E+T,P+E+T,automatic
W3175627830,Polynomial functions to predict flux-based field capacity from soil hydraulic parameters,Quirijn de Jong van Lier,E+T,E+T,automatic
W3176184655,Trichostrongylus colubriformis infection negatively impacted phosphorus metabolism of lambs,Adibe Luiz Abdalla; Helder Louvandini,P+E+T,P+E+T,automatic
W3176365928,New Variants of Squash Mosaic Viruses Detected in Human Fecal Samples,Cassio Hamilton Abreu Junior,P+E,P+E,automatic
W3176781986,Physiological and hematological parameters of sheep reared in the tropics and subtropics,Helder Louvandini,P+E+T,P+E+T,automatic
W3176882386,Responses of Low-Cost Input Combinations on the Microbial Structure of the Maize Rhizosphere for Greenhouse Gas Mitigation and Plant Biomass Production,Tsai Siu Mui,P+E+T,P+E+T,automatic
W3177409010,A Reductionist Approach Using Primary and Metastatic Cell–Derived Extracellular Vesicles Reveals Hub Proteins Associated with Oral Cancer Prognosis,Diego Mauricio Riaño Pachón; Flavia Vischi Winck,P,P,automatic
W3178111599,Empty body chemical composition of Nellore steers estimated by indirect methods,Marcelo Zacharias Moreira,P+E+T,P+E+T,automatic
W3179650620,"Metabolic potential and survival strategies of microbial communities across extreme temperature gradients on Deception Island volcano, Antarctica",Lucas William Mendes,P+E+T,P+E+T,automatic
W3180216348,"Effects of Beach Nourishment Project on Coastal Geomorphology and Mangrove Dynamics in Southern Louisiana, USA",Luiz Carlos Ruiz Pessenda,E+T,E+T,automatic
W3180754173,Partitioning of Environmental and Taxonomic Controls on Brazilian Foliar Content of Carbon and Nitrogen and Stable Isotopes,Luiz Antonio Martinelli; Plínio Barbosa de Camargo; Eduardo Mariano,P+E+T,P+E+T,automatic
W3181813510,Nepheline Syenite and Phonolite as Alternative Potassium Sources for Maize,Cassio Hamilton Abreu Junior,P+E+T,P+E+T,automatic
W3182235756,"Application of ionizing radiation in the “licuri” (Syagrus coronata (Mart.)) as phytosanitary treatment of the Pachymerus nucleorum beetle (Fabricius, 1792)",Valter Arthur,P+E+T,P+E+T,automatic
W3182533399,Improvement of the Mass-Rearing Protocols for the South American Fruit Fly for Application of the Sterile Insect Technique,Thiago de Araújo Mastrangelo,P+T,P+T,automatic
W3182780757,Effects of the middle Holocene high sea‐level stand and climate on Amazonian mangroves,Luiz Carlos Ruiz Pessenda,E+T,E+T,automatic
W3184004829,Taxonomic and nitrogen-cycling microbial community functional profiles of sugarcane and adjacent forest soils in Southeast Brazil,Tsai Siu Mui,P+E+T,P+E+T,automatic
W3184089423,"Histosol pedogenesis in floodplain coastal environments in the state of Rio de Janeiro, Brazil",Luiz Carlos Ruiz Pessenda,E,E,automatic
W3184363078,Trends in Free‐access Genomic Data Accelerate Advances in Cyanobacteria Taxonomy,Marli de Fatima Fiore,P,P,automatic
W3184391543,Dynamics of bacterial and archaeal communities along the composting of tannery sludge,Lucas William Mendes,P+E+T,P+E+T,automatic
W3184756831,Forced degradation studies to identify organic impurities in pharmaceuticals: a Brazilian perspective,Ernani Pinto Junior,P+E+T,P+E+T,automatic
W3185072357,Impacts of sea-level changes on mangroves from southeastern Brazil during the Holocene and Anthropocene using a multi-proxy approach,Luiz Carlos Ruiz Pessenda,E+T,E+T,automatic
W3185533562,Cover crops shape the soil bacterial community in a tropical soil under no-till,Lucas William Mendes,P+E+T,P+E+T,automatic
W3185819172,Using 14C-glyphosate to investigate the distribution of two formulations in transgenic glyphosate-resistant soybean,Kassio Ferreira Mendes; Valdemar Luiz Tornisielo,P+E+T,P+E+T,automatic
W3186173459,Biological N Fixation and N Transfer in an Intercropping System between Legumes and Organic Cherry Tomatoes in Succession to Green Corn,Paulo César Ocheuze Trivelin,P+E+T,P+E+T,automatic
W3186959541,"Potassium supply modulates Eucalyptus leaf water-status under PEG-induced osmotic stress: integrating leaf gas exchange, carbon and nitrogen isotopic composition and plant growth",José Lavres Junior,P+E+T,P+E+T,automatic
W3188086628,Estimating lateral flow in double ring infiltrometer measurements,Quirijn de Jong van Lier,E+T,E+T,automatic
W3188152062,"土壌CO_2放出および土壌の物理的,化学的および微生物学的属性に及ぼす燃焼および非燃焼サトウキビ収穫システムの影響【JST・京大機械翻訳】",Tsai Siu Mui,P+E+T,P+E+T,automatic
W3189068942,Development and characterization of an in-house standard for stable carbon and oxygen isotopes analyses,Marília Campos,E+T,E+T,automatic
W3189350341,The use of indigenous bacterial community as inoculant for plant growth promotion in soybean cultivation,Lucas William Mendes,P+E+T,P+E+T,automatic
W3189492782,"Mass spectrometric determination of the peptide profile of genacol®, a hydrolysed collagen-based nutritional supplement",Ernani Pinto Junior,P+T,P+T,automatic
W3190107366,Holocene changes in the intertropical convergence zone over South America,Marília Campos,E+T,E+T,automatic
W3191683077,Low pH-induced cell wall disturbances in Arabidopsis thaliana roots lead to a pattern-specific programmed cell death in the different root zones and arrested elongation in late elongation zone,Victor Alexandre Vitorello,P,P,automatic
W3193126621,Phosphorus Quantification in Sugar Cane (Saccharum officinarum) Leaves In Vivo by Portable X-ray Fluorescence Spectroscopy,Hudson Wallace Pereira de Carvalho,P+E+T,P+E+T,automatic
W3193152488,"Palynotaxonomy of tribe Hippomaneae A. Juss. (Euphorbioideae, Euphorbiaceae)",Adriana Pinheiro Martinelli,P+E+T,P+E+T,automatic
W3195448713,Inherent and dynamic effects on the structural stability of Brazilian Oxisols,Thaís Nascimento Pessoa,P+E+T,P+E+T,automatic
W3197047141,LT‐Brazil: A database of leaf traits across biomes and vegetation types in Brazil,Luiz Antonio Martinelli; Maria Gabriella da Silva Araújo; Eduardo Mariano,P+E+T,P+E+T,automatic
W3197056328,Single-phase determination of calcium and magnesium in biodiesel using smartphone-based digital images,Samara Soares; Fabio Rodrigo Piovezani Rocha,T,T,automatic
W3197133748,Effects of extensive-to-intensive pasture conversion on soil nitrogen availability and CO2 and N2O fluxes in a Brazilian oxisol,Luiz Antonio Martinelli,E+T,E+T,automatic
W3197140608,Unfolding the Fate and Effects of Micronutrients Supplied to Soybean (Glycine max (L.) Merrill) and Maize (Zea mays L.) Through Seed Treatment,Hudson Wallace Pereira de Carvalho,P+E+T,P+E+T,automatic
W3197804234,A new flow cell design for chemiluminescence detection using an improved signal transduction network. Determination of hydrogen peroxide in pharmaceuticals,Boaventura Freire dos Reis,T,T,automatic
W3198042842,Establishment of the Hohenbergia capitata complex (Bromeliaceae) with notes on leaf anatomy and description of a new endangered species,Adriana Pinheiro Martinelli,P+E+T,P+E+T,automatic
W3198293299,"Kochia (Bassia scoparia) harvest date impacts nutrient composition, in vitro degradability, and feed value more than pre-harvest herbicide treatment or herbicide resistance traits",Adibe Luiz Abdalla,P+E+T,P+E+T,automatic
W3198295300,"Proline Exogenously Supplied or Endogenously Overproduced Induces Different Nutritional, Metabolic, and Antioxidative Responses in Transgenic Tobacco Exposed to Cadmium",José Lavres Junior,P+T,P+T,automatic
W3198300950,Microcystins can be extracted from Microcystis aeruginosa using amino acid-derived biosurfactants,Marli de Fatima Fiore,P+E+T,P+E+T,automatic
W3198756139,Nitrogen pollution promotes changes in the niche space of fish communities,Marcelo Zacharias Moreira,E+T,E+T,automatic
W3198769234,The Effect of Cutting and Waterlogging on Plant-Related CO2 and N2O Fluxes Associated with the Invasive N-Fixing Species Gunnera tinctoria,Mauricio Cruz Mantoani,P+E+T,P+E+T,automatic
W3198845262,Methods for Delivery of dsRNAs for Agricultural Pest Control: The Case of Lepidopteran Pests.,Antonio Vargas de Oliveira Figueira,P+T,P+T,automatic
W3199096505,Active methane processing microbes and the disproportionate role of NC10 phylum in methane mitigation in Amazonian floodplains,Maria Gabriella da Silva Araújo; Tsai Siu Mui,P+E,P+E,automatic
W3199238141,Revisiting the Feddes reduction function for modeling root water uptake and crop transpiration,Quirijn de Jong van Lier,P+E+T,P+E+T,automatic
W3199560866,Trophic ecology of two amphibian species in patches and core forest of Atlantic Forest: A dietary and isotopic approach,Plínio Barbosa de Camargo,E,E,automatic
W3199899810,Isotopic niches of tropical birds reduced by anthropogenic impacts: a 100‐year perspective,Marcelo Zacharias Moreira,E,E,automatic
W3200124965,Novel approach for screening milk based on fast and environmentally friendly determination of protein and fat,Fabio Rodrigo Piovezani Rocha,T,T,automatic
W3201361304,Accessing biochar's porosity using a new low field NMR approach and its impacts on the retention of highly mobile herbicides,Valdemar Luiz Tornisielo,P+E+T,P+E+T,automatic
W3201793218,Fine roots stimulate nutrient release during early stages of leaf litter decomposition in a Central Amazon rainforest,Plínio Barbosa de Camargo,P+E+T,P+E+T,automatic
W3202112496,Conversion of soil water retention and conductivity parameters from van Genuchten–Mualem to Groenevelt and Grant model,Quirijn de Jong van Lier,E+T,E+T,automatic
W3203328320,Sugarcane as a forage plant: Structural and chemical traits that affect fiber quality,Hudson Wallace Pereira de Carvalho,P+E+T,P+E+T,automatic
W3203385365,Fluorescência de clorofila como um novo marcador para avaliação da qualidade da semente de amendoim,Valter Arthur,P+T,P+T,automatic
W3203420942,In Situ Analysis of Nickel Uptake from Foliar Application in Pecan Using Instrumental µXRF Analysis,José Lavres Junior,P+T,P+T,automatic
W3203526920,Multiple effects of mutualistic ants improve the performance of a neotropical ant-plant: A long-term study with the Cecropia-Azteca system,Marcelo Zacharias Moreira,P+E+T,P+E+T,automatic
W3203553936,Does algae β-glucan affect the fecal bacteriome in dairy calves?,Lucas William Mendes,P+E+T,P+E+T,automatic
W3203660158,"Effects of the 2017–2018 winter freeze on the northern limit of the American mangroves, Mississippi River delta plain",Luiz Carlos Ruiz Pessenda,P+E+T,P+E+T,automatic
W3203979740,"Diversity, structure, and composition of plant growth-promoting bacteria in soil from Brazilian Cerrado",Lucas William Mendes,P+E+T,P+E+T,automatic
W3204795307,"Climate, sea-level, and anthropogenic influences on coastal vegetation of the southern Bahia, Northeastern Brazil, during the mid-late Holocene",Luiz Carlos Ruiz Pessenda,E+T,E+T,automatic
W3205429840,10Boron Is Mobile in Cowpea Plants,Cassio Hamilton Abreu Junior,P+E+T,P+E+T,automatic
W3205809346,A Poultry Litter-Derived Organomineral Phosphate Fertilizer Has Higher Agronomic Effectiveness Than Conventional Phosphate Fertilizer Applied to Field-Grown Maize and Soybean,José Lavres Junior,P+E+T,P+E+T,automatic
W3205810241,Comparative floral anatomy of Alcantarea and Vriesea,Adriana Pinheiro Martinelli,P+E,P+E,automatic
W3206308228,Leaf 13C and 15N composition shedding light on easing drought stress through partial K substitution by Na in eucalyptus species,Francisco Scaglia Linhares; José Lavres Junior,P+E+T,P+E+T,automatic
W3206445103,Topsoil and subsoil C and N turnover are affected by superficial lime and gypsum application in the short-term,Eduardo Mariano,P+E+T,P+E+T,automatic
W3206891467,Aplicação de isótopos estáveis de carbono no estudo das mudanças climáticas e ambientais,Marília Campos; Luiz Carlos Ruiz Pessenda,E+T,E+T,automatic
W3206915984,Potential of thaxtomin A for the control of the Asian soybean rust,Deoclecio Jardim Amorim,P+T,P+T,automatic
W3206959442,Trace elements distribution in tropical tree rings through high-resolution imaging using LA-ICP-MS analysis,Giuliano Maselli Locosselli,E+T,E+T,automatic
W3207023017,Conversion of Brazilian savannah to agricultural land affects quantity and quality of labile soil organic matter,Rafael Silva Santos,P+E+T,P+E+T,automatic
W3207607026,"Carbon stocks in umbric ferralsols driven by plant productivity and geomorphic processes, not by mineral protection",Plínio Barbosa de Camargo,E,E,automatic
W3207729754,Nutritional status of Eucalyptus plantation and chemical attributes of a Ferralsol amended with lime and copper plus zinc,José Lavres Junior,P+E+T,P+E+T,automatic
W3208092636,The effect of Haemonchus contortus and Trichostrongylus colubriforms infection on the ruminal microbiome of lambs,Adibe Luiz Abdalla; Helder Louvandini; Lucas William Mendes; Tsai Siu Mui,P,P,automatic
W3208145878,A novel approach to partitioning evapotranspiration into evaporation and transpiration in flooded ecosystems,Mauricio Cruz Mantoani,E,E,automatic
W3208395480,Ovarian activation delays in peripubertal ewe lambs infected with Haemonchus contortus can be avoided by supplementing protein in their diets,Helder Louvandini; Tsai Siu Mui,P,P,automatic
W3209053450,Innovative prediction of milk fraud associated to digital imaging photometry,Fabio Rodrigo Piovezani Rocha,P+T,P+T,automatic
W3210688157,"Taxonomy of Hohenbergia lanata Pereira & Moutinho, new collections with an amendment to its description",Adriana Pinheiro Martinelli,P+E+T,P+E+T,automatic
W3210856341,"The Hologenome of Haliclona fulva (Porifera, Demospongiae) Reveals an Abundant and Diverse Viral Community",Diego Mauricio Riaño Pachón,P+E,P+E,automatic
W3211315233,Aerobic Methanotrophy and Co-occurrence Networks of a Tropical Rainforest and Oil Palm Plantations in Malaysia,Lucas William Mendes,P+E+T,P+E+T,automatic
W3211962881,"The fundamental of the effects of water, organic matter, and iron forms on the pXRF information in soil analyses",Hudson Wallace Pereira de Carvalho,P+E+T,P+E+T,automatic
W3212703929,Effect of vertebrate exclusion on leaf litter decomposition in the coastal Atlantic forest of southeast Brazil,Luiz Antonio Martinelli,E+T,E+T,automatic
W3212743069,The experience of teaching introductory programming skills to bioscientists in Brazil,Diego Mauricio Riaño Pachón; Flavia Vischi Winck,P,P,automatic
W3212787928,Effect of Counterions on the Foliar Absorption and Transport of Potassium in Soybeans [Glycine max (L.) Merrill],Hudson Wallace Pereira de Carvalho,P+E+T,P+E+T,automatic
W3212791760,Taxonomic and functional diversity in the fecal microbiome of beef cattle reared in Brazilian traditional and semi-intensive production systems,Adibe Luiz Abdalla; Helder Louvandini; Lucas William Mendes; Elisabete Aparecida De Nadai Fernandes,P+E+T,P+E+T,automatic
W3213012176,Passiflora organensis FT/TFL1 gene family and their putative roles in phase transition and floral initiation,Adriana Pinheiro Martinelli,P,P,automatic
W3213051154,Stemflow generation as influenced by sugarcane canopy development,Luiz Antonio Martinelli; Plínio Barbosa de Camargo,P+E+T,P+E+T,automatic
W3213149749,A simple membrane-based approach for assessing the diffusion kinetics of mineral foliar fertilizers,Hudson Wallace Pereira de Carvalho,P+E+T,P+E+T,automatic
W3213550512,"Aplicações de glyphosate: Desempenho de soja transgênica, comunidade bacteriana e teor de nitrogênio foliar / Glyphosate applications: Performance of transgenic soy, bacterial community and foliar nitrogen content",Kassio Ferreira Mendes,P+E+T,P+E+T,automatic
W3213836447,Wood production and nutritional and antioxidant status of field-grown Eucalyptus under a differential supply of lime and copper plus zinc,José Lavres Junior,P+E+T,P+E+T,automatic
W3214976600,Non-Target-Site Resistance Mechanisms Endow Multiple Herbicide Resistance to Five Mechanisms of Action in Conyza bonariensis,Kassio Ferreira Mendes,P+E+T,P+E+T,automatic
W3215535859,Yield and nutrient concentrations of organic cherry tomatoes and legumes grown in intercropping systems in rotation with maize,Paulo César Ocheuze Trivelin,P+E+T,P+E+T,automatic
W3216780021,"Combined Use of Vinasse and Nitrogen as Fertilizers Affects Nitrification, Ammonification, and Denitrification by Prokaryotes",Tsai Siu Mui,P+E+T,P+E+T,automatic
W3216842340,Cowpea nodules host a similar bacterial community regardless of soil properties,Lucas William Mendes,P+E+T,P+E+T,automatic
W3217322267,2D and 3D techniques to assess the structure and porosity of Oxisols and their correlations with other soil properties,Thaís Nascimento Pessoa,P+E+T,P+E+T,automatic
W3217517060,Use of internal markers to estimate feed intake and selection of forage in sheep fed grass and legume hay,Adibe Luiz Abdalla; Helder Louvandini,P+E+T,P+E+T,automatic
W4200005878,Unraveling the accumulation and localization of selenium and barium in Brazil nuts using spectroanalytical techniques,Hudson Wallace Pereira de Carvalho,P+T,P+T,automatic
W4200023064,Comparing soil-to-plant cadmium (Cd) transfer and potential human intake among rice cultivars with different Cd tolerance levels grown in a tropical contaminated soil,Adriana Pinheiro Martinelli; Cassio Hamilton Abreu Junior; José Lavres Junior,P+E+T,P+E+T,automatic
W4200075303,Forest-to-pasture conversion modifies the soil bacterial community in Brazilian dry forest Caatinga,Lucas William Mendes,P+E,P+E,automatic
W4200078767,"Exploring wood anatomy, density and chemistry profiles to understand the tree-ring formation in Amazonian tree species",Hudson Wallace Pereira de Carvalho,P+E+T,P+E+T,automatic
W4200080587,Fate of nickel in soybean seeds dressed with different forms of nickel,Hudson Wallace Pereira de Carvalho; José Lavres Junior,P+E+T,P+E+T,automatic
W4200082316,Taxonomy and Functional Diversity in the Fecal Microbiome of Beef Cattle Reared in Brazilian Traditional and Semi-Intensive Production Systems,Adibe Luiz Abdalla; Helder Louvandini; Lucas William Mendes; Elisabete Aparecida De Nadai Fernandes,P+E+T,P+E+T,automatic
W4200123099,Land degradation affects the microbial communities in the Brazilian Caatinga biome,Lucas William Mendes,P+E,P+E,automatic
W4200155810,Dietary expansion facilitates the persistence of a large frugivore in fragmented tropical forests,Marcelo Zacharias Moreira,P+E+T,P+E+T,automatic
W4200168450,Soil processes and properties related to the genesis and evolution of a Pleistocene savanna palm swamp (vereda) in central Brazil,Plínio Barbosa de Camargo,E,E,automatic
W4200350416,"Nitrification inhibitor 3,4-Dimethylpyrazole phosphate improves nitrogen recovery and accumulation in cotton plants by reducing NO3− leaching under 15N-urea fertilization",José Lavres Junior,P+E+T,P+E+T,automatic
W4200404470,Glyphosate hormesis attenuates water deficit stress in safflower (Carthamus tinctorius L.) by modulating physiological and biochemical mediators,Deoclecio Jardim Amorim,P+E+T,P+E+T,automatic
W4200496122,Changes in soil organic matter fractions induced by cropland and pasture expansion in Brazil's new agricultural frontier,Rafael Silva Santos,E+T,E+T,automatic
W4200580491,Study of the inclusion of yeasts in the ruminal fermentation of Tifton hay,Adibe Luiz Abdalla,P+T,P+T,automatic
W4205250161,"Investigation of acute toxicity, accumulation, and depuration of ZnO nanoparticles in Daphnia magna",Hudson Wallace Pereira de Carvalho,P+E+T,P+E+T,automatic
W4205349451,Effects of N Application Rate and Dicyandiamide on the Fate of 15N Fertilizer and the Abundance of Microbial Genes in a Sandy Soil Amended with Sugarcane Litter,Paulo César Ocheuze Trivelin; Tsai Siu Mui; Eduardo Mariano,P+E+T,P+E+T,automatic
W4205376779,Ecosystem functions in different physiognomies of Cerrado through the Rapid Ecosystem Function Assessment (REFA),Lucas William Mendes,E,E,automatic
W4205380643,SIA‐BRA: A database of animal stable carbon and nitrogen isotope ratios of Brazil,Luiz Antonio Martinelli; Marcelo Zacharias Moreira; Maria Gabriella da Silva Araújo; Plínio Barbosa de Camargo; Eduardo Mariano,P+E+T,P+E+T,automatic
W4205402668,Genetic diversity of cambuci [Campomanesia phaea (O. Berg) Landrum] revealed by microsatellite markers,Antonio Vargas de Oliveira Figueira,P+E+T,P+E+T,automatic
W4205736108,Transferência de tecnologias aos produtores rurais: eventos científicos e tecnológicos em tempos de pandemia,Luiz Antonio Martinelli,P+E+T,P+E+T,automatic
W4205953157,Disseminação do conhecimento e da inovação através de diferentes formas de transferência de tecnologias aos produtores rurais,Luiz Antonio Martinelli,P+E+T,P+E+T,automatic
W4206117140,Do aquatic insects disperse metals from contaminated streams to land?,Luiz Antonio Martinelli,P+E+T,P+E+T,automatic
W4206159952,Discriminating Beef Producing Countries by Multi-Element Analysis and Machine Learning,Elisabete Aparecida De Nadai Fernandes,P+E+T,P+E+T,automatic
W4206224684,"Pollen morphology, ultrasculpture and ultrastructure of Poiretia Vent. (Leguminosae – Papilionoideae – Dalbergieae – Adesmia informal clade)",Adriana Pinheiro Martinelli,P+E+T,P+E+T,automatic
W4206468456,Physical-hydric properties of Oxisols as influenced by soil structure and clay mineralogy,Thaís Nascimento Pessoa,E+T,E+T,automatic
W4206478551,Primary modes of tree mortality in southwestern Amazon forests,Plínio Barbosa de Camargo,E,E,automatic
W4206904892,Role of nodes in accumulation and distribution of cadmium and its relationship with nutrient distribution and photosynthesis in the growth and regrowth of Brachiaria decumbens,Hudson Wallace Pereira de Carvalho; José Lavres Junior,P+E+T,P+E+T,automatic
W4206919583,"Endophytic Bacteria and Fungi from Indonesian Medicinal Plants with Antibacterial, Pathogenic Antifungal and Extracellular Enzymes Activities: A Review",Lucas William Mendes,P+T,P+T,automatic
W4210299063,Productivity Performance of Sheep in Silvopastoral Systems With Cashew Tree Compared to Grass Monoculture,Adibe Luiz Abdalla; Marcelo Zacharias Moreira,P+E+T,P+E+T,automatic
W4210306497,Control of Urochloa brizantha cv. Marandu by Glyphosate and its Interaction with light availability,Kassio Ferreira Mendes,P+E+T,P+E+T,automatic
W4210309548,Off-Flavors in Aquacultured Fish: Origins and Implications for Consumers,Ernani Pinto Junior,P+E+T,P+E+T,automatic
W4210470836,Enhancing agronomic efficiency and maize grain yield with Azospirillum brasilense inoculation under Brazilian savannah conditions,José Lavres Junior,P+E+T,P+E+T,automatic
W4210541872,"Expanding the occurrence of Euryhalinema (Leptolyngbyaceae, Cyanobacteria) to the Atlantic Ocean and description of E. epiphyticum sp. nov. on the Brazilian coast",Marli de Fatima Fiore,P+E+T,P+E+T,automatic
W4210600078,"First evidence of an extant freshwater sponge fauna in Jackson Lake, Grand Teton National Park, Wyoming (USA)",Luiz Carlos Ruiz Pessenda,P+E+T,P+E+T,automatic
W4210758479,Changes in obliquity drive tree cover shifts in eastern tropical South America,Marília Campos,E,E,automatic
W4210851151,José Luís Fontes da Costa Lima – An example to be followed,Elias Ayres Guidetti Zagatto,E+T,E+T,automatic
W4211119526,Long-term land use in Amazon influence the dynamic of microbial communities in soil and rhizosphere,Lucas William Mendes; Plínio Barbosa de Camargo; Tsai Siu Mui,P+E,P+E,automatic
W4212796625,"Infection by Moniliophthora perniciosa reprograms tomato Micro-Tom physiology, establishes a sink, and increases secondary cell wall synthesis",Antonio Vargas de Oliveira Figueira; Diego Mauricio Riaño Pachón,P,P,automatic
W4212798685,Feasibility of early fertilization of maize with 15 N application to preceding cover crop,Paulo César Ocheuze Trivelin,P+E+T,P+E+T,automatic
W4212834683,Boron deficiency affects ATP hydrolysis of plasma membrane and nutrients uptake in coffee: Consequences for plant growth,José Lavres Junior,P+E+T,P+E+T,automatic
W4212874516,"Treating tropical grass with fibrolytic enzymes from the fungus Trichoderma reesei: Effects on animal performance, digestibility and enteric methane emissions of growing lambs",Adibe Luiz Abdalla; Helder Louvandini,P+E+T,P+E+T,automatic
W4212895655,Parameterizing field capacity as the upper limit of available water in bucket-type hydrological models,Quirijn de Jong van Lier,E+T,E+T,automatic
W4212939128,Diet Composition of Bats in a Human-Modified Tropical Landscape,Plínio Barbosa de Camargo,E,E,automatic
W4213107462,"Foliar spraying of Mn with addition of Si increases phenolic compound, photosynthetic efficiency, productivity and the protein content of the soybean crop",Cassio Hamilton Abreu Junior,P+T,P+T,automatic
W4213161785,Soil metal concentrations after five years of pasture-tosugarcane conversion,Luiz Antonio Martinelli,P+E+T,P+E+T,automatic
W4213363004,Improving Sustainable Field-Grown Wheat Production With Azospirillum brasilense Under Tropical Conditions: A Potential Tool for Improving Nitrogen Management,José Lavres Junior,P+E+T,P+E+T,automatic
W4214489789,Chemical Derivatization in Flow Analysis,Fabio Rodrigo Piovezani Rocha; Elias Ayres Guidetti Zagatto,T,T,automatic
W4214519098,Use of agro-industrial by-products containing tannins for the integrated control of gastrointestinal nematodes in ruminants,Helder Louvandini,P+E+T,P+E+T,automatic
W4214707463,Microwave-Assisted Extraction of Fatty Acids from Cultured and Commercial Phytoplankton Species,Ernani Pinto Junior,P+E+T,P+E+T,automatic
W4214826239,Path and logistic analysis for heat tolerance in adapted breeds of cattle in Brazil,Helder Louvandini,P+E+T,P+E+T,automatic
W4214828041,Land use and roles of soil bacterial community in the dissipation of atrazine,Valdemar Luiz Tornisielo,P+E+T,P+E+T,automatic
W4214828896,Genetically related genotypes of cowpea present similar bacterial community in the rhizosphere,Lucas William Mendes,P+E,P+E,automatic
W4214839486,Effect of hydrophysical properties on pipe formation in tropical soils,Thaís Nascimento Pessoa,E,E,automatic
W4220660741,"Bioaerosol vertical fungal spores profile in Minas Gerais State, Brazil",Mauricio Cruz Mantoani,P+E+T,P+E+T,automatic
W4220701414,Stability of sodium mass fraction in agricultural certified reference materials,Elisabete Aparecida De Nadai Fernandes,T,T,automatic
W4220787711,Sensitivity of infiltration modelling to temporal resolution of rainfall data,Quirijn de Jong van Lier,E+T,E+T,automatic
W4220793778,Cellulose Microbeads: Toward the Controlled Release of Nutrients to Plants,Quirijn de Jong van Lier; Hudson Wallace Pereira de Carvalho,P+E+T,P+E+T,automatic
W4220794703,Effects of urbanization on the nutritional ecology of a highly active coastal shark: Preliminary insights from trophic markers and body condition,Luiz Antonio Martinelli,P+E+T,P+E+T,automatic
W4220814164,Effects of different cultivation conditions on the production of β-cyclocitral and β-ionone in Microcystis aeruginosa,Marli de Fatima Fiore; Ernani Pinto Junior,P+E+T,P+E+T,automatic
W4220897539,What a few hairs can tell us about the resource use of giant armadillos,Marcelo Zacharias Moreira,P+E+T,P+E+T,automatic
W4220903157,Duckweeds as Promising Food Feedstocks Globally,Plínio Barbosa de Camargo,P+E+T,P+E+T,automatic
W4221028700,Addition of raw feedstocks and biochars to the soil on the sorption–desorption and biodegradation of 14C-saflufenacil,Kassio Ferreira Mendes; Valdemar Luiz Tornisielo,P+E+T,P+E+T,automatic
W4221035539,Increased soil moisture intensifies the impacts of forest-to-pasture conversion on methane emissions and methane-cycling communities in the Eastern Amazon,Tsai Siu Mui,E,E,automatic
W4221051103,Determining the Presence of 5-Fluorouracil in Hamster Saliva by HPLC,Ernani Pinto Junior,P+T,P+T,automatic
W4221066087,Combining spectral ranges for soil discrimination: A case study in the State of Maranhão - Brazil,Maria Gabriella da Silva Araújo; Maria Victoria Ramos Ballester,E+T,E+T,automatic
W4221077097,Tropical tree growth driven by dry-season climate variability,Giuliano Maselli Locosselli,E,E,automatic
W4221104298,"3,4-Dimethylpyrazole Phosphate (DMPP) Reduces Nitrogen Leaching in Three Tropical Soils and Improves the Agronomic Efficiency of Nitrogen Fertilizers Applied to Cotton",José Lavres Junior,P+E+T,P+E+T,automatic
W4221129533,Composition and Flux of Dissolved and Particulate Carbon and Nitrogen in the Lower Tocantins River,Alex Vladimir Krusche; Maria Gabriella da Silva Araújo,E+T,E+T,automatic
W4223458491,"Can soil type interfere in sorption-desorption, mobility, leaching, degradation, and microbial activity of the 14C-tebuthiuron herbicide?",Kassio Ferreira Mendes; Valdemar Luiz Tornisielo,P+E+T,P+E+T,automatic
W4223654462,Exploring the forestry potential of two legume species with contrasting ecological strategies in a seasonally dry tropical region,Paulo César Ocheuze Trivelin,P+E+T,P+E+T,automatic
W4223971762,"Composted Sewage Sludge Application in a Sugarcane Seedling Nursery: Crop Nutritional Status, Productivity, and Technological Quality Implications",Cassio Hamilton Abreu Junior,P+E+T,P+E+T,automatic
W4223971772,"Multi-proxy analysis of a Holocene records from a high-altitude tropical peatland in the Serra do Espinhaço Meridional, Brazil",Plínio Barbosa de Camargo,E+T,E+T,automatic
W4223994775,"The role of environmental legislation and land use patterns on riparian deforestation dynamics in an Amazonian agricultural frontier (MT, Brazil)",Maria Victoria Ramos Ballester,E,E,automatic
W4224027780,Morphological and anatomical traits during development: Highlighting extrafloral nectaries in Passiflora organensis,Adriana Pinheiro Martinelli,P+T,P+T,automatic
W4224140274,Functional N-cycle genes in soil and N2O emissions in tropical grass-maize intercropping systems,Tsai Siu Mui; Eduardo Mariano,P+E+T,P+E+T,automatic
W4224301550,Composted Sewage Sludge Application Reduces Mineral Fertilization Requirements and Improves Soil Fertility in Sugarcane Seedling Nurseries,Cassio Hamilton Abreu Junior,P+E+T,P+E+T,automatic
W4225008310,Optimization of sample preparation of Brazilian honeys for TQ-ICP-MS analysis,Elisabete Aparecida De Nadai Fernandes,P+T,P+T,automatic
W4225015054,Response of Oreochromis niloticus (Teleostei: Cichlidae) exposed to a guanitoxin-producing cyanobacterial strain using multiple biomarkers,Ernani Pinto Junior,P+E+T,P+E+T,automatic
W4225108541,Metagenomes from Eastern Brazilian Amazonian floodplains in the wet and dry seasons,Tsai Siu Mui,P+E+T,P+E+T,automatic
W4225279881,Post-Invasion Recovery of Plant Communities Colonised by Gunnera tinctoria after Mechanical Removal or Herbicide Application and Its Interaction with an Extreme Weather Event,Mauricio Cruz Mantoani,P+E+T,P+E+T,automatic
W4225324924,Increased branching independent of strigolactone in cytokinin oxidase 2-overexpressing tomato is mediated by reduced auxin transport,Antonio Vargas de Oliveira Figueira,P,P,automatic
W4225425634,Phytochemical modulation of P-Glycoprotein and its gene expression in an ivermectin-resistant Haemonchus contortus isolate in vitro,Helder Louvandini,P+T,P+T,automatic
W4225752376,The methane-driven interaction network in terrestrial methane hotspots,Lucas William Mendes,P+E+T,P+E+T,automatic
W4226050511,High-quality genome assembly of Pseudocercospora ulei the main threat to natural rubber trees,Diego Mauricio Riaño Pachón,P,P,automatic
W4226080983,"Hydroclimate and vegetation changes in southeastern Amazonia over the past ∼25,000 years",Luiz Carlos Ruiz Pessenda,E,E,automatic
W4226135234,Machine learning to support geographical origin traceability of Coffea Arabica,Elisabete Aparecida De Nadai Fernandes,P+E+T,P+E+T,automatic
W4226331659,Enzymatic Stoichiometry in Soils from Physiognomies of Brazilian Cerrado,Lucas William Mendes,P+E+T,P+E+T,automatic
W4226424203,Off-flavor detection in tilapia reared in cages in tropical lakes,Ernani Pinto Junior,P+E+T,P+E+T,automatic
W4229033124,Methods to quantify the nitrogen derived from the fertilizer in maize applying blends of controlled-release and NBPT-treated urea,Paulo César Ocheuze Trivelin,P+E+T,P+E+T,automatic
W4229078371,Bioinformatic analyses to uncover genes involved in trehalose metabolism in the polyploid sugarcane,Diego Mauricio Riaño Pachón,P,P,automatic
W4229335830,Domestication of Lima Bean (Phaseolus lunatus) Changes the Microbial Communities in the Rhizosphere,Lucas William Mendes,P+E+T,P+E+T,automatic
W4240703832,Effect of glyphosate and glufosinate on nutritional content and agronomic performance of maize possessing cp4epsps and pat transgenes,Hudson Wallace Pereira de Carvalho,P+E+T,P+E+T,automatic
W4243768531,Natural coloring red beetroot under effects of gamma radiation,Valter Arthur,P+T,P+T,automatic
W4244708759,Effects of gamma radiation in okra’s conservation,Valter Arthur,P+E+T,P+E+T,automatic
W4248879310,The effects of microwave application on the physicochemical properties of bacaba (Oenocarpus bacaba Mart.) oil,Valter Arthur,P+E+T,P+E+T,automatic
W4280495354,Disentangling the lifestyle of bacterial communities in tropical soda lakes,Marli de Fatima Fiore,P+E+T,P+E+T,automatic
W4280498059,"Late-Holocene sea levels from vermetids and barnacles at Ponta do Papagaio, 27° 50′S latitude and a comparison with other sectors of southern Brazil",Luiz Carlos Ruiz Pessenda,E+T,E+T,automatic
W4280501693,Reannotation of Fly Amanita l -DOPA Dioxygenase Gene Enables Its Cloning and Heterologous Expression,Ernani Pinto Junior,P,P,automatic
W4280559721,"Impacts of dicamba and 2,4-D drift on ‘Ponkan’ mandarin seedlings, soil microbiota and Amaranthus retroflexus",Kassio Ferreira Mendes,P+E+T,P+E+T,automatic
W4280562314,Biosynthesis of Guanitoxin Enables Global Environmental Detection in Freshwater Cyanobacteria,Marli de Fatima Fiore; Ernani Pinto Junior,P+E+T,P+E+T,automatic
W4280580994,A data-model perspective on the Brazilian margin surface warming from the Last Glacial Maximum to the Holocene,Marília Campos,E+T,E+T,automatic
W4280591385,Flow-based determination of lead exploiting in-syringe dispersive liquid-liquid micro-extraction in xylene and integrated spectrophotometric detection,Elias Ayres Guidetti Zagatto; Boaventura Freire dos Reis,T,T,automatic
W4280599778,"Late Holocene mangrove dynamics of the Doce River delta, southeastern Brazil: Implications for the understanding of mangrove resilience to sea-level changes and channel dynamics",Luiz Carlos Ruiz Pessenda,E+T,E+T,automatic
W4280601375,Evaluation of grass and legume tropical mixtures and performance of grazed sheep,Adibe Luiz Abdalla,P+E+T,P+E+T,automatic
W4280644832,Protocol for assessing soybean antibiosis toChloridea virescens,Helder Louvandini,P+E+T,P+E+T,automatic
W4281255639,Water table depth modulates productivity and biomass across Amazonian forests,Plínio Barbosa de Camargo,E,E,automatic
W4281612132,Quantification of methane emitted by ruminants: a review of methods,Adibe Luiz Abdalla,P+E+T,P+E+T,automatic
W4281660625,Leaf transcriptome profiling of contrasting sugarcane genotypes for drought tolerance under field conditions,Antonio Vargas de Oliveira Figueira,P,P,automatic
W4281676319,Fertilization management with sewage sludge sustains Eucalyptus productivity in Cerrado infertile soil,Cassio Hamilton Abreu Junior,P+E+T,P+E+T,automatic
W4281684722,"Maintaining grass coverage increases methane uptake in Amazonian pastures, with a reduction of methanogenic archaea in the rhizosphere",Lucas William Mendes; Tsai Siu Mui,P+E+T,P+E+T,automatic
W4281746910,Environmental DNA Sequencing to Monitor Restoration Practices on Soil Bacterial and Archaeal Communities in Soils Under Desertification in the Brazilian Semiarid,Lucas William Mendes,P+E+T,P+E+T,automatic
W4281748503,Auxin-driven ecophysiological diversification of leaves in domesticated tomato,Antonio Vargas de Oliveira Figueira,P,P,automatic
W4281750083,"Changes in Tillering, Nutritional Status and Biomass Yield of Panicum maximum Used for Cadmium Phytoextraction",José Lavres Junior,P+E+T,P+E+T,automatic
W4281775531,"Presence of enrofloxacin residues in soil and its effect on carbon fixation, number of nodules, and root length of alfalfa (Medicago sativa)",Valdemar Luiz Tornisielo,P+E+T,P+E+T,automatic
W4281835314,"Mid- to Late Holocene sealevel changes at Abrolhos Archipelago and Bank, southwestern Atlantic, Brazil",Luiz Carlos Ruiz Pessenda,E+T,E+T,automatic
W4281917439,Mangrove expansion at poleward range limits in North and South America: Late-Holocene climate variability or anthropocene global warming?,Luiz Carlos Ruiz Pessenda,E+T,E+T,automatic
W4282592767,"Poleward mangrove expansion in South America coincides with MCA and CWP: A diatom, pollen, and organic geochemistry study",Luiz Carlos Ruiz Pessenda,P+E+T,P+E+T,automatic
W4282938022,Can streambank height indicate soil moisture regime of riparian zones? A case study in deep soils of a first-order watershed in Southeast Brazil,Luiz Antonio Martinelli; Plínio Barbosa de Camargo,E,E,automatic
W4283075713,Influences of the alcoholic extract of Artemisia annua on gastrointestinal microbiota and performance of Nile tilapia,Lucas William Mendes,P+E+T,P+E+T,automatic
W4283216027,Recording surface runoff in the field: a simple detector made of polypropylene,Luiz Antonio Martinelli; Plínio Barbosa de Camargo,E+T,E+T,automatic
W4283387337,South American precipitation dipole forced by interhemispheric temperature gradient,Marília Campos,E+T,E+T,automatic
W4283573842,Draft Genome Sequences of Five Putatively Novel Saccharibacteria Species Assembled from the Human Oral Metagenome,Tsai Siu Mui,P,P,automatic
W4283588246,Linking land-use and land-cover transitions to their ecological impact in the Amazon,Plínio Barbosa de Camargo,E,E,automatic
W4283654257,Innovative prediction of milk microbiological quality from pH measurements by digital imaging photometry,Fabio Rodrigo Piovezani Rocha,P+T,P+T,automatic
W4283705075,Wort disinfection treatment with electron beam for bioethanol production,Valter Arthur,P+T,P+T,automatic
W4283729332,The role of 5-hydroxymethylfurfural in food and recent advances in analytical methods,Fabio Rodrigo Piovezani Rocha,P+T,P+T,automatic
W4283791743,Average height of surrounding buildings and district age are the main predictors of tree failure on the streets of São Paulo/Brazil,Giuliano Maselli Locosselli,E+T,E+T,automatic
W4283812981,Vinasse and straw retention decrease fungal diversity and pathogenicity in sugarcane soil / Aplicação de vinhaça e retenção de palha diminuem a diversidade e patogenicidade de fungos em solo canavieiro,Tsai Siu Mui,P+E+T,P+E+T,automatic
W4283815539,Cyanotoxins and water quality parameters as risk assessment indicators for aquatic life in reservoirs,Ernani Pinto Junior,P+E+T,P+E+T,automatic
W4283818446,Characterization of the Nuclear Proteome of Chlamydomonas in Response to Salt Stress,Flavia Vischi Winck,P+T,P+T,automatic
W4284962589,Methane concentrations and fluxes in agricultural and preserved tropical headwater streams,Luiz Antonio Martinelli,E,E,automatic
W4284973427,"Efeitos da radiação gama e temperaturas de armazenamento nas características físico-químicas de cenoura minimamente processadas, pré-cozidas e embaladas à vácuo",Valter Arthur,P+E+T,P+E+T,automatic
W4285029073,Temporal and spatial patterns in the detection of veterinary drug residues in poultry and swine in Brazil,Helder Louvandini,P+E+T,P+E+T,automatic
W4285049588,Padrões temporais e espaciais na detecção de resíduos de medicamentos veterinários em aves e suínos no Brasil,Helder Louvandini,P+E+T,P+E+T,automatic
W4285163647,Histological evaluation of Rhipicephalus (Boophilus) microplus tick ovaries subjected to cobalt-60 ionizing radiation,Valter Arthur,P+T,P+T,automatic
W4285168366,Genetic and geographical integration for ruminant production under climate change with particular emphasis on Brazil,Helder Louvandini,P+E+T,P+E+T,automatic
W4285227375,Research Article Population structure and genetic relatedness in Brazilian Bermudagrass from sugarcane plantations,Valdemar Luiz Tornisielo,P+E+T,P+E+T,automatic
W4285291336,Perspectives and challenges on isotopic ecology of terrestrial birds in Brazil,Marcelo Zacharias Moreira,E+T,E+T,automatic
W4285322757,Sugarcane yield loss due to water and nitrogen deficiencies evaluated by carbon isotopic discrimination method,Paulo César Ocheuze Trivelin,P+E+T,P+E+T,automatic
W4285494671,Marcação de insetos para estudos biológicos,Valter Arthur,P+E+T,P+E+T,automatic
W4285590839,Paleoenvironmental dynamics in central‐eastern Brazil during the last 23 000 years: tropical peatland record in the Cerrado biome,Plínio Barbosa de Camargo,E,E,automatic
W4285597254,Co-Inoculation with Azospirillum brasilense and Bradyrhizobium sp. Enhances Nitrogen Uptake and Yield in Field-Grown Cowpea and Did Not Change N-Fertilizer Recovery,José Lavres Junior,P+E+T,P+E+T,automatic
W4285736795,"Floral characteristics, pollen morphology, and viability of sugarcane hybrids (Saccharum × officinarum) and the neotropical wild relative, S. villosum",Adriana Pinheiro Martinelli,P+T,P+T,automatic
W4285796311,Biogeographic responses and niche occupancy of microbial communities following long-term land-use change,Lucas William Mendes; Tsai Siu Mui,P+E,P+E,automatic
W4285802267,"Gunnera tinctoria invasions increase, not decrease, earthworm abundance and diversity",Mauricio Cruz Mantoani,P+E+T,P+E+T,automatic
W4286216990,Metagenomes from Eastern Brazilian Amazonian Floodplains in the Wet and Dry Seasons,Tsai Siu Mui,P+E,P+E,automatic
W4286567541,Prediction of enteric methane production and yield in sheep using a Latin America and Caribbean database,Adibe Luiz Abdalla,P+E+T,P+E+T,automatic
W4286876121,The experience of teaching introductory programming skills to bioscientists in Brazil,Diego Mauricio Riaño Pachón; Flavia Vischi Winck,P+T,P+T,automatic
W4287146837,"Identification of potential plant species hyperaccumulating light rare earth elements (LREE) in a mining area in Minas Gerais, Brazil",Cassio Hamilton Abreu Junior; Hudson Wallace Pereira de Carvalho,P+E+T,P+E+T,automatic
W4287831553,Root nitrate uptake in sugarcane (Saccharum spp.) is modulated by transcriptional and presumably posttranscriptional regulation of the NRT2.1/NRT3.1 transport system,Antonio Vargas de Oliveira Figueira; Diego Mauricio Riaño Pachón,P+E+T,P+E+T,automatic
W4288043374,Dose letal imediata de radiação gama para espécies de carunchos do feijão utilizando irradiador multipropósito,Valter Arthur,P+E+T,P+E+T,automatic
W4288051235,Genome-resolved metagenomics reveals novel archaeal and bacterial genomes from Amazonian forest and pasture soils,Tsai Siu Mui,P+E+T,P+E+T,automatic
W4288073156,Eficiência agronômica de atrazine no controle de Capim-navalha e Capim-capeta,Kassio Ferreira Mendes,P+E+T,P+E+T,automatic
W4288073192,Germinação de Capim-Navalha (Paspalum Virgatum l.) e Capim-Capeta [(Sporobolus Indicus (l.) r.br.)] em função da temperatura e da luz,Kassio Ferreira Mendes,P+E+T,P+E+T,automatic
W4288073197,Efeito de herbicidas aplicados em jato dirigido à entrelinha e área total na cultura do abacaxi,Kassio Ferreira Mendes,P+E+T,P+E+T,automatic
W4288073230,Lixiviação do saflufenacil e tebuthiuron em solos de texturas contrastantes submetidos a diferentes precipitações pluviométricas,Kassio Ferreira Mendes,P+E+T,P+E+T,automatic
W4288430353,Improving the representation of sugarcane crop in the Joint UK Land Environment Simulator (JULES) model for climate impact assessment,Quirijn de Jong van Lier,P+E+T,P+E+T,automatic
W4288736978,CoCoView - A codon conservation viewer via sequence logos,Diego Mauricio Riaño Pachón,P,P,automatic
W4289170104,Molecular evidence for stimulation of methane oxidation in Amazonian floodplains by ammonia-oxidizing communities,Tsai Siu Mui,P+E+T,P+E+T,automatic
W4289518489,Bacterial Communities Along Environmental Gradients in Tropical Soda Lakes,Marli de Fatima Fiore; Plínio Barbosa de Camargo,P+E+T,P+E+T,automatic
W4289526373,Propisochlor retention and mobility in the presence of straw in Brazilian cropping systems,Valdemar Luiz Tornisielo,P+E+T,P+E+T,automatic
W4289766815,Comparative study of different liquid diets for dairy calves and the impact on performance and the bacterial community during diarrhea,Lucas William Mendes,P+E+T,P+E+T,automatic
W4290503946,Composted Sewage Sludge Sustains High Maize Productivity on an Infertile Oxisol in the Brazilian Cerrado,Cassio Hamilton Abreu Junior,P+E+T,P+E+T,automatic
W4291670214,"Description of Aliinostoc alkaliphilum sp. nov. (Nostocales, Cyanobacteria), a New Bioactive Metabolite-Producing Strain from Salina Verde (Pantanal, Brazil) and Taxonomic Distribution of Bioactive Metabolites in Nostoc and Nostoc-like Genera",Marli de Fatima Fiore,P+E+T,P+E+T,automatic
W4291821272,Efficiency of soluble and insoluble sources of manganese for soybean nutrition in the Brazilian Cerrado,Hudson Wallace Pereira de Carvalho,P+E+T,P+E+T,automatic
W4292265668,Preferential mineral N form uptake by sugarcane genotypes contrasting in nitrogen use efficiency,Paulo César Ocheuze Trivelin,P+E+T,P+E+T,automatic
W4292383652,Are nanomaterials leading to more efficient agriculture? Outputs from 2009 to 2022 research metadata analysis,Hudson Wallace Pereira de Carvalho,P+E+T,P+E+T,automatic
W4292396007,Isotopic composition (δ13C and δ15N) in the soil-plant system of subtropical urban forests,Plínio Barbosa de Camargo,E+T,E+T,automatic
W4292470322,Anther development in Brachiaria brizantha (syn. Urochloa brizantha) and perspective for microspore in vitro culture,Adriana Pinheiro Martinelli,P,P,automatic
W4293069953,"Hematological, biochemical alterations and methane production in sheep submitted to mixed infection of Haemonchus contortus and Trichostrongylus colubriformis",Adibe Luiz Abdalla; Helder Louvandini,P+T,P+T,automatic
W4293212010,Interactions between Soil Bacterial Diversity and Plant-Parasitic Nematodes in Soybean Plants,Lucas William Mendes,P+E,P+E,automatic
W4293257250,Developing and classifying urban biomes as a basis for nature-based solutions,Giuliano Maselli Locosselli,E,E,automatic
W4293576080,Stochastic Merging of Soil Hydraulic Properties for Vadose Zone Hydrological Modeling,Quirijn de Jong van Lier,E+T,E+T,automatic
W4293577608,"Global mapping of volumetric water retention at 100, 330 and 15 000 cm suction using the WoSIS database",Quirijn de Jong van Lier,E+T,E+T,automatic
W4293773096,Insights into the Genomic Potential of a Methylocystis sp. from Amazonian Floodplain Sediments,Tsai Siu Mui,P+E,P+E,automatic
W4294000661,Methanogenic communities and methane emissions from enrichments of Brazilian Amazonia soils under land-use change,Tsai Siu Mui,P+E,P+E,automatic
W4294716057,Improving potassium use efficiency of sugarcane through the use of polyhalite,Hudson Wallace Pereira de Carvalho,P+E+T,P+E+T,automatic
W4294957579,The co-evolution of life and biogeochemical cycles in our planet,Luiz Antonio Martinelli,P+E+T,P+E+T,automatic
W4294991310,Ecological risk of imidacloprid on the Brazilian non-target freshwater organisms Chironomus sancticaroli and Poecilia reticulata,Ernani Pinto Junior,P+E+T,P+E+T,automatic
W4295027397,Applications of Cr-rich composted tannery sludge in the soil decrease microbial biomass and select specific bacterial groups,Lucas William Mendes,P+E+T,P+E+T,automatic
W4295046449,Encapsulated nitrate replacing soybean meal in diets with and without monensin on in vitro ruminal fermentation,Adibe Luiz Abdalla,P+E+T,P+E+T,automatic
W4295854220,Digital-image photometry with multi-energy calibration,Samara Soares; Fabio Rodrigo Piovezani Rocha,T,T,automatic
W4295885377,Soybean seeds treated with zinc evaluated by X-ray micro-fluorescence spectroscopy,Hudson Wallace Pereira de Carvalho,P+T,P+T,automatic
W4296079310,Early responses of regeneration to weeding and herbicide application to control Guinea‐grass in a 20‐year‐old Atlantic Forest undergoing restoration,Mauricio Cruz Mantoani,P+E,P+E,automatic
W4296522847,Water retention and metabolic changes improve desiccation tolerance in Barbacenia graminifolia (Velloziaceae),Adriana Pinheiro Martinelli,P+E+T,P+E+T,automatic
W4296748526,27. Global sensitivity analysis of empirical enteric methane emissions models for silvopastoral systems,Adibe Luiz Abdalla,P+E+T,P+E+T,automatic
W4296748548,61. Estimation of digestible organic matter intake through purine derivatives from sheep fed warm-season forages,Adibe Luiz Abdalla,P+E+T,P+E+T,automatic
W4296834230,Pyrolysis Temperature and Application Rate of Sugarcane Straw Biochar Influence Sorption and Desorption of Metribuzin and Soil Chemical Properties,Kassio Ferreira Mendes,P+E+T,P+E+T,automatic
W4297014660,"Elemental profile of tail hair to evaluate nutritional status of Angus, Nelore and Wagyu cattle breeds",Elisabete Aparecida De Nadai Fernandes,P+T,P+T,automatic
W4297322554,Sample preparation and spectrometric methods for elemental analysis of milk and dairy products – A review,Samara Soares; Fabio Rodrigo Piovezani Rocha; Alex Virgilio,T,T,automatic
W4302004417,Go International,Elias Ayres Guidetti Zagatto,P+T,P+T,automatic
W4302307135,Pet food categorization by neutron activation analysis and data science,Elisabete Aparecida De Nadai Fernandes,P+T,P+T,automatic
W4304587232,Proteomic Analysis of Decellularized Extracellular Matrix: Achieving a Competent Biomaterial for Osteogenesis,Flavia Vischi Winck,P+E+T,P+E+T,automatic
W4304589520,Efficiency of Application of Selenium in Biofortification of Potato Tubers (Solanum tuberosum),Hudson Wallace Pereira de Carvalho,P+E+T,P+E+T,automatic
W4306677534,Assessment of four urban forest as environmental indicator of air quality: a study in a brazilian megacity,Plínio Barbosa de Camargo,E+T,E+T,automatic
W4306774309,Invited review: Current enteric methane mitigation options,Adibe Luiz Abdalla,P+E+T,P+E+T,automatic
W4306809617,X-ray spectrometry imaging and chemical speciation assisting to understand the toxic effects of copper oxide nanoparticles on zebrafish ( Danio rerio ),Hudson Wallace Pereira de Carvalho,P+E+T,P+E+T,automatic
W4307114350,Which artificial larval diet is better for Ceratitis capitata (Diptera: Tephritidae) rearing?,Thiago de Araújo Mastrangelo,P+E+T,P+E+T,automatic
W4307425095,Metagenome-Assembled Genomes from Amazonian Soil Microbial Consortia,Tsai Siu Mui,P+E+T,P+E+T,automatic
W4307943814,Deep-Learning Approach for Fusarium Head Blight Detection in Wheat Seeds Using Low-Cost Imaging Technology,Thiago de Araújo Mastrangelo,P+T,P+T,automatic
W4308029681,"Differential plant growth-promoting rhizobacteria species selection by maize, cowpea, and lima bean",Lucas William Mendes,P+E+T,P+E+T,automatic
W4308196397,Potential of Haemonchus contortus first-stage larvae to characterize anthelmintic resistance through P-glycoprotein gene expression,Helder Louvandini,P,P,automatic
W4308479078,Inverse estimation of hydraulic parameters of soils with rock fragments,Quirijn de Jong van Lier,E+T,E+T,automatic
W4308587241,A Hierarchical Framework for Unpacking the Nitrogen Challenge,Luiz Antonio Martinelli,P+E+T,P+E+T,automatic
W4308616736,Natural genetic variation in the HAIRS ABSENT (H) gene increases type-VI glandular trichomes in both wild and domesticated tomatoes,Antonio Vargas de Oliveira Figueira,P,P,automatic
W4308659523,Flow-based green ceramics microdevice with smartphone image colorimetric detection for free chlorine determination in drinking water,Fabio Rodrigo Piovezani Rocha,E+T,E+T,automatic
W4308973698,Identification of Active Compounds against Melanoma Growth by Virtual Screening for Non-Classical Human DHFR Inhibitors,Diego Mauricio Riaño Pachón,P+T,P+T,automatic
W4309035180,Rhizospheric microbial community in plant species from the Phaseolus genus,Lucas William Mendes,P+E+T,P+E+T,automatic
W4309191753,An update to the palynotaxonomy of the Brazilian species of Aeschynomene sensu stricto and the recently circumscribed genus Ctenodon (Leguminosae – Papilionoideae – Dalbergieae),Adriana Pinheiro Martinelli,P+E,P+E,automatic
W4309193718,Elemental profile of dietary supplements and agricultural byproducts evaluated by neutron activation analysis,Elisabete Aparecida De Nadai Fernandes,T,T,automatic
W4309271273,Functional characterization of the sugarcane (Saccharum spp.) ammonium transporter AMT2;1 suggests a role in ammonium root-to-shoot translocation,Antonio Vargas de Oliveira Figueira,P+T,P+T,automatic
W4309632487,Plant available water predicted by a flux-based approach,Quirijn de Jong van Lier,P+E+T,P+E+T,automatic
W4309976130,NPOmix: A machine learning classifier to connect mass spectrometry fragmentation data to biosynthetic gene clusters,Marli de Fatima Fiore,P+E+T,P+E+T,automatic
W4310365800,Microbial communities in the rhizosphere of maize and cowpea respond differently to chromium contamination,Lucas William Mendes,P+E+T,P+E+T,automatic
W4311135121,Changes in the bacterial rare biosphere after permanent application of composted tannery sludge in a tropical soil,Lucas William Mendes,P+E+T,P+E+T,automatic
W4311283286,Availability of Metribuzin-Loaded Polymeric Nanoparticles in Different Soil Systems: An Important Study on the Development of Safe Nanoherbicides,Valdemar Luiz Tornisielo,P+E+T,P+E+T,automatic
W4311365881,Impacts of deforestation and forest regeneration on soil bacterial communities associated with phosphorus transformation processes in the Brazilian Amazon region,Lucas William Mendes; Tsai Siu Mui,P+E,P+E,automatic
W4311624468,Metaproteomic Analysis of the Anaerobic Community Involved in the Co-Digestion of Residues from Sugarcane Ethanol Production for Biogas Generation,Flavia Vischi Winck,P+E+T,P+E+T,automatic
W4311659297,Impact of the fungal pathogen Fusarium oxysporum on the taxonomic and functional diversity of the common bean root microbiome,Lucas William Mendes,P+E,P+E,automatic
W4311724833,"Long-term carbon storage in Brazilian Cerrado soils – a conjunction of wildfires, bioturbation, and local edaphic controls on vegetation",Plínio Barbosa de Camargo,E,E,automatic
W4311774883,Prediction of enteric methane emissions by sheep using an intercontinental database,Adibe Luiz Abdalla,P+E+T,P+E+T,automatic
W4311784791,Death and Regeneration of an Amazonian Mangrove Forest by Anthropic and Natural Forces,Luiz Carlos Ruiz Pessenda,E,E,automatic
W4311901311,Zinc speciation and desorption kinetics in a mining waste impacted tropical soil amended with phosphate,Hudson Wallace Pereira de Carvalho,P+E+T,P+E+T,automatic
W4311994942,Improving zinc supply enhances cotton nutritional phosphorus efficiency,José Lavres Junior,P+E+T,P+E+T,automatic
W4312018484,Ecological co-occurrence and soil physicochemical factors drive the archaeal community in Amazonian soils,Tsai Siu Mui,P+E,P+E,automatic
W4312051889,Palynology of Amicia Kunth. (Leguminosae – Papilionoideae – Dalbergieae – Informal Adesmia clade) set in a systematic and phylogenetic context,Adriana Pinheiro Martinelli,P+E+T,P+E+T,automatic
W4312051953,"Microprobe-XRF Assessment of Nutrient Distribution in Soybean, Cowpea, and Kidney Bean Seeds: A Fabaceae Family Case Study",Francisco Scaglia Linhares; Hudson Wallace Pereira de Carvalho,P+T,P+T,automatic
W4312079713,Effects of gamma radiation on adults of Sitophilus zeamais Motschulsky (Coleoptera: Curculionidae) and Tribolium castaneum Herbst (Coleoptera: Tenebrionidae) collected in the retail trade in São Paulo/SP city,Valter Arthur,P+E+T,P+E+T,automatic
W4312100075,X-ray Microtomography for Investigating Pore Space and Its Relation to Water Retention and Conduction in Highly Weathered Soils,Thaís Nascimento Pessoa,P+E+T,P+E+T,automatic
W4312200524,"Sustainable Control of Galinsoga parviflora with Oxyfluorfen, Flumioxazin, and Linuron Application in Two Soils Cultivated with Garlic",Kassio Ferreira Mendes,P+E+T,P+E+T,automatic
W4312727565,Animal welfare provisions in cattery: an observational study,Valter Arthur,P+E+T,P+E+T,automatic
W4313245415,Soil Strength and Structural Stability Are Mediated by Soil Organic Matter Composition in Agricultural Expansion Areas of the Brazilian Cerrado Biome,Rafael Silva Santos,E,E,automatic
W4313259502,Cellulose Acetate Film Containing Bonechar for Removal of Metribuzin from Contaminated Drinking Water,Kassio Ferreira Mendes,P+E+T,P+E+T,automatic
W4313396633,"Hohenbergia erecta (Bromeliaceae: Bromelioideae), a New Once-branched Species from Chapada Diamantina, Bahia State, Brazil",Adriana Pinheiro Martinelli,P+E,P+E,automatic
W4313460892,SOYBEAN GENERATIONS UNDER GAMMA RAYS AND EFFECTS ON SEED QUALITY,Valter Arthur,P+T,P+T,automatic
W4313488143,"The full‐length Auxin Response Factor 8 isoform ARF8 .1 controls pollen cell wall formation and directly regulates TDF1 , AMS and MS188 expression",Francisco Scaglia Linhares,P,P,automatic
W4313570778,Thirty-Five Years of Aerosol–PBAP in situ Research in Brazil: The Need to Think outside the Amazonian Box,Mauricio Cruz Mantoani,P+E+T,P+E+T,automatic
W4313592790,Evaluation of calibration approaches for quantitative analysis of sludge by laser induced breakdown spectrometry,Fabio Rodrigo Piovezani Rocha,P+E+T,P+E+T,automatic
W4313788592,Efeito da irradiação gama nas propriedades tecnológicas de amido misto de rizomas primário e secundário de cúrcuma,Valter Arthur,P+E+T,P+E+T,automatic
W4313888402,Oxyfluorfen and Linuron: Residual Effect of Pre-Emergence Herbicides in Three Tropical Soils,Kassio Ferreira Mendes,P+E+T,P+E+T,automatic
W4313893464,Fermentation box cleaning can impair cacao seed fermentation,Antonio Vargas de Oliveira Figueira,P+E+T,P+E+T,automatic
W4315476850,FluxPAW: A standalone software to calculate flux-based plant available water,Quirijn de Jong van Lier,P+E+T,P+E+T,automatic
W4315477625,Effect of selenium and soil pH on cadmium phytoextraction by Urochloa decumbens grown in Oxisol,Francisco Scaglia Linhares; José Lavres Junior,P+E+T,P+E+T,automatic
W4315491704,Intraguild niche partitioning in granivorous birds from the late past,Marcelo Zacharias Moreira,P+E+T,P+E+T,automatic
W4315703342,"Microbial enzymatic stoichiometry and the acquisition of C, N, and P in soils under different land-use types in Brazilian semiarid",Lucas William Mendes,P+E+T,P+E+T,automatic
W4317107505,A morphological guide of neotropical freshwater sponge spicules for paleolimnological studies,Luiz Carlos Ruiz Pessenda,P+E+T,P+E+T,automatic
W4317433938,Pasture management intensification shifts the soil microbiome composition and ecosystem functions,Lucas William Mendes; Tsai Siu Mui,P+E+T,P+E+T,automatic
W4317490026,"Computed tomography and radioactive 32P detected phosphorus impairment in metabolism, reduced bones density and animal performance caused by mixed infection of Haemonchus contortus and Trichostrongylus colubriformis in sheep",Adibe Luiz Abdalla; Helder Louvandini; Elisabete Aparecida De Nadai Fernandes,P+E+T,P+E+T,automatic
W4317521312,Trichostrongylus colubriformis infection damages intestine brush board cells and could negatively impact postabsorptive parameters of Santa Ines lambs,Adibe Luiz Abdalla; Helder Louvandini; Elisabete Aparecida De Nadai Fernandes,P+T,P+T,automatic
W4317670379,"Seasonal fluctuations of extracellular enzyme activities are related to the biogeochemical cycling of C, N and P in a tropical terra-firme forest",Plínio Barbosa de Camargo,P+E+T,P+E+T,automatic
W4317932362,Exploiting microdistillation and smartphone-based digital-image colorimetry for determination of protein in foods,Samara Soares; Fabio Rodrigo Piovezani Rocha,T,T,automatic
W4318275229,Soybean sorting based on protein content using X-ray fluorescence spectrometry,Hudson Wallace Pereira de Carvalho,P+T,P+T,automatic
W4318330211,LEVANTAMENTO FITOSSOCIOLÓGICO DE PLANTAS DANINHAS EM CULTIVOS DE ABACAXI EM DIFERENTES ÉPOCAS,Kassio Ferreira Mendes,P+E+T,P+E+T,automatic
W4318472735,Evaluation of the Toxicity of Microcyclamide Produced by Microcystis aeruginosa in Danio rerio Embryos,Ernani Pinto Junior,P+E+T,P+E+T,automatic
W4318778542,The science of urban trees to promote well-being,Giuliano Maselli Locosselli,P+E+T,P+E+T,automatic
W4318826472,Diverse anthropogenic disturbances shift Amazon forests along a structural spectrum,Plínio Barbosa de Camargo,E,E,automatic
W4318996238,Rainfall effects on vertical profiles of airborne fungi over a mixed land-use context at the Brazilian Atlantic Forest biodiversity hotspot,Mauricio Cruz Mantoani,E,E,automatic
W4318997593,Potential of Chloroleucon acacioides trees as an alternative feed supplement for grazing ruminants in a tropical silvopastoral system,Adibe Luiz Abdalla; Helder Louvandini,P+E+T,P+E+T,automatic
W4319034688,Exploring the Relationship between Biosynthetic Gene Clusters and Constitutive Production of Mycosporine-like Amino Acids in Brazilian Cyanobacteria,Marli de Fatima Fiore; Ernani Pinto Junior,P,P,automatic
W4319159728,Functionality of methane cycling microbiome during methane flux hot moments from riparian buffer systems,Tsai Siu Mui,P+E+T,P+E+T,automatic
W4319298645,Organic C Fractions in Topsoil under Different Management Systems in Northeastern Brazil,Lucas William Mendes,E,E,automatic
W4319318340,Closed-Vessel Conductively Heated Digestion System for the Elemental Analysis of Agricultural Materials by High-Resolution Continuum Source Flame Atomic Absorption Spectrometry (HR-CS FAAS),Alex Virgilio,T,T,automatic
W4320487334,Selective sorption and desorption of DOM in Podzol horizons — DOC and aluminium contents of leachates from a column experiment,Plínio Barbosa de Camargo,E+T,E+T,automatic
W4320493959,Macroalgae and Microalgae Biomass as Feedstock for Products Applied to Bioenergy and Food Industry: A Brief Review,Ernani Pinto Junior,P+E+T,P+E+T,automatic
W4321019949,StochHyProp: A software to generate stochastic realizations of correlated parameters dedicated to soil hydraulic properties,Quirijn de Jong van Lier,E,E,automatic
W4321372832,Silicon application influences the prokaryotic communities in the rhizosphere of sugarcane genotypes,Lucas William Mendes,P+E+T,P+E+T,automatic
W4321498454,Fungal identification in peanuts seeds through multispectral images: Technological advances to enhance sanitary quality,Thiago de Araújo Mastrangelo; Valter Arthur,P+E+T,P+E+T,automatic
W4322490058,Plasticity in resource use explains the persistence of the largest living rodent in anthropized environments,Marcelo Zacharias Moreira,P+E+T,P+E+T,automatic
W4322581227,Peanut and sorghum are excellent phytoremediators of 14C-tebuthiuron in herbicide-contaminated soil,Kassio Ferreira Mendes,P+E+T,P+E+T,automatic
W4322740779,"Content of Lipids, Fatty Acids, Carbohydrates, and Proteins in Continental Cyanobacteria: A Systematic Analysis and Database Application",Ernani Pinto Junior,P+E+T,P+E+T,automatic
W4323315068,Soybean Seed Enrichment with Cobalt and Molybdenum as an Alternative to Conventional Seed Treatment,Cassio Hamilton Abreu Junior,P+E+T,P+E+T,automatic
W4323544607,Selenium Increases Ureide Metabolism and Yield of Cowpea Plants: Examining Se Distribution in Leaves and Seeds Using Microprobe X-Ray Fluorescence Spectroscopy,Hudson Wallace Pereira de Carvalho,P+T,P+T,automatic
W4323664974,Physicochemical and bacterial changes during composting of vegetable and animal-derived agro-industrial wastes,Lucas William Mendes,P+E+T,P+E+T,automatic
W4323811909,Shifts in functional traits and interactions patterns of soil methane‐cycling communities following forest‐to‐pasture conversion in the Amazon Basin,Lucas William Mendes; Plínio Barbosa de Camargo; Tsai Siu Mui,P+E,P+E,automatic
W4323928561,Isotopic characterization of Brazilian ketchup: Is tomato its main ingredient?,Luiz Antonio Martinelli; Marcelo Zacharias Moreira; Plínio Barbosa de Camargo,P+E+T,P+E+T,automatic
W4324057452,Constructed Technosols as a Soil Rebuilding Technique to Reclaim Abandoned Limestone Quarries in the Mediterranean Region: A Field Study,Cassio Hamilton Abreu Junior,P+E+T,P+E+T,automatic
W4324141097,Cellulose Acetate Microbeads for Controlled Delivery of Essential Micronutrients,Hudson Wallace Pereira de Carvalho,P+E+T,P+E+T,automatic
W4324355698,"Soil management effects of extensive pastures, intensive pastures and sugarcane crops on the availability of metals and nutrients in freshwater: A realistic mesocosm approach",Luiz Antonio Martinelli,E+T,E+T,automatic
W4327693045,Environmental forensics evaluation of residual soybean sludge using trees of Brazilian savannah,Hudson Wallace Pereira de Carvalho,P+E+T,P+E+T,automatic
W4327698559,Practical Knowledge of Injuries Caused by Simulated Herbicide Drift in Young Tomato Plants,Kassio Ferreira Mendes,P+E+T,P+E+T,automatic
W4327812994,Composition and Flux of Dissolved and Particulate Carbon and Nitrogen in the Lower Tocantins River,Alex Vladimir Krusche; Maria Gabriella da Silva Araújo,E+T,E+T,automatic
W4360819719,Planting nitrogen-fixing trees in tropical Eucalyptus plantations does not increase nutrient losses through drainage,Alex Vladimir Krusche,P+E+T,P+E+T,automatic
W4360939760,Amazon Biobank: a collaborative genetic database for bioeconomy development,Diego Mauricio Riaño Pachón,P+E+T,P+E+T,automatic
W4360955148,Toxicological effects of cyanobacterial metabolites on zebrafish larval development,Ernani Pinto Junior,P+E+T,P+E+T,automatic
W4361253344,Residual effect of pyroxasulphone and pyroxasulphone + flumioxazin on contrasting soils,Kassio Ferreira Mendes,P+E+T,P+E+T,automatic
W4361285496,Authentication of beef cuts by multielement and machine learning approaches,Elisabete Aparecida De Nadai Fernandes,T,T,automatic
W4362464870,Competitive skill of Paspalum virgatum L.e o Panicum maximum cv. Mombaça in different soil fertilities,Kassio Ferreira Mendes,P+E+T,P+E+T,automatic
W4362467286,In Vitro Degradability and Methane Production from By-Products Fed to Ruminants,Adibe Luiz Abdalla; Helder Louvandini,P+E+T,P+E+T,automatic
W4362467497,Growth and development of Paspalum virgatum L.,Kassio Ferreira Mendes,P+E+T,P+E+T,automatic
W4362472649,Effect of sowing depth and soil cover on Paspalum virgatum L. seedling emergence,Kassio Ferreira Mendes,P+E+T,P+E+T,automatic
W4362576799,Short-term responses of plant growth-promoting bacterial community to the herbicides imazethapyr and flumioxazin,Lucas William Mendes,P+E+T,P+E+T,automatic
W4362582858,Intracellular microcystins degradation and acute toxicity decrease towards Daphnia similis by low electron-beam irradiation doses,Ernani Pinto Junior,P+E+T,P+E+T,automatic
W4362591337,Analysis of Total Soil Nutrient Content with X-ray Fluorescence Spectroscopy (XRF): Assessing Different Predictive Modeling Strategies and Auxiliary Variables,Hudson Wallace Pereira de Carvalho,E+T,E+T,automatic
W4362630950,Photosynthetic pigments and photoprotective metabolites of Colombian pacific marine macroalgae in response to contrasting ultraviolet-index periods,Ernani Pinto Junior,P+E+T,P+E+T,automatic
W4362631488,Atlantic ITCZ variability during the Holocene based on high-resolution speleothem isotope records from northern Venezuela,Marília Campos,E+T,E+T,automatic
W4362636670,Chronic alcohol administration alters metabolomic profile of murine bone marrow,Ernani Pinto Junior,P+T,P+T,automatic
W4363677215,Exploiting chemometrics for screening analysis by near-infrared spectroscopy without the support of reference analytical methods: Application to bulk sweeteners,Fabio Rodrigo Piovezani Rocha,T,T,automatic
W4365448570,Goosegrass ( Eleusine indica ) resistant to multiple herbicide modes of action in Brazil,Tsai Siu Mui,P+E+T,P+E+T,automatic
W4366418495,Digital mapping of the soil available water capacity: tool for the resilience of agricultural systems to climate change,Quirijn de Jong van Lier,E+T,E+T,automatic
W4366506444,Natural grassland conversion to cultivated pastures increases soil microbial niche specialization with consequences for ecological processes,Lucas William Mendes,P+E+T,P+E+T,automatic
W4366688265,"Assessment the Impacts of Sea-Level Changes on Mangroves of Ceará-Mirim Estuary, Northeastern Brazil, during the Holocene and Anthropocene",Luiz Carlos Ruiz Pessenda,E+T,E+T,automatic
W4367043175,Fine root dynamics in a tropical integrated crop-livestock-forestry system,Plínio Barbosa de Camargo,P+E+T,P+E+T,automatic
W4367049729,Basin-wide variation in tree hydraulic safety margins predicts the carbon balance of Amazon forests,Plínio Barbosa de Camargo,E,E,automatic
W4367172761,Resolving Confusion Surrounding d ‐Ala‐ d ‐Ala Ligase Catalysis in Cyanobacterial Mycosporine‐Like Amino Acid (MAA) Biosynthesis,Marli de Fatima Fiore,P+T,P+T,automatic
W4367396377,"Weathering and mineral alteration of metamorphic rocks and genesis of Planosols along a rainfall gradient in Borborema Province, Northeast Brazil",Plínio Barbosa de Camargo,E+T,E+T,automatic
W4367839006,Seasonal variation of the rhizosphere soil aggregation in an Oxisol,Thaís Nascimento Pessoa,P+E+T,P+E+T,automatic
W4367847736,Ecotoxicological assessment of guanitoxin-producing cyanobacteria in Danio rerio and Daphnia similis,Ernani Pinto Junior,P+E+T,P+E+T,automatic
W4372194348,Purine derivatives and creatinine urine excretion as a tool to estimate sheep feed intake,Adibe Luiz Abdalla; Helder Louvandini,P+E+T,P+E+T,automatic
W4372403988,Community reorganization stabilizes freshwater ecosystems in intensively managed agricultural fields,Luiz Antonio Martinelli,P+E,P+E,automatic
W4375859425,Mycorrhizal symbiosis alleviates Mn toxicity and downregulates Mn transporter genes in Eucalyptus tereticornis under contrasting soil phosphorus,Hudson Wallace Pereira de Carvalho,P+E+T,P+E+T,automatic
W4375866995,Drought-triggered leaf transcriptional responses disclose key molecular pathways underlying leaf water use efficiency in sugarcane (Saccharum spp.),Antonio Vargas de Oliveira Figueira,P+T,P+T,automatic
W4376149560,"3,4-Dimethylpyrazole Phosphate Applied on Ammonium Sulfate Nitrate and Urea Reduces the Nitrification Process in Three Tropical Soils: An Incubation Study",José Lavres Junior,P+E+T,P+E+T,automatic
W4376253629,Sustainable irrigation management in tropical lowland rice in Brazil,Quirijn de Jong van Lier,E+T,E+T,automatic
W4376609037,Measuring water retention in undisturbed samples of stony soils,Quirijn de Jong van Lier,P+E+T,P+E+T,automatic
W4376611836,From Feasting to Fasting: The Arginine Pathway as a Metabolic Switch in Nitrogen-Deprived Chlamydomonas reinhardtii,Flavia Vischi Winck,P+T,P+T,automatic
W4376649108,"The role of land use, management, and microbial diversity depletion on glyphosate biodegradation in tropical soils",Valdemar Luiz Tornisielo,P+E+T,P+E+T,automatic
W4376649202,Forest restoration rehabilitates soil multifunctionality in riparian zones of sugarcane production landscapes,Lucas William Mendes; Plínio Barbosa de Camargo; Tsai Siu Mui,E,E,automatic
W4377164052,Particle arrangement and internal porosity of coarse fragments affect water retention in stony soils,Quirijn de Jong van Lier,E+T,E+T,automatic
W4377565557,"Physiological responses of plants to in vivo X-ray damage from X-ray fluorescence measurements: insights from anatomical, elemental, histochemical, and ultrastructural analyses",Hudson Wallace Pereira de Carvalho,P+T,P+T,automatic
W4377694875,The concept of mineral plant nutrient in the light of evolution,José Lavres Junior,P+E+T,P+E+T,automatic
W4377965302,Higher lime rates for greater nitrogen recovery: A long-term no-till experiment labeled with 15N,Eduardo Mariano,P+E+T,P+E+T,automatic
W4377968901,Response of two cyanobacterial strains to non-biodegradable glitter particles,Marli de Fatima Fiore,P+E+T,P+E+T,automatic
W4378072205,Microbial metabolic activity in Amazon floodplain forest and agricultural soils,Tsai Siu Mui,P+E+T,P+E+T,automatic
W4378417616,Links between precipitation patterns over eastern tropical South America and productivity in the western tropical South Atlantic Ocean during the last deglacial,Marília Campos,P+E+T,P+E+T,automatic
W4378450615,Towards rapid analysis with XRF sensor for assessing soil fertility attributes: Effects of dwell time reduction,Hudson Wallace Pereira de Carvalho,E+T,E+T,automatic
W4378530248,A cost-effective microfluidic device for determination of biodiesel content in diesel blends,Samara Soares; Fabio Rodrigo Piovezani Rocha,T,T,automatic
W4378832589,Effect of pre-chlorination on Microcystis aeruginosa cell integrity and microcystins removal,Ernani Pinto Junior,P+E+T,P+E+T,automatic
W4378981372,Soil microbes under threat in the Amazon Rainforest,Tsai Siu Mui,P+E,P+E,automatic
W4380225192,Common Bean Productivity and Micronutrients in the Soil–Plant System under Residual Applications of Composted Sewage Sludge,Cassio Hamilton Abreu Junior,P+E+T,P+E+T,automatic
W4380363645,Composition and Flux of Dissolved and Particulate Carbon and Nitrogen in the Lower Tocantins River,Alex Vladimir Krusche; Maria Gabriella da Silva Araújo,E,E,automatic
W4380570779,In‐house manufactured benchtop XRF spectrometer,Alex Virgilio; Hudson Wallace Pereira de Carvalho,T,T,automatic
W4380742347,Exploring the diversity and composition of soil microbial communities in different soybean-maize management systems,Lucas William Mendes,P+E+T,P+E+T,automatic
W4380997907,Closed-Vessel Conductively Heated Digestion of Dry Dog Food for Spectrometric Determination of Essential Nutrients,Alex Virgilio,T,T,automatic
W4381248885,Climatic regulation of the non-structural and structural carbon in the pioneer Senna multijuga and non-pioneer Hymenaea aurea trees of a humid tropical rainforest,Giuliano Maselli Locosselli,P+E+T,P+E+T,automatic
W4381620850,"Radiometric strategy to track nanopesticides: An important approach to understand the fate, mechanisms of action and toxicity",Valdemar Luiz Tornisielo,P+E+T,P+E+T,automatic
W4381664474,Environmental adaptations by the intertidal Antarctic cyanobacterium Halotia branconii CENA392 as revealed using long‐read genome sequencing,Marli de Fatima Fiore; Ernani Pinto Junior,P,P,automatic
W4381684527,Diversity of viruses and viroids in the rhizosphere of common bean cultivars differing in resistance to the fungal root pathogen Fusarium oxysporum,Lucas William Mendes; Tsai Siu Mui,P,P,automatic
W4381929523,Interkingdom interaction: the soil isopod Porcellio scaber stimulates the methane-driven bacterial and fungal interaction,Lucas William Mendes,P+E+T,P+E+T,automatic
W4381930968,Influence of Chemical Control on the Floristic Composition of Weeds in the Initial and Pre-Harvest Development Stages of the Sunflower Crop,Kassio Ferreira Mendes,P+E+T,P+E+T,automatic
W4382007801,Amazonian dark earths enhance the establishment of tree species in forest ecological restoration,Tsai Siu Mui,P+E+T,P+E+T,automatic
W4382198237,Fate of fertilizer N applied to maize intercropped with forage grass and recovery of residual N by soybean in a double cropping system,Eduardo Mariano,P+E+T,P+E+T,automatic
W4382334892,"Draft Genome Sequences of representative Paenibacillus Polymyxa, Bacillus cereus, Fictibacillus sp., and Brevibacillus agri Strains Isolated from Amazonian Dark Earth",Lucas William Mendes,P,P,automatic
W4382402737,"Absorption, Translocation, and Metabolism of Glyphosate and Imazethapyr in Smooth Pigweed with Multiple Resistance",Valdemar Luiz Tornisielo,P+E+T,P+E+T,automatic
W4382402836,Cover Crop Straw Interferes in the Retention and Availability of Diclosulam and Diuron in the Environment,Valdemar Luiz Tornisielo,P+E+T,P+E+T,automatic
W4382405140,Bioaccumulation and speciation of arsenic in plankton from tropical soda lakes along a salinity gradient,Marli de Fatima Fiore,P+E+T,P+E+T,automatic
W4382449070,Weed Control and Selectivity of Four Herbicides Applied in Pre-Emergence on Two Sunflower Cultivars,Kassio Ferreira Mendes,P+E+T,P+E+T,automatic
W4382654406,Resource recovery of biological residues from the Brazilian poultry industry in mitigating environmental impacts: A life cycle assessment (LCA) approach,Cassio Hamilton Abreu Junior,P+E+T,P+E+T,automatic
W4382933876,"Phytoliths, δ¹³C and Charcoal: holocene environmental memories from a paleogully in northwestern Paraná State",Plínio Barbosa de Camargo,E+T,E+T,automatic
W4382988702,A cylindrospermopsin-producing cyanobacterium isolated from a microbial mat in the Baltic Sea,Marli de Fatima Fiore,P+E+T,P+E+T,automatic
W4383103729,"Diuron, hexazinone, and sulfometuron-methyl applied alone and in mixture in soils: Distribution of extractable residue, bound residue, biodegradation, and mineralization",Kassio Ferreira Mendes; Valdemar Luiz Tornisielo,P+E+T,P+E+T,automatic
W4383186818,Reshaping the research landscape in Brazil,Flavia Vischi Winck,P+E+T,P+E+T,automatic
W4383221965,"Long term co-application of lime and phosphogypsum increases 15 N recovery and reduces 15 N losses by modulating soil nutrient availability, crop growth and N cycle genes",Eduardo Mariano,P+E+T,P+E+T,automatic
W4383368440,Digital-image photometry and salting-out assisted liquid-liquid microextraction for determination of flavonols in berries,Samara Soares; Fabio Rodrigo Piovezani Rocha,P+T,P+T,automatic
W4383371756,Evaluating the temporal patterns of land use and precipitation under desertification in the semi-arid region of Brazil,Maria Victoria Ramos Ballester; Plínio Barbosa de Camargo,E,E,automatic
W4383503720,Multi-energy calibration for determining critical metals in nickel-metal hydride battery residues by microwave-induced plasma atomic emission spectrometry,Fabio Rodrigo Piovezani Rocha,T,T,automatic
W4383549952,Pyrolysis Temperature vs. Application Rate of Biochar Amendments: Impacts on Soil Microbiota and Metribuzin Degradation,Kassio Ferreira Mendes,P+E+T,P+E+T,automatic
W4383710071,Oxidation of chlortetracycline and its isomers by Botrytis aclada laccase in the absence of mediators: pH dependence and identification of transformation products by LC–MS,Ernani Pinto Junior,P+E+T,P+E+T,automatic
W4383817592,Foliar Calcium Absorption by Tomato Plants: Comparing the Effects of Calcium Sources and Adjuvant Usage,Hudson Wallace Pereira de Carvalho,P+E+T,P+E+T,automatic
W4383873173,Egeria densa remediates the aquatic environment and reduces 14C-deltamethrin bioaccumulation in Danio rerio,Kassio Ferreira Mendes; Valdemar Luiz Tornisielo,P+E+T,P+E+T,automatic
W4383875873,Mechanistic and Structural Insights into a Divergent PLP-Dependent l -Enduracididine Cyclase from a Toxic Cyanobacterium,Marli de Fatima Fiore,P+T,P+T,automatic
W4384436163,"Linking above and belowground carbon sequestration, soil organic matter properties, and soil health in Brazilian Atlantic Forest restoration",Lucas William Mendes; Plínio Barbosa de Camargo; Tsai Siu Mui,E,E,automatic
W4384830493,Pervasive gaps in Amazonian ecological research,Plínio Barbosa de Camargo,E,E,automatic
W4384937056,Computed tomography revealed that bone density in lambs was affected by Trichostrongylus colubriformis infection,Adibe Luiz Abdalla; Helder Louvandini,P+E+T,P+E+T,automatic
W4384949911,Biomass accumulation and growth curve in sugarcane fertigated with nitrogen doses,Paulo César Ocheuze Trivelin; Eduardo Mariano,P+E+T,P+E+T,automatic
W4385012128,Unfolding the Dynamics of Mineral Nutrients and Major Storage Protein Fractions during Soybean Seed Development,Francisco Scaglia Linhares; Hudson Wallace Pereira de Carvalho,P+E+T,P+E+T,automatic
W4385240998,Improved calculation of soil hydraulic conductivity with the simplified evaporation method,Quirijn de Jong van Lier,E+T,E+T,automatic
W4385421408,Bioaccumulation and Depletion of the Antibiotic Sulfadiazine 14C in Lambari (Astyanax bimaculatus),Helder Louvandini; Valdemar Luiz Tornisielo,P+E+T,P+E+T,automatic
W4385458473,Spatial variability mapping of indaziflam and metribuzin sorption–desorption for precision weed control,Kassio Ferreira Mendes,P+E+T,P+E+T,automatic
W4385502173,Impact of the fungal pathogen Fusarium oxysporum on the taxonomic and functional diversity of the common bean root microbiome,Lucas William Mendes; Tsai Siu Mui,P,P,automatic
W4385506913,"Soil organic matter stabilization during early stages of Technosol development from Ca, Mg and pyrite-rich parent material",Plínio Barbosa de Camargo,P+E+T,P+E+T,automatic
W4385552479,Biochar and Trichoderma as an Eco-friendly and Low-Cost Alternative to Improve Soil Chemical and Biological Properties,Lucas William Mendes,P+E+T,P+E+T,automatic
W4385569224,"P6 In vitro degradability, gas and methane production of brewery residues and its potential in small ruminants[StQuote] diets",Adibe Luiz Abdalla; Helder Louvandini,P+E+T,P+E+T,automatic
W4385634108,The study of pollen grains as a contribution to the taxonomy of Nissolia (Leguminosae – Papilionoideae – Dalbergieae),Adriana Pinheiro Martinelli,P+E+T,P+E+T,automatic
W4385694211,Dendrochronological advances in the tropical and subtropical Americas: Research priorities and future directions,Giuliano Maselli Locosselli,P+E+T,P+E+T,automatic
W4385707253,Can flowers help to disentangle the Vriesea oligantha complex (Bromeliaceae: Tillandsioideae)? Taxonomic implications and contributions to the floral anatomy and biology of Stigmatodon,Adriana Pinheiro Martinelli,P+E,P+E,automatic
W4385880068,Trophic dynamics of methylmercury and trace elements in a remote Amazonian Lake,Plínio Barbosa de Camargo,P+E+T,P+E+T,automatic
W4385880192,Digital-image eco-friendly spot test with liquid–liquid microextraction for selective determination of flavonols in berries,Samara Soares; Fabio Rodrigo Piovezani Rocha,T,T,automatic
W4385897280,Making sense of complexity: Advances in bioinformatics for plant biology,Diego Mauricio Riaño Pachón,P,P,automatic
W4386085732,Investigating the effects of Brachiaria (Syn. Urochloa) varieties on soil properties and microbiome,Lucas William Mendes; Tsai Siu Mui,P+E+T,P+E+T,automatic
W4386134181,"Sorption, leaching, and degradation of dicamba in two Brazilian soils: A study into soil layers",Kassio Ferreira Mendes,P+E+T,P+E+T,automatic
W4386158389,AVALIAÇÃO DO CULTIVO DA PITAYA EM UNIDADES DE PRODUTORES FAMILIARES DE FRUTICULTURA NO MUNICÍPIO DE SANTARÉM-PARÁ,Plínio Barbosa de Camargo,P+E+T,P+E+T,automatic
W4386246739,"Impact of Leifsonia xyli subsp. xyli titer on nutritional status, and metabolism of sugar cane",José Lavres Junior,P+E+T,P+E+T,automatic
W4386263013,Feasibility of laser-induced breakdown spectroscopy for determination of neodymium in magnet alloys,Fabio Rodrigo Piovezani Rocha,T,T,automatic
W4386368680,Efeito do ambiente sobre as respostas fisiológicas de caprinos criados em clima quente recebendo diferentes fontes de volumoso,Adibe Luiz Abdalla,P+E+T,P+E+T,automatic
W4386385333,Thermodynamic air-sea equilibration controls carbon isotopic composition of the South Atlantic thermocline during the last glacial period,Marília Campos,E+T,E+T,automatic
W4386423730,Sensitivity of South American tropical forests to an extreme climate anomaly,Plínio Barbosa de Camargo,E,E,automatic
W4386424292,Abomasal RNA-seq reveals a strong local cellular response in suckling lambs with resistance against Haemonchus contortus,Helder Louvandini,P,P,automatic
W4386447238,A rapid LC-MS/MS method for multi-class identification and quantification of cyanotoxins,Ernani Pinto Junior,P+E+T,P+E+T,automatic
W4386466087,Direct Determination of the Aluminum Content in Antiperspirants Using Digital Image Colorimetry,Alex Virgilio,T,T,automatic
W4386574127,Lethal and sublethal effects towards zebrafish larvae of microcystins and other cyanopeptides produced by cyanobacteria,Ernani Pinto Junior,P+E+T,P+E+T,automatic
W4386627836,A novel approach for lactose determination in cow's milk exploiting smartphone-based digital-image photometry,Fabio Rodrigo Piovezani Rocha,T,T,automatic
W4386647660,Distinct sources of silicon shape differently the rhizospheric microbial community in sugarcane,Lucas William Mendes,P+E+T,P+E+T,automatic
W4386817389,Biological basis for adoption of an isoline of Telenomus remus (Hymenoptera: Scelionidae) for an augmentative biological-control program for Spodoptera frugiperda (Lepidoptera: Noctuidae),Deoclecio Jardim Amorim,P+E+T,P+E+T,automatic
W4386817614,Biology and quality assessment ofTelenomus remus(Hymenoptera: Scelionidae) andTrichogrammaspp. (Hymenoptera: Trichogrammatidae) in eggs ofSpodopteraspp. for augmentative biological control programs,Deoclecio Jardim Amorim,P+E+T,P+E+T,automatic
W4386827342,"Smartphone-based digital images in analytical chemistry: Why, when, and how to use",Samara Soares; Fabio Rodrigo Piovezani Rocha,T,T,automatic
W4386836473,Modeling hormesis using multivariate nonlinear regression in plant biology: A comprehensive approach to understanding dose-response relationships,Deoclecio Jardim Amorim,P+E+T,P+E+T,automatic
W4386929590,"Microalgal co-cultivation -recent methods, trends in omic-studies, applications, and future challenges",Flavia Vischi Winck,P+E+T,P+E+T,automatic
W4387014209,Soil and foliar Si fertilization alters elemental stoichiometry and increases yield of sugarcane cultivars,Lucas William Mendes,P+E+T,P+E+T,automatic
W4387017080,Bimodal unsaturated hydraulic conductivity derived from water retention parameters by accounting for clay-water interactions: Deriving a plausible set of hydraulic parameters,Quirijn de Jong van Lier,E+T,E+T,automatic
W4387020861,"Molecular, morphological and ecological studies of Limnospira platensis (Cyanobacteria), from saline and alkaline lakes, Pantanal Biome, Brazil",Marli de Fatima Fiore,P+E+T,P+E+T,automatic
W4387046796,Sensitivity analysis of land and water productivities predicted with an empirical and a process-based root water uptake function,Quirijn de Jong van Lier,E+T,E+T,automatic
W4387059431,Potential Soil Remineralizers from Silicate Rock Powders (SRP) as Alternative Sources of Nutrients for Agricultural Production (Amazon Region),Cassio Hamilton Abreu Junior,P+E+T,P+E+T,automatic
W4387212981,"Simulating soil C dynamics under intensive agricultural systems and climate change scenarios in the Matopiba region, Brazil",Rafael Silva Santos,E,E,automatic
W4387219782,Crop-livestock-forestry systems as a strategy for mitigating greenhouse gas emissions and enhancing the sustainability of forage-based livestock systems in the Amazon biome,Adibe Luiz Abdalla,P+E+T,P+E+T,automatic
W4387363803,Feeding efficiency of sheep as a strategy for mitigating greenhouse gas emissions,Adibe Luiz Abdalla,P+E+T,P+E+T,automatic
W4387421571,Exploiting digital images and videos for urea determination in milk based on enzymatic hydrolysis monitoring,Fabio Rodrigo Piovezani Rocha,P+T,P+T,automatic
W4387439567,"Draft genome sequences of representative Paenibacillus polymyxa , Bacillus cereus , Fictibacillus sp., and Brevibacillus agri strains isolated from Amazonian dark earth",Lucas William Mendes; Tsai Siu Mui,P+E,P+E,automatic
W4387450331,INFLUÊNCIA DOS DIFERENTES NÍVEIS DE LUMINOSIDADE SOBRE O CRESCIMENTO INICIAL DE PLANTAS DE Myrocarpus frondosus Allemão (FABACEAE),Plínio Barbosa de Camargo,P+E+T,P+E+T,automatic
W4387459846,Isótopos estáveis de oxigênio e carbono em anéis de crescimento: Uma comparação entre diferentes tempos de reação para obtenção de alfa-celulose,Luiz Antonio Martinelli,P+E+T,P+E+T,automatic
W4387530600,The ORGAN SIZE (ORG) locus modulates both vegetative and reproductive gigantism in domesticated tomato,Antonio Vargas de Oliveira Figueira,P,P,automatic
W4387820499,Residual effects of composted sewage sludge on nitrogen cycling and plant metabolism in a no-till common bean-palisade grass-soybean rotation,Cassio Hamilton Abreu Junior; José Lavres Junior,P+E+T,P+E+T,automatic
W4387873077,INCREMENTO CORRENTE MENSAL DE Dipteryx odorata AUBL. WILLD. (CUMARÚ) EM PLANTIO NA REGIÃO DE SANTARÉM-PA,Plínio Barbosa de Camargo,P+E+T,P+E+T,automatic
W4387901924,DINÂMICA DA TAXA DE INCREMENTO EM FUNÇÃO DO TEMPO (DE Luehea divaricata MART.,Plínio Barbosa de Camargo,P+E+T,P+E+T,automatic
W4387936366,Remote sensing of the Earth's soil color in space and time,Maria Victoria Ramos Ballester,P+E+T,P+E+T,automatic
W4387964817,Estimating plant-available nutrients with XRF sensors: Towards a versatile analysis tool for soil condition assessment,Hudson Wallace Pereira de Carvalho; José Lavres Junior,E+T,E+T,automatic
W4388011972,Combined effects of Limonene and Ivermectin on P-glycoprotein-9 gene expression of lambs Infected with Haemonchus contortus,Helder Louvandini,P+T,P+T,automatic
W4388035147,Can herbicides of different mode of action cause injury symptoms in non-herbicide-tolerant young soybean due to simulated drift?,Kassio Ferreira Mendes,P+E+T,P+E+T,automatic
W4388129289,Domestication of the Amazonian fruit tree cupuaçu may have stretched over the past 8000 years,Antonio Vargas de Oliveira Figueira,P+E+T,P+E+T,automatic
W4388194184,"Early and long-distance uptake by Eucalyptus grandis of N, K and Ca tracers injected down to a depth of 7 m",Cassio Hamilton Abreu Junior; Paulo César Ocheuze Trivelin,P+E+T,P+E+T,automatic
W4388197267,Lime and copper plus zinc fertilization to eucalyptus: consequences for metallic micronutrient status and eucalyptus growth,José Lavres Junior,P+E+T,P+E+T,automatic
W4388248459,Special issue: Advances in green analytical chemistry,Fabio Rodrigo Piovezani Rocha,T,T,automatic
W4388333576,Tithonia diversifolia Improves In Vitro Rumen Microbial Synthesis of Sheep Diets without Changes in Total Gas and Methane Production,Adibe Luiz Abdalla; Helder Louvandini,P+E+T,P+E+T,automatic
W4388377580,Tree hydrological niche acclimation through ontogeny in a seasonal Amazon forest,Plínio Barbosa de Camargo,E,E,automatic
W4388499650,The process of domestication shapes the plant growth-promoting bacteria community in the rhizosphere of lima bean (Phaseolus lunatus),Lucas William Mendes,P+E+T,P+E+T,automatic
W4388510370,"Desorption kinetic and sequential extraction of Pb and Zn in a contaminated soil amended with phosphate, lime, biochar, and biosolids",Hudson Wallace Pereira de Carvalho,E+T,E+T,automatic
W4388549899,STABLE ISOTOPES AND MERCURY AS TOOLS TO DEPICT AQUATIC FOOD WEBS,Luiz Antonio Martinelli,P+E+T,P+E+T,automatic
W4388569520,Responses of bacterial and archaeal communities to nitrogen fertilization in a compost-amended soil,Lucas William Mendes,P+E+T,P+E+T,automatic
W4388687483,Canavalia ensiformis enhances the phytoremediation of remineralized and sulfentrazone-contaminated tropical soils,Kassio Ferreira Mendes,P+E+T,P+E+T,automatic
W4388741769,Filming a hidden resource: The soil in the seventh art narrative,Cassio Hamilton Abreu Junior,P+E+T,P+E+T,automatic
W4388775318,Exploration of Eco-Friendly Hydrochar’s Potential in Advanced Oxidative Processes for Dicamba Degradation within a Circular Bio-Economy Framework,Kassio Ferreira Mendes,P+E+T,P+E+T,automatic
W4388793321,Influence of intensive cropping of vegetables on physical and hydraulic properties and functions of an Oxisol in the Brazilian Cerrado,Rafael Silva Santos; Thaís Nascimento Pessoa,E,E,automatic
W4388796197,"Plant Extracts for the Control of Sitophilus zeamais (Motschulsky, 1895) (Coleoptera: Curculionidae)",Valter Arthur,P+E+T,P+E+T,automatic
W4388820977,"Holocene limnological changes in saline and freshwater lakes, Lower Nhecolândia, Pantanal, Brazil",Luiz Carlos Ruiz Pessenda; Hudson Wallace Pereira de Carvalho,E+T,E+T,automatic
W4388839596,Long-term variability of the western tropical Atlantic sea surface temperature driven by greenhouse gases and AMOC,Marília Campos,E+T,E+T,automatic
W4388845251,Phosphonate consumers potentially contributing to methane production in Brazilian soda lakes,Marli de Fatima Fiore; Plínio Barbosa de Camargo; Tsai Siu Mui,P+E+T,P+E+T,automatic
W4388883789,Climate-growth relation and isotopic △13carbon responses of field-grown Pinus caribaea var. hondurensis and Pinus taeda to nutrient availability,José Lavres Junior,E+T,E+T,automatic
W4388912481,Cucumber Bioassay and HPLC Analysis to Detect Diuron Residues in Remineralized Soils Following Canavalia ensiformis Cultivation as a Phytoremediator,Kassio Ferreira Mendes,P+E+T,P+E+T,automatic
W4388968168,Automatic classification of parasitized fruit fly pupae from X-ray images by convolutional neural networks,Thiago de Araújo Mastrangelo,P+E+T,P+E+T,automatic
W4388991436,Optimizing foliar N‐fertilization in sugarcane depends on plant genotype and nitrogen concentration,Francisco Scaglia Linhares; Paulo César Ocheuze Trivelin,P+E+T,P+E+T,automatic
W4389045010,Tolerance of Brazilian Bean Cultivars to S-Metolachlor and Poaceae Weed Control in Two Agricultural Soils,Kassio Ferreira Mendes,P+E+T,P+E+T,automatic
W4389056741,"Nitrogen Fertilization Boosts Maize Grain Yield, Forage Quality, and Estimated Meat Production in Maize–Forage Intercropping",Eduardo Mariano,P+E+T,P+E+T,automatic
W4389143737,"Increasing complexity of agroforestry systems benefits nutrient cycling and mineral-associated organic carbon storage, in south-eastern Brazil",Maria Victoria Ramos Ballester,E+T,E+T,automatic
W4389203578,Osmotic Stress Alleviation in Saccharomyces cerevisiae for High Ethanol Fermentations with Different Wort Substrates,Valter Arthur,P+T,P+T,automatic
W4389203925,Identification and functional characterization of the sugarcane (Saccharum spp.) AMT2-type ammonium transporter ScAMT3;3 revealed a presumed role in shoot ammonium remobilization,Antonio Vargas de Oliveira Figueira,P+T,P+T,automatic
W4389219382,Intra-annual stable isotopes in the tree rings of Hymenaea courbaril as a proxy for hydroclimate variations in southern Amazonia,Giuliano Maselli Locosselli,E+T,E+T,automatic
W4389247892,Gamma Irradiation of Plukenetia volubilis L. Seeds Promotes Several Changes during Its Germination and Vegetative Growth,Thiago de Araújo Mastrangelo,P,P,automatic
W4389317571,Multifunctional polyetheramine–epoxide gels and their prospective applications in health and agriculture,Hudson Wallace Pereira de Carvalho,P+E+T,P+E+T,automatic
W4389338882,Repeated exposure of wheat to the fungal root pathogen Bipolaris sorokiniana modulates rhizosphere microbiome assembly and disease suppressiveness,Lucas William Mendes,P,P,automatic
W4389379566,Identifying agroforestry characteristics for enhanced nutrient cycling potential in Brazil,Maria Victoria Ramos Ballester,E,E,automatic
W4389462721,"16 Stillbirth, gestation length, and birth weights from Jersey calves originated from artificial insemination vs in vitro embryo transfer",Deoclecio Jardim Amorim,P+E+T,P+E+T,automatic
W4389511915,From desertification to restoration in the Brazilian semiarid region: Unveiling the potential of land restoration on soil microbial properties,Lucas William Mendes,P+E,P+E,automatic
W4389637776,Greenhouse gas and ammonia emissions from a maize-soybean rotation under no-till as affected by intercropping with forage grass and nitrogen fertilization,Eduardo Mariano,P+E+T,P+E+T,automatic
W4389669340,Biological Characterisation of Hailstones from Two Storms in South Brazil,Mauricio Cruz Mantoani,P+E+T,P+E+T,automatic
W4389915570,Lipid supplementation with macadamia by-product reduces methane emissions by sheep,Adibe Luiz Abdalla,P+E+T,P+E+T,automatic
W4389936371,Selected cachaça yeast strains share a genomic profile related to traits relevant to industrial fermentation processes,Diego Mauricio Riaño Pachón,P+T,P+T,automatic
W4389955500,"Predicting tree failure to define roles and guidelines in risk management, a case study in São Paulo / Brazil",Giuliano Maselli Locosselli,E+T,E+T,automatic
W4390004973,A convective heated digestion system with closed vessels: a new digestor for elemental inorganic analysis,Alex Virgilio,T,T,automatic
W4390063524,The interplay between Azospirillum brasilense and the native bacterial communities in the soil and rhizosphere of maize (Zea mays L.),Lucas William Mendes,P+E+T,P+E+T,automatic
W4390095057,Enzymatic stoichiometry in degraded soils after two decades of restoration in a Brazilian semiarid region,Lucas William Mendes,E+T,E+T,automatic
W4390298768,"Micronúcleos e anomalias nucleares em peixes como biomarcadores de citotoxicidade e genotoxicidade da radiação gama, cromo 51, em ambiente aquático",Adibe Luiz Abdalla,P+E+T,P+E+T,automatic
W4390638007,Global gene expression profile and functional analysis reveal the conservation of reproduction-associated gene networks in Gossypium hirsutum,Adriana Pinheiro Martinelli,P,P,automatic
W4390863567,Impacts of cyanobacterial metabolites on fish: Socioeconomic and environmental considerations,Ernani Pinto Junior,P+E+T,P+E+T,automatic
W4390954842,Application of cyanobacteria in radioactive waste,Marli de Fatima Fiore,P+E+T,P+E+T,automatic
W4391064363,Gestão do resíduo do açaí (Euterpe oleracea): mapeamento da produção científica de 2011 a 2021,Plínio Barbosa de Camargo,P+E+T,P+E+T,automatic
W4391091393,"Obtenção da intensidade das chuvas a partir de dados pluviométricos coletados numa estação automatizada: o caso de Piracicaba, SP",Quirijn de Jong van Lier,E+T,E+T,automatic
W4391177797,"Exploring AMH levels, homeostasis parameters, and ovarian primordial follicle activation in pubertal infected sheep on a high-protein diet",Helder Louvandini,P+T,P+T,automatic
W4391286457,Application of silicate changes the network complexity of plant growth-promoting rhizobacteria in the rhizosphere of sugarcane genotypes,Lucas William Mendes,P+E+T,P+E+T,automatic
W4391353114,Soil microbial diversity plays an important role in resisting and restoring degraded ecosystems,Lucas William Mendes,P+E,P+E,automatic
W4391369496,Herbicide resistance status of sourgrass,Kassio Ferreira Mendes,P+E+T,P+E+T,automatic
W4391430053,Assessing Ionizing Radiation and Chlorine Dioxide (ClO2) as Potential Aseptization Treatments for Yeast Recycling on Mixed Wort of Corn and Sugarcane in Brazil,Valter Arthur,P+E+T,P+E+T,automatic
W4391451534,The pros and cons of axenic cultures in cyanobacterial research,Marli de Fatima Fiore,P+E+T,P+E+T,automatic
W4391515275,Exploiting multi-signal calibration to circumvent matrix effects in flow injection analysis,Samara Soares; Fabio Rodrigo Piovezani Rocha,T,T,automatic
W4391612221,Nitrogen fertilization regulates crosstalk between marandu palisadegrass and Herbaspirillum seropedicae: An investigation based on 15N isotopic analysis and root morphology,José Lavres Junior,P+E+T,P+E+T,automatic
W4391616039,Genomic Insights into the Taxonomy and Metabolism of the Cyanobacterium Pannus brasiliensis CCIBt3594,Marli de Fatima Fiore,P+E,P+E,automatic
W4391617520,"Urban heat mitigation by green and blue infrastructure: Drivers, effectiveness, and future needs",Giuliano Maselli Locosselli,P+E+T,P+E+T,automatic
W4391682520,Stochastic analysis of plant available water estimates and soil water balance components simulated by a hydrological model,Quirijn de Jong van Lier,E,E,automatic
W4391722815,Human influence on the distribution of cacao: insights from remote sensing and biogeography,Antonio Vargas de Oliveira Figueira,P+E+T,P+E+T,automatic
W4391787742,Fast multispectral imaging analysis as phenotyping platform: Effect of titanium dioxide nanoparticles on microalgae physiology,Flavia Vischi Winck,P+E+T,P+E+T,automatic
W4391807580,Plant diversity and root traits shape rhizosphere microbial communities in natural grasslands and cultivated pastures,Lucas William Mendes,P+E+T,P+E+T,automatic
W4391841382,"Genomic insights of Fictibacillus terranigra sp. nov., a versatile metabolic bacterium from Amazonian Dark Earths",Lucas William Mendes; Tsai Siu Mui,P+E+T,P+E+T,automatic
W4391878654,Soil fertility impact on recruitment and diversity of the soil microbiome in sub-humid tropical pastures in Northeastern Brazil,Lucas William Mendes,P+E+T,P+E+T,automatic
W4391958041,A review of organic and inorganic amendments to treat saline-sodic soils: Emphasis on waste valorization for a circular economy approach,Hudson Wallace Pereira de Carvalho,P+E+T,P+E+T,automatic
W4391972127,Draft genome sequences of 13 putatively novel Haemophilus species and strains assembled from human saliva,Tsai Siu Mui,P,P,automatic
W4392010798,Carbon and nitrogen stock in soils of subtropical urban forests: Isotopic δ13C and δ15N indicators for nature-based solutions in a megacity,Plínio Barbosa de Camargo,E+T,E+T,automatic
W4392028987,Salt-assisted liquid-liquid extraction and on-column concentration for chromatographic determination of phenolic compounds in beer,Fabio Rodrigo Piovezani Rocha,P+T,P+T,automatic
W4392058424,Modified technique for recovery of nematode infective larvae in different grass genera,Adibe Luiz Abdalla,P+E+T,P+E+T,automatic
W4392106580,"Integrated Ca, Mg, Cu, and Zn supply upregulates leaf anatomy and metabolic adjustments in Eucalyptus seedlings",Francisco Scaglia Linhares; José Lavres Junior,P+E+T,P+E+T,automatic
W4392109218,Accurate identification of Helicoverpa armigera–Helicoverpa zea hybrids using genome admixture analysis: implications for genomic surveillance,Thiago de Araújo Mastrangelo,P+T,P+T,automatic
W4392139351,"Food web structure of fish communities of Doce River, 5 years after the Fundão dam failure",Marcelo Zacharias Moreira,E,E,automatic
W4392282245,Biological nitrogen fixation in young and old tropical forests under five contrasting edaphoclimatic conditions,Plínio Barbosa de Camargo,P+E+T,P+E+T,automatic
W4392359874,Effects of pasture intensification and sugarcane cultivation on non-target species: A realistic evaluation in pesticide-contaminated mesocosms,Luiz Antonio Martinelli,P+E+T,P+E+T,automatic
W4392631329,Income Analysis Of Coffee Farmers In The Albizia Forest Area Based On Agroforestry,Lucas William Mendes,P+E+T,P+E+T,automatic
W4392717316,Unravelling the fate of foliar-applied nickel in soybean: a comprehensive investigation,José Lavres Junior,P+E+T,P+E+T,automatic
W4392886207,Land-use patterns and fungal bioaerosols in the Brazilian Atlantic Forest biome,Mauricio Cruz Mantoani,P+E,P+E,automatic
W4393006280,Soil Quality Evaluation in Mono and Mixed Eucalypt Plantation,Lucas William Mendes,P+E+T,P+E+T,automatic
W4393035283,Short-term restoration practices change the bacterial community in degraded soil from the Brazilian semiarid,Lucas William Mendes,P+E,P+E,automatic
W4393100479,Temporal evaluation of soil chemical quality using VNIR and XRF spectroscopies,Hudson Wallace Pereira de Carvalho,E+T,E+T,automatic
W4393108908,Spatializing soil elemental concentration as measured by X-ray fluorescence analysis using remote sensing data,Hudson Wallace Pereira de Carvalho,E+T,E+T,automatic
W4393235524,Yellow Nutsedge (Cyperus esculentus L.) as an Agricultural Crop in Brazil: Tuber Dormancy Breaking,Kassio Ferreira Mendes,P+E+T,P+E+T,automatic
W4393306688,The interplay between the inoculation of plant growth-promoting rhizobacteria and the rhizosphere microbiome and their impact on plant phenotype,Lucas William Mendes; Tsai Siu Mui,P+E+T,P+E+T,automatic
W4393386880,An In-House X-ray Fluorescence Spectrometer Development for In Vivo Analysis of Plants,Hudson Wallace Pereira de Carvalho; José Lavres Junior,P+T,P+T,automatic
W4393387720,Electron Beam on Fermentation Medium as an Alternative Disinfection Method for Ethanol Distilleries: A Comprehensive Review,Valter Arthur,P+E+T,P+E+T,automatic
W4393430788,Superior bioavailability of the calcium salt form of β-hydroxy-β-methylbutyrate compared with the free acid form,Ernani Pinto Junior,P+E+T,P+E+T,automatic
W4393859719,Phosphorus Dynamics in Stressed Soil Systems: Is There a Chemical and Biological Compensating Effect?,Hudson Wallace Pereira de Carvalho,P+E+T,P+E+T,automatic
W4393905375,Endophytic Aspergillii and Penicillii from medicinal plants: a focus on antimicrobial and multidrug resistant pathogens inhibitory activity,Lucas William Mendes,P+T,P+T,automatic
W4393945202,"Biochar obtained from eucalyptus, rice hull, and native bamboo as an alternative to decrease mobility of hexazinone, metribuzin, and quinclorac in a tropical soil",Kassio Ferreira Mendes,P+E+T,P+E+T,automatic
W4394008834,Hurricanes are limiting the mangrove canopy heights in the Gulf of Mexico,Luiz Carlos Ruiz Pessenda,P+E+T,P+E+T,automatic
W4394060345,Soil management shapes bacterial and archaeal communities in soybean rhizosphere: Comparison of no-tillage and integrated crop-livestock systems,Lucas William Mendes,P+E+T,P+E+T,automatic
W4394096560,Estimating lateral flow in double ring infiltrometer measurements,Quirijn de Jong van Lier,E+T,E+T,automatic
W4394145894,Physiological and hematological parameters of sheep reared in the tropics and subtropics,Helder Louvandini,P+E+T,P+E+T,automatic
W4394305789,"Trichostrongylus colubriformis infection in Santa Inês lambs: impact on feed digestibility, blood markers, and nitrogen balance",Adibe Luiz Abdalla; Helder Louvandini,P+E+T,P+E+T,automatic
W4394401783,Effect of alternate and simultaneous grazing on endoparasite infection in sheep and cattle,Helder Louvandini,P+E+T,P+E+T,automatic
W4394558568,Temporal and spatial patterns in the detection of veterinary drug residues in poultry and swine in Brazil,Helder Louvandini,P+E+T,P+E+T,automatic
W4394600268,"Crop, livestock, and forestry integration to reconcile soil health, food production, and climate change mitigation in the Brazilian Cerrado: A review",Rafael Silva Santos,E,E,automatic
W4394602282,Greener Route for Recovery of High-Purity Lanthanides from the Waste of Nickel Metal Hydride Battery Using a Hydrophobic Deep Eutectic Solvent,Fabio Rodrigo Piovezani Rocha,T,T,automatic
W4394724436,Impact of nitrogen fertilizer sustainability on corn crop yield: the role of beneficial microbial inoculation interactions,José Lavres Junior,P+E+T,P+E+T,automatic
W4394823896,Redox conditions and biochar pyrolysis temperature affecting As and Pb biogeochemical cycles and bacterial community of sediment from mining tailings,Lucas William Mendes,P+E+T,P+E+T,automatic
W4394857986,Gamma irradiation was able to degrade the glyphosate and aminomethylphosphonic acid (AMPA) from drinking water analyzed by LC-MS/MS,Kassio Ferreira Mendes,P+E+T,P+E+T,automatic
W4394872117,Low zinc availability limits the response to phosphorus fertilization in cotton,José Lavres Junior,P+E+T,P+E+T,automatic
W4394873801,How does active yeast supplementation reduce the deleterious effects of aflatoxins in Wistar rats? A radiolabeled assay and histopathological study,Adibe Luiz Abdalla,P+T,P+T,automatic
W4394928790,Do hurricanes or freezing events regulate the sustainability of subtropical mangroves on the Gulf of Mexico coast?,Luiz Carlos Ruiz Pessenda,P+E+T,P+E+T,automatic
W4394984977,Enhancing plant resilience to pathogens through strategic breeding: Harnessing beneficial bacteria from the rhizosphere for progeny protection,Lucas William Mendes,P+E,P+E,automatic
W4395005150,Stable isotopic composition of Bothrops atrox (common lancehead) in four distinct land covers in eastern Amazonia,Luiz Antonio Martinelli; Maria Gabriella da Silva Araújo; Plínio Barbosa de Camargo,E+T,E+T,automatic
W4395465925,"Growth and carbon turnover of Piaractus mesopotamicus Holmberg, 1887 (Osteicthyes: Characidae): contribution of extruded feed and natural food",Luiz Antonio Martinelli,P+E+T,P+E+T,automatic
W4395958841,Cyanopeptides occurrence and diversity in a Brazilian tropical reservoir: Exploring relationships with water quality,Ernani Pinto Junior,P+E+T,P+E+T,automatic
W4396238528,New records on toxic cyanobacteria from Brazil: Exploring their occurrence and geography,Ernani Pinto Junior,P+E+T,P+E+T,automatic
W4396569172,"Vadose Zone Journal Special Section: Soil physics in agricultural production, water resources, and waste management",Quirijn de Jong van Lier,P+E+T,P+E+T,automatic
W4396746192,A study on nickel application methods for optimizing soybean growth,Francisco Scaglia Linhares; José Lavres Junior,P+E+T,P+E+T,automatic
W4396835858,Stress-tolerant trees for resilient cities: Tree-ring analysis reveals species suitable for a future climate,Giuliano Maselli Locosselli,P+E+T,P+E+T,automatic
W4396920622,Grazing exclusion-induced changes in soil fungal communities in a highly desertified Brazilian dryland,Lucas William Mendes,P+E,P+E,automatic
W4396999483,SWAP 50 years: Advances in modelling soil-water-atmosphere-plant interactions,Quirijn de Jong van Lier,E+T,E+T,automatic
W4398190546,Contrasting carbon cycle responses to dry (2015 El Niño) and wet (2008 La Niña) extreme events at an Amazon tropical forest,Plínio Barbosa de Camargo,E,E,automatic
W4398250089,PGPg_finder: A comprehensive and user-friendly pipeline for identifying plant growth-promoting genes in genomic and metagenomic data,Lucas William Mendes,P+E,P+E,automatic
W4398254464,"Unveiling the aluminum tolerance by Tithonia diversifolia grown in acid soil: Insights from morphological, anatomical, and nutritional analysis",Adibe Luiz Abdalla; Adriana Pinheiro Martinelli; Helder Louvandini; José Lavres Junior,P+E+T,P+E+T,automatic
W4399021811,Assessing nutritional quality and gas production kinetics: incorporating Tithonia diversifolia into sugarcane silage,Adibe Luiz Abdalla,P+E+T,P+E+T,automatic
W4399212333,Systems biology: from the fundamentals of complexity to applications in plant biology,Flavia Vischi Winck,P+E+T,P+E+T,automatic
W4399258728,"Lethal and behavioral effects of semi-purified microcystins, Micropeptin and apolar compounds from cyanobacteria on freshwater microcrustacean Thamnocephalus platyurus",Ernani Pinto Junior,P+E+T,P+E+T,automatic
W4399271698,Interaction between methanotrophy and gastrointestinal nematodes infection on the rumen microbiome of lambs,Adibe Luiz Abdalla; Helder Louvandini; Lucas William Mendes,P,P,automatic
W4399280792,The double-edged sword of potassium and sodium fertilization in xylem embolism resistance of two Eucalyptus species under drought stress,José Lavres Junior,P+E+T,P+E+T,automatic
W4399290630,Greenhouse gas fluxes in brazilian climate-smart agricultural and livestock systems: A systematic and critical overview,Plínio Barbosa de Camargo; Tsai Siu Mui,E,E,automatic
W4399327018,Bacterial genomes recovered from litter’s metagenomes in Amazonian Dark Earths,Tsai Siu Mui,P+E+T,P+E+T,automatic
W4399330470,Pollen morphology and reproductive biology of Calophyllum brasiliense Cambess. (Calophyllaceae),Adriana Pinheiro Martinelli,P+E,P+E,automatic
W4399401237,Genomic decoding of Theobroma grandiflorum (cupuassu) at chromosomal scale: evolutionary insights for horticultural innovation,Antonio Vargas de Oliveira Figueira,P,P,automatic
W4399463946,Interactive Effects of Bacterial Consortia and Basal Nitrogen Fertilization on Initial Maize Growth: an Investigation Based on Physiological Parameters and 15N Isotopic Analysis,José Lavres Junior,P+E+T,P+E+T,automatic
W4399490745,Agronomic Biofortification Increases Concentrations of Zinc and Storage Proteins in Cowpea Grains,José Lavres Junior,P+E+T,P+E+T,automatic
W4399576971,A single-step microdistillation procedure for the determination of total vicinal diketones in beers,Fabio Rodrigo Piovezani Rocha,P+T,P+T,automatic
W4399661757,Understanding the complexities in glyphosate and ametryn interactions: Soil retention and transformation as influenced by their applications alone and mixture,Kassio Ferreira Mendes; Valdemar Luiz Tornisielo,P+E+T,P+E+T,automatic
W4399675250,The impact of land-use changes and management intensification on bacterial communities in the last decade: a review,Lucas William Mendes,P+E,P+E,automatic
W4399761609,"Body size predicts ontogenetic nitrogen stable-isotope (δ15N) variation, but has little relationship with trophic level in ectotherm vertebrate predators",Plínio Barbosa de Camargo,P+E+T,P+E+T,automatic
W4399782906,Facilitating Seed Iron Uptake through Amine-Epoxide Microgels: A Novel Approach to Enhance Cucumber ( Cucumis sativus ) Germination,Hudson Wallace Pereira de Carvalho,P+E+T,P+E+T,automatic
W4399786887,Ecological transcriptomics reveals stress response pathways of a ground‐herb species in a waterlogging gradient of Amazonian riparian forests,Diego Mauricio Riaño Pachón,P+E,P+E,automatic
W4399922247,What is the most effective analytical method for quantification and identification of microplastics in contaminated soils?,Kassio Ferreira Mendes,E+T,E+T,automatic
W4400085057,Ruminant Grazing Lands in the Tropics: Silvopastoral Systems and Tithonia diversifolia as Tools with Potential to Promote Sustainability,Adibe Luiz Abdalla; Helder Louvandini,P+E+T,P+E+T,automatic
W4400102275,Fine root production and decomposition of integrated plants under intensified farming systems in Brazil,Plínio Barbosa de Camargo,P+E+T,P+E+T,automatic
W4400267969,Simulating adaptive grazing management on soil organic carbon in the Southeast U.S.A. using MEMS 2,Rafael Silva Santos,E+T,E+T,automatic
W4400294546,Pre-emergence herbicides mixture in soybeans:Amaranthus hybriduscontrol and crop selectivity on cover crops soil,Kassio Ferreira Mendes,P+E+T,P+E+T,automatic
W4400347889,The importance of model structure and soil data detail on the simulations of crop growth and water use: A case study for sugarcane,Quirijn de Jong van Lier,P+E+T,P+E+T,automatic
W4400460142,The role of microbial communities in biogeochemical cycles and greenhouse gas emissions within tropical soda lakes,Lucas William Mendes; Marli de Fatima Fiore; Plínio Barbosa de Camargo; Tsai Siu Mui,P+E+T,P+E+T,automatic
W4400475773,How can the inflection point of the water retention curve and the soil physical attributes be used to forecast field capacity?1,Cassio Hamilton Abreu Junior,E+T,E+T,automatic
W4400572148,Clay mineral composition drives soil structure behavior and the associated physical properties in Brazilian Oxisols,Thaís Nascimento Pessoa,E+T,E+T,automatic
W4400580503,Development and characterization of enhanced urea through micronutrients and established technology addition,Hudson Wallace Pereira de Carvalho; José Lavres Junior,P+E+T,P+E+T,automatic
W4400620897,Profile of mineral nutrients and proteins in soybean seeds (Glycine max (L.) Merrill): Insights from 95 varieties cultivated in Brazil,Hudson Wallace Pereira de Carvalho,P+E+T,P+E+T,automatic
W4400668243,Exploring the biodiversity of Antarctic cyanobacteria: A review of secondary metabolites and their applications,Ernani Pinto Junior,P+E+T,P+E+T,automatic
W4400734788,Methane-cycling microbial communities from Amazon floodplains and upland forests respond differently to simulated climate change scenarios,Lucas William Mendes; Marcelo Zacharias Moreira; Tsai Siu Mui,P+E,P+E,automatic
W4400803994,Organic matter decay and bacterial community succession in mangroves under simulated climate change scenarios,Tsai Siu Mui,P+E+T,P+E+T,automatic
W4400807284,Root Influences Rhizosphere Hydraulic Properties through Soil Organic Carbon and Microbial Activity,Thaís Nascimento Pessoa,P+E+T,P+E+T,automatic
W4400939702,"Lime, gypsum, and nitrogen as drivers to increase the abundance of soil fungi and N-cycling microorganisms in integrated agricultural systems",Eduardo Mariano,P+E+T,P+E+T,automatic
W4400948324,NUTRITIONAL VALUE AND IN VITRO DRY MATTER DEGRADABILITY IN MEXICAN SUNFLOWER: Tithonia diversifolia Helms (Gray),Adibe Luiz Abdalla,P+E+T,P+E+T,automatic
W4401013560,Açai seed biochar improves soil quality and black pepper seedling development in the Amazon region,Cassio Hamilton Abreu Junior,P+E+T,P+E+T,automatic
W4401097597,Hydro-pedotransfer functions: a roadmap for future development,Quirijn de Jong van Lier,E,E,automatic
W4401132942,Canopy-Radiation Balance Method to Assess Daily Actual Evapotranspiration: Applications in Brazil’s Caatinga Forest,Quirijn de Jong van Lier,E,E,automatic
W4401157203,The structural nature of Passiflora organensis Gardner leaf variegation,Adriana Pinheiro Martinelli,P+T,P+T,automatic
W4401392393,Unlocking Biological Activity and Metabolomics Insights: Primary Screening of Cyanobacterial Biomass from a Tropical Reservoir,Ernani Pinto Junior,P+E+T,P+E+T,automatic
W4401411802,Phosphorus cycling from residual pools underlying efficient P fertilization in rotation systems in tropical agriculture,Hudson Wallace Pereira de Carvalho,E+T,E+T,automatic
W4401504685,Carbon stocks in Planosols along a rainfall gradient in Northeast Brazil,Plínio Barbosa de Camargo,E,E,automatic
W4401525071,Relevant insights and concepts overlooked throughout the development of flow analysis. A tutorial,Elias Ayres Guidetti Zagatto,E+T,E+T,automatic
W4401533122,"Understanding the effects of lithium exposure on castor bean (Ricinus communis) plants, a potential bioindicator of lithium-contaminated areas",Hudson Wallace Pereira de Carvalho,P+E+T,P+E+T,automatic
W4401545567,Differential recruitment of plant growth-promoting bacteria community by soybean rhizosphere in no-tillage and integrated crop-livestock,Lucas William Mendes,P+E+T,P+E+T,automatic
W4401586709,Biodiversity and community structures of fungi and bacteria in soils under a crop-livestock integration system,Lucas William Mendes,P+E+T,P+E+T,automatic
W4401667982,Monitoring and assessment in the context of governance of nature-based solutions. Shared challenges and opportunities in CELAC and EU cities,Giuliano Maselli Locosselli,E+T,E+T,automatic
W4401761836,Influence of soil properties on 14C-Saflufenacil behavior: Sorption and mobility study,Kassio Ferreira Mendes,E+T,E+T,automatic
W4401802565,Looking for the needle in the haystack: bioluminescence and culture media as a combined approached to evaluate microbial load in ICUs of a Brazilian megalopolis,Mauricio Cruz Mantoani,P+E+T,P+E+T,automatic
W4401825188,The Leaching Potential and Recovery of 15-N-Fertilizer by Sugarcane Cultivated in Sandy Soil,Paulo César Ocheuze Trivelin,P+E+T,P+E+T,automatic
W4401836861,To improve estimates of neotropical forest carbon stocks more direct measurements are needed: An example from the Southwestern Amazon,Plínio Barbosa de Camargo,E,E,automatic
W4401843347,Chronology of colonization of the nematophagous fungus Duddingtonia flagrans in sheep pastures,Adibe Luiz Abdalla,P+E+T,P+E+T,automatic
W4401851204,Does the inclusion of crop and forestry components in forage‐based systems affect the ruminal fermentation and methane production of Marandu palisadegrass?,Adibe Luiz Abdalla,P+E+T,P+E+T,automatic
W4401914232,The effect of substrate concentration on the methane-driven interaction network,Lucas William Mendes,P+E+T,P+E+T,automatic
W4401931038,Evaluation of physicochemical parameters as indicators of diesel adulteration,Valter Arthur,E+T,E+T,automatic
W4402080173,Immunohistochemistry analyses of the abomasal mucosa show differences in cellular-mediated immune responses to Haemonchus contortus infection in resistant and susceptible young lambs,Helder Louvandini,P,P,automatic
W4402131077,The use of infrared thermography as an indicator of methane production in hair sheep,Adibe Luiz Abdalla; Helder Louvandini,P+E+T,P+E+T,automatic
W4402204183,Response of melon accessions to doses of Co60 gamma rays and their effects on the morphology of the M1 generation,Augusto Tulmann Neto,P+T,P+T,automatic
W4402347825,Neutron activation analysis for development of organic coffee leaves reference material,Elisabete Aparecida De Nadai Fernandes,T,T,automatic
W4402536981,Glyphosate isolado e em associação com herbicida para o controle e seletividade de plantas daninhas na cultura do algodão RF,Kassio Ferreira Mendes,P+E+T,P+E+T,automatic
W4402541268,"PSXI-13 Effects of corn containing gene for high concentration of alpha amylase (Enogen Feed corn) on fermentative parameters, digestibility and methane in vitro",Adibe Luiz Abdalla,P+E+T,P+E+T,automatic
W4402541735,"PSXI-12 Effects of Flint corn with or without high concentration of amylase and particle size on in vitro fermentation parameters, gas production and methane emission",Adibe Luiz Abdalla,P+E+T,P+E+T,automatic
W4402541740,PSXI-14 Effects of diets with high and low inclusion of corn with or without high concentration of amylase on in vitro fermentative parameters and gas production,Adibe Luiz Abdalla,P+E+T,P+E+T,automatic
W4402564883,In situ determination of soybean leaves nutritional status by portable X-ray fluorescence: An initial approach for data collection and predictive modelling,Hudson Wallace Pereira de Carvalho,P+T,P+T,automatic
W4402592357,Characterization of indoor airborne particulate matter and bioaerosols in wood-fired pizzeria kitchens,Mauricio Cruz Mantoani,P+E+T,P+E+T,automatic
W4402627271,Potential functional profiling of soil microbial communities under long-term application of tannery sludge,Lucas William Mendes,P+E+T,P+E+T,automatic
W4402649950,Do XRF local models have temporal stability for predicting plant-available nutrients in different years? A long-term study showing the effect of soil fertility management in a tropical field,Hudson Wallace Pereira de Carvalho; José Lavres Junior,P+E+T,P+E+T,automatic
W4402664745,Fermentation and Nutritive Value of Pineapple Stubble Silage Supplemented with Leucaena Hay,Adibe Luiz Abdalla,P+E+T,P+E+T,automatic
W4402687028,Effects of anticoagulants time storage on stable isotope values of crocodilians’ blood tissues,Plínio Barbosa de Camargo,P+E+T,P+E+T,automatic
W4402736920,"Hohenbergia alba and Hohenbergia sparsiflora, two striking new bromeliads from the Brazilian Atlantic Forest",Adriana Pinheiro Martinelli,P+E+T,P+E+T,automatic
W4402747013,Association of NBPT and Zinc Sources into Urea: A New Approach to Slow Down Nitrogen Releasing and Reduce Losses,Hudson Wallace Pereira de Carvalho; José Lavres Junior,P+E+T,P+E+T,automatic
W4402758024,Elemental profile of Ipê species to support timber tracing in Amazon Rainforest,Elisabete Aparecida De Nadai Fernandes,E+T,E+T,automatic
W4402970091,Influence of livelihood functional diversity on agro-food systems in rural communities from different macro regions of Brazil,Luiz Antonio Martinelli,P+E+T,P+E+T,automatic
W4403115901,Integrated instrumental setup comprising an automatic solution handling module and homemade luminometer with two photodetectors for the determination of antioxidants in wines,Boaventura Freire dos Reis,T,T,automatic
W4403134441,"First report of infestation by Planococcus citri (Risso, 1813) (Hemiptera: Pseudococcidae) on Cyperus esculentus (Poales: Cyperaceae)",Kassio Ferreira Mendes,P+E+T,P+E+T,automatic
W4403255371,Caatinga Microbiome Initiative: disentangling the soil microbiome across areas under desertification and restoration in the Brazilian drylands,Lucas William Mendes,P+E,P+E,automatic
W4403439306,Raw feedstock vs. biochar from olive stone: Impact on the sorption–desorption of diclosulam and tropical soil improvement,Kassio Ferreira Mendes,P+E+T,P+E+T,automatic
W4403634051,Geographic variability of carbon and nitrogen isotope ratios of nonvolant terrestrial small mammals (Rodentia) across 3 Brazilian biomes,Luiz Antonio Martinelli; Plínio Barbosa de Camargo,P+E+T,P+E+T,automatic
W4403663797,Bioinformatic insights into sugar signaling pathways in sugarcane growth,Diego Mauricio Riaño Pachón,P,P,automatic
W4403695639,Genetic variability increase by gamma irradiation of soybean seeds,Valter Arthur,P+T,P+T,automatic
W4403757927,Modeling soil organic matter changes under crop diversification strategies and climate change scenarios in the Brazilian Cerrado,Rafael Silva Santos,E,E,automatic
W4403765458,"VEGETABLE COVERAGE, ANTHROPOGENIC ACTION, AND PALEOCLIMATES IN THE CAATINGA",Luiz Carlos Ruiz Pessenda,P+E,P+E,automatic
W4403854929,"Carbon pools and microbial indicators in vineyard soils under organic and conventional fertilization in the São Francisco Valley, in a semi-arid tropical climate",Plínio Barbosa de Camargo,E+T,E+T,automatic
W4403877607,The phylogenetic relevance of pollen grain size in legumes: a study case with Adesmia DC. and relatives (Leguminosae – Papilionoideae – Dalbergieae – Adesmia Informal Clade),Adriana Pinheiro Martinelli,P+E+T,P+E+T,automatic
W4403908464,ÍNDICE DE RISCO AMBIENTAL DOS PRINCIPAIS HERBICIDAS UTILIZADOS NO ESTADO DE MATO GROSSO,Kassio Ferreira Mendes,P+E+T,P+E+T,automatic
W4403909105,Genetic resistance to Fusarium wilt shapes rhizospheric beneficial microbiota in four banana cultivars,Lucas William Mendes,P+E,P+E,automatic
W4403915428,Ozonation combined to BAC filtration for secondary effluent treatment containing moderate concentration of heavy metals,Valdemar Luiz Tornisielo,P+E+T,P+E+T,automatic
W4403922294,"Gamma ray irradiation on Swiss cheese estates ( Monstera adansonii ): growth, development, and variation",Kassio Ferreira Mendes,P+T,P+T,automatic
W4403935530,Differential effects of fresh and composted organic wastes on soil bacterial community and maize growth,Lucas William Mendes; Tsai Siu Mui,P+E+T,P+E+T,automatic
W4403984699,Weaker Atlantic overturning circulation increases the vulnerability of northern Amazon forests,Marília Campos,E,E,automatic
W4403999777,Unveiling contribution and fate of nitrogen with 15N techniques affected by microbial co-inoculation on field-grown maize: A novel approach to optimize N-fertilizer use efficiency,José Lavres Junior,P+E+T,P+E+T,automatic
W4404047810,Treating Tropical Soils with Composted Sewage Sludge Reduces the Mineral Fertilizer Requirements in Sugarcane Production,Cassio Hamilton Abreu Junior,P+E+T,P+E+T,automatic
W4404092093,Phytoremediation of microcystins using Myriophyllum aquaticum can prevent sublethal effects in a Neotropical freshwater catfish,Ernani Pinto Junior,P+E+T,P+E+T,automatic
W4404122363,Florida mangrove dieback on a decadal and centennial timescales,Luiz Carlos Ruiz Pessenda,P+E+T,P+E+T,automatic
W4404198264,Ultrasound technology supplements zinc in soybean seeds and increases the photosynthetic efficiency of seedlings,Valter Arthur; Hudson Wallace Pereira de Carvalho,P+T,P+T,automatic
W4404202996,"A comprehensive assessment of greenhouse gas emissions research in the Cerrado region, Brazil",Rafael Silva Santos,E+T,E+T,automatic
W4404277036,"Soil Dynamics in Carbon, Nitrogen, and Enzyme Activity Under Maize–Green Manure Cropping Sequences",Cassio Hamilton Abreu Junior,P+E+T,P+E+T,automatic
W4404314518,Mutation induction by gamma rays in clonal plantlets of Eucalyptus saligna and Eucalyptus dunnii: dose adjustment and application of repeated pruning,Augusto Tulmann Neto,P,P,automatic
W4404429995,Quality control material of bovine tail hair for multi-element analysis,Elisabete Aparecida De Nadai Fernandes,T,T,automatic
W4404517403,The effect of Tithonia diversifolia in a silvopastoral system with Urochloa brizantha cv. Xaraés,Adibe Luiz Abdalla; Helder Louvandini,P+E+T,P+E+T,automatic
W4404518686,Effects of sugarcane cultivation on the carbon dioxide dynamics of tropical headwater streams,Luiz Antonio Martinelli,E,E,automatic
W4404578039,Field dissipation and leaching potential of indaziflam in soil columns from coffee-cultivated areas with different soil cover materials,Kassio Ferreira Mendes,P+E+T,P+E+T,automatic
W4404629863,Forage ecology of Neotropical fish in Brazilian biomes using stable isotopes,Luiz Antonio Martinelli,E,E,automatic
W4404676267,Education of 21st century: A proposal of flipped classroom strategy to teach Soil Biology,Lucas William Mendes,P+E+T,P+E+T,automatic
W4404744319,Bridging the Python Training Gap for Bioscientists in Brazil: Improvements and Challenges,Diego Mauricio Riaño Pachón; Flavia Vischi Winck,P+E+T,P+E+T,automatic
W4404772858,Combined use of NBPT and micronutrients in granulated or coated urea: A new approach to reduce ammonia volatilization losses from soil,José Lavres Junior,P+E+T,P+E+T,automatic
W4404850926,A gist of current understanding about soil-plant boron nutritional status in eucalyptus: a bibliometric review,José Lavres Junior,P+E+T,P+E+T,automatic
W4404887560,Millennial- to centennial-scale Atlantic ITCZ swings during the penultimate deglaciation,Marília Campos,P+E+T,P+E+T,automatic
W4404890764,Breeding-induced changes in the rhizosphere microbial communities in Lima bean (Phaseolus lunatus),Lucas William Mendes,P+E+T,P+E+T,automatic
W4404919113,Using Morphological Characters to Support Decision-Making in Nature-Based Solutions: A Shortcut to Promote Urban Plant Biodiversity,Giuliano Maselli Locosselli,P+E+T,P+E+T,automatic
W4405142688,Slash-and-burn agriculture disrupts the carbon storage potential and ecosystem multifunctionality of Amazon's secondary forests,Plínio Barbosa de Camargo; Tsai Siu Mui,E,E,automatic
W4405280936,Disguised Blessings: A Mechanistic Understanding of the Beneficial Outcomes Triggered by Partial K Replacement With Na in Two Eucalyptus Species Under Drought Stress,Francisco Scaglia Linhares; José Lavres Junior,P+E+T,P+E+T,automatic
W4405500503,Does Microplastic Contamination in Agricultural Soils Decrease the Efficiency of Herbicides for Weed Control?,Kassio Ferreira Mendes,P+E+T,P+E+T,automatic
W4405514960,Non-native fishes occupy broader isotopic niche than native fishes in an impaired river system,Marcelo Zacharias Moreira,E,E,automatic
W4405532009,Flow-based determination of total mercury in waters by flameless atomic absorption spectrometry,Elias Ayres Guidetti Zagatto; Luiz Carlos Ruiz Pessenda,T,T,automatic
W4405534610,Determinação de mercúrio total em águas por espectrometria de absorção atômica sem chama baseada em fluxo,Elias Ayres Guidetti Zagatto; Luiz Carlos Ruiz Pessenda,T,T,automatic
W4405565163,Environmentally friendly procedure for determination of total furfurals in coffees exploiting digital image photometry,Samara Soares; Fabio Rodrigo Piovezani Rocha,P+T,P+T,automatic
W4405573689,Effect of chemical weed control in the soybean and maize production system in the floristic community in the Cerrado regions of central Minas Gerais state,Kassio Ferreira Mendes,P+E+T,P+E+T,automatic
W4405583117,Soil pH modulates the activity of low-affinity methane oxidation in soils from the Amazon region,Marcelo Zacharias Moreira; Tsai Siu Mui,P+E+T,P+E+T,automatic
W4405692026,Trophic ecology of a small characid reflects the degradation of a basin after the rupture of an ore tailings dam,Marcelo Zacharias Moreira,E+T,E+T,automatic
W4405736697,"Residual Effect of Silicate Agromineral Application on Soil Acidity, Mineral Availability, and Soybean Anatomy",Cassio Hamilton Abreu Junior,P+E+T,P+E+T,automatic
W4405821122,Balancing productivity and emissions: the role of Tithonia diversifolia in tropical silvopastoral system,Adibe Luiz Abdalla; Helder Louvandini,P+E+T,P+E+T,automatic
W4405898656,UNIVERSIDADE DE VOLTA A ESCOLA,Ernani Pinto Junior; Tsai Siu Mui,P+E+T,P+E+T,automatic
W4406037777,Nanobased Natural Polymers as a Carrier System for Glyphosate: An Interesting Approach Aimed at Sustainable Agriculture,Valdemar Luiz Tornisielo,P+E+T,P+E+T,automatic
W4406057800,AMOC-forced southward migration of the ITCZ under a warm climate background,Marília Campos,E+T,E+T,automatic
W4406062082,Land-use change and deep-soil carbon distribution on the Brazilian Amazon-Cerrado agricultural frontier,Rafael Silva Santos,E,E,automatic
W4406159703,Liming and soil texture affect the miscible displacement of phosphorus from organic and mineral sources in tropical oxisols,Thaís Nascimento Pessoa,E+T,E+T,automatic
W4406192553,Phytoplankton composition and metabolomic profiles in aquaculture systems: A case study in Brazil's natural lakes,Ernani Pinto Junior,P+E+T,P+E+T,automatic
W4406225941,Land uses modify isotopic composition in aquatic macroinvertebrates from semideciduous Atlantic Forest stream sites,Luiz Antonio Martinelli; Maria Gabriella da Silva Araújo,E,E,automatic
W4406240466,Harnessing plant growth-promoting bacteria (Herbaspirillum seropedicae) from an optimal mineral nitrogen supply: A study on improving nitrogen use efficiency in marandu palisadegrass,José Lavres Junior,P+E+T,P+E+T,automatic
W4406255584,From overgrazed land to forests: assessing soil health in the Caatinga biome,Plínio Barbosa de Camargo,E,E,automatic
W4406311654,Field-scale modeling of root water uptake and crop growth in a tropical scenario,Quirijn de Jong van Lier,E+T,E+T,automatic
W4406378366,Root Development of Tomato Plants Infected by the Cacao Pathogen Moniliophthora perniciosa Is Affected by Limited Sugar Availability,Antonio Vargas de Oliveira Figueira,P,P,automatic
W4406506867,Nitrogen uptake and physiological use efficiency in Brazilian sugarcane (Saccharum × spp.) cultivars: A gist of current understanding,Antonio Vargas de Oliveira Figueira; José Lavres Junior,P+E+T,P+E+T,automatic
W4406526603,Foliar Application and Translocation of Radiolabeled Zinc Oxide Suspension vs. Zinc Sulfate Solution by Soybean Plants,Elisabete Aparecida De Nadai Fernandes; Hudson Wallace Pereira de Carvalho,P+E+T,P+E+T,automatic
W4406526656,Characterization of the Pore Network of a Cohesive Oxisol Through Morphological and Pore Complexity Analyses,Thaís Nascimento Pessoa,P+E+T,P+E+T,automatic
W4406538084,Harnessing the synergy of Urochloa brizantha and Amazonian Dark Earth microbiomes for enhanced pasture recovery,Tsai Siu Mui,P+E+T,P+E+T,automatic
W4406606794,Collection of optimizations for untargeted metabolomics analysis of Leishmania promastigotes using gas chromatography-mass spectrometry,Ernani Pinto Junior,P+T,P+T,automatic
W4406741345,Co-inoculation with Bacillus thuringiensis RZ2MS9 and rhizobia improves the soybean development and modulates soil functional diversity,Lucas William Mendes,P+E,P+E,automatic
W4406778799,Confounding factors in the isotopic analysis of herbivore fecal samples,Marcelo Zacharias Moreira,P+E+T,P+E+T,automatic
W4406791080,Key genotype and soil parameters for sugarcane growth: A sensitivity analysis of the SAMUCA model in Brazilian agroecosystems,Quirijn de Jong van Lier,P+E+T,P+E+T,automatic
W4406822005,Development of a rapid X-ray fluorescence method for protein determination in soybean grains,Hudson Wallace Pereira de Carvalho,P+T,P+T,automatic
W4406839759,"Soil carbon allocation, composition, and sequestration changes induced by cropping diversification in tropical systems",Rafael Silva Santos,E,E,automatic
W4406878025,Methodological tests using Amazonian soil samples for 14 C-AMS dating,Luiz Carlos Ruiz Pessenda,E+T,E+T,automatic
W4406974948,Soil properties and charcoal as proxies of variations driving pedogenesis in a savanna palm swamp (vereda): Insights into Quaternary climate and environmental changes of central Brazil,Plínio Barbosa de Camargo,E,E,automatic
W4407023628,Effect of roasting on chemical composition of coffee,Fabio Rodrigo Piovezani Rocha,P+T,P+T,automatic
W4407039466,Seasonal and extreme water level fluctuations impact methane concentrations and fluxes in two Amazon tributaries near Manaus,Alex Vladimir Krusche,E,E,automatic
W4407071437,Assessing bimodal water retention functions of stony soils using curve fitting and inverse modeling,Quirijn de Jong van Lier,E+T,E+T,automatic
W4407071589,"Relationship between body temperature measured by infrared thermography and performance, feed efficiency and enteric gas emission of hair lambs",Adibe Luiz Abdalla,P+E+T,P+E+T,automatic
W4407085877,Predicting bulk density in Brazilian soils for carbon stocks calculation: a comparative study of multiple linear regression and Random Forest models using continuous and categorical variables,Quirijn de Jong van Lier,E,E,automatic
W4407142481,"Genotype-Specific Physiological Responses of Sugarcane to Potassium Deficiency: Integrating K Nutritional Efficiency, Photosynthesis-Related Parameters and Sugar Partitioning",Francisco Scaglia Linhares; José Lavres Junior,P+E+T,P+E+T,automatic
W4407151693,Evaluation of Grape Pomace Supplementation in Lamb Diets to Mitigate Haemonchus contortus Infection,Helder Louvandini,P+T,P+T,automatic
W4407243414,Differential stimulation of phosphorus-mobilizing bacteria by common bean genotypes in Amazonian Dark Earth and Agricultural Soils with varying fertility levels,Lucas William Mendes,P+E+T,P+E+T,automatic
W4407246648,Combatting pesticide pollution: using liquid scintillation spectrometry to assess 14C-labeled hexachlorobenzene removal by mangrove Bacillus spp.,Valdemar Luiz Tornisielo,P+E+T,P+E+T,automatic
W4407263026,Large range sizes link fast life histories with high species richness across wet tropical tree floras,Plínio Barbosa de Camargo,P+E,P+E,automatic
W4407534490,Restoring unbalanced rhizosphere: microbiome transplants combatting leaf diseases,Lucas William Mendes,P+E+T,P+E+T,automatic
W4407591128,High Potassium Supply Detrimentally affects Nutrient use Efficiency and Photochemistry in Pinus spp. Seedlings,José Lavres Junior,P+E+T,P+E+T,automatic
W4407597993,Potassium organomineral fertilizer alters the microbiome of a sandy loam tropical soil,Lucas William Mendes,P+E+T,P+E+T,automatic
W4407666214,Reduced Penetration of Northern‐Sourced Waters Into the South Atlantic During the Last Interglacial Relative to the Holocene,Marília Campos,P+E+T,P+E+T,automatic
W4407754846,FRUITFULL2 controls tomato fertility through style length and pollen quality,Adriana Pinheiro Martinelli,P,P,automatic
W4407821098,Biodiesel as a green alternative solvent in dispersive liquid-liquid microextraction,Samara Soares; Fabio Rodrigo Piovezani Rocha,E+T,E+T,automatic
W4407858071,"Ecological responses of the Atlantic Forest biodiversity hotspot to Holocene climate change: Insights from the Lagoa Canto Grande pollen record, Espirito Santo, coastal Brazil",Luiz Carlos Ruiz Pessenda,P+E,P+E,automatic
W4407971227,Nano-Enabled Seed Treatment Using Bisepoxide-Polyoxypropylenetriamine Polymeric Gel with Different Embedded Zinc Sources,Hudson Wallace Pereira de Carvalho,P+T,P+T,automatic
W4408058976,The carbon-14 bomb peak as a turning point in dendrochronology in tropics: A literature review and case study with Araucaria angustifolia,Luiz Carlos Ruiz Pessenda,P+E+T,P+E+T,automatic
W4408076305,Stable Isotope Analysis:A Tool for Certifying Captive or Wild caiman Leather Origin,Plínio Barbosa de Camargo,P+E+T,P+E+T,automatic
W4408091593,Identity Transitions of Tapetum Phases: Insights into Vesicular Dynamics and in Mortem Support During Pollen Maturation,Francisco Scaglia Linhares,P,P,automatic
W4408161572,Complex and Dynamic Effects of an Extreme Low Temperature Weather Event on Invasive Plant Populations and Resident Communities,Mauricio Cruz Mantoani,P+E+T,P+E+T,automatic
W4408181417,Tropical forests in the Americas are changing too slowly to track climate change,Plínio Barbosa de Camargo,E,E,automatic
W4408189550,The importance of tropical tree-ring chronologies for global change research,Giuliano Maselli Locosselli,E+T,E+T,automatic
W4408216032,Selectivity of herbicides applied in the post-emergence of industrial hemp ( Cannabis sativa L.),Kassio Ferreira Mendes,P+E+T,P+E+T,automatic
W4408219078,Linking soil microbial genomic features to forest-to-pasture conversion in the Amazon,Tsai Siu Mui,P+E,P+E,automatic
W4408251298,Kinetic determination of ethyl carbamate in sugarcane spirits exploiting digital videos,Fabio Rodrigo Piovezani Rocha,P+T,P+T,automatic
W4408262068,Alfalfa seeds biofortification with zinc for production of enriched sprouts,Hudson Wallace Pereira de Carvalho,P+T,P+T,automatic
W4408272812,Changes in the soil detrital food chain associated with Gunnera tinctoria plant invasions,Mauricio Cruz Mantoani,P+E+T,P+E+T,automatic
W4408346897,Restoration of soil health by Amazonian secondary forests is severely eroded by slash-and-burn recurrence,Plínio Barbosa de Camargo; Tsai Siu Mui,E,E,automatic
W4408397881,RISCO AMBIENTAL DOS HERBICIDAS UTILIZADOS NA CULTURA DA SOJA EM MATO GROSSO,Kassio Ferreira Mendes,P+E+T,P+E+T,automatic
W4408405888,Genetic consequences of domestication and refreshment on colonies of the South American fruit fly,Thiago de Araújo Mastrangelo,P,P,automatic
W4408408318,Metagenome-assembled bacterial genomes from long accurate reads associated with Capilliphycus salinus ALCB114379,Marli de Fatima Fiore,P,P,automatic
W4408490693,Thirsty for solutions: How potassium drives sugarcane's varietal-specific strategies for drought tolerance,José Lavres Junior,P+E+T,P+E+T,automatic
W4408530807,The addition of molybdenum to urea changes its characteristics and can react with N-(n-butyl) thiophosphoric triamide,Eduardo Mariano; Hudson Wallace Pereira de Carvalho; José Lavres Junior,P+E+T,P+E+T,automatic
W4408566793,Airborne fungal spore concentrations double but diversity decreases with warmer winter temperatures in the Brazilian Atlantic Forest biodiversity hotspot,Mauricio Cruz Mantoani,P+E+T,P+E+T,automatic
W4408665515,"Amine-Polyether-Epoxide Nanoplatform-Driven Seed Germination, Plant Growth, and Nutrient Uptake for Sustainable Agriculture",Hudson Wallace Pereira de Carvalho,P+E+T,P+E+T,automatic
W4408713542,"Indaziflam performance in coffee cultivation under different soil cover materials: agronomic efficacy, residual effect, and weed community",Kassio Ferreira Mendes,P+E+T,P+E+T,automatic
W4408763478,Co-occurrence network and predicted functions of bacterial community in soil from Brazilian Cerrado under distinct types of vegetation cover,Lucas William Mendes,P+E+T,P+E+T,automatic
W4408866840,Impacts of repeated forest fires and agriculture on soil organic matter and health in southern Amazonia,Plínio Barbosa de Camargo,E,E,automatic
W4408890523,Comparison of salting-out assisted liquid-liquid extraction to polymeric solid phase extraction for liquid chromatography tandem mass spectrometry of neonicotinoids insecticides and metabolites in wastewater: Occurrence and aquatic risk assessment,Valdemar Luiz Tornisielo,P+E+T,P+E+T,automatic
W4409183123,Short‐term effects of restoration on soil biological properties in degraded lands of the Brazilian semiarid region,Lucas William Mendes,E,E,automatic
W4409203498,"In vitro, field, and in vivo trials of Metarhizium anisopliae isolate IBCB425 against Haemonchus contortus",Helder Louvandini,P+E+T,P+E+T,automatic
W4409212006,Three Decades of Irrigated Sugarcane Cropping Increased the Soil Carbon Stock and Substituted Most of the Original Carbon in the Brazilian Drylands,Plínio Barbosa de Camargo,E,E,automatic
W4409241886,Timing since deforestation for pastures implementation in the western Amazon: Impacts on stream water biogeochemistry,Alex Vladimir Krusche,E,E,automatic
W4409252648,Use of energy dispersive X-ray fluorescence (EDXRF) spectrometry to determine external markers in animal intake estimation trials,Adibe Luiz Abdalla; Helder Louvandini; Hudson Wallace Pereira de Carvalho,P+T,P+T,automatic
W4409273794,Synergism of Bacillus subtilis and Azospirillum brasilense for enhanced N‐use efficiency and maize growth: Evidence from 15 N isotopic and physiological responses,José Lavres Junior,P+E+T,P+E+T,automatic
W4409276630,Molybdenum supply increases 15N-nitrate uptake by maize,Eduardo Mariano,P+E+T,P+E+T,automatic
W4409340098,Lima bean breeding changes the community of plant growth-promoting rhizobacteria in the rhizosphere,Lucas William Mendes,P+E+T,P+E+T,automatic
W4409345922,Leaf carbon isotope composition: a key proxy for scaling up the best candidates,José Lavres Junior,P+E+T,P+E+T,automatic
W4409351938,Multi-isotope calibration strategy for trace elements determination in whole blood by inductively coupled plasma mass spectrometry,Alex Virgilio,T,T,automatic
W4409498258,Mechanistic modeling of root water uptake in tropical agriculture: a sensitivity analysis of drought stress dynamics,Quirijn de Jong van Lier,P+E+T,P+E+T,automatic
W4409546436,Functional adaptations of the rhizosphere microbiome for drought-tolerance promotion in common bean,Lucas William Mendes; Tsai Siu Mui,P+E,P+E,automatic
W4409588975,Holocene vegetation and soil changes in the driest region of caatinga dry forest – phytolith contribution,Luiz Carlos Ruiz Pessenda,E+T,E+T,automatic
W4409666116,"The why, how, and what of indicator-based monitoring of nature-based solutions: Perspectives from EU and LAC city practitioners",Giuliano Maselli Locosselli,E+T,E+T,automatic
W4409677432,From policy to practice: the role of integrated systems in mitigating climate change in Brazil,Adibe Luiz Abdalla,E,E,automatic
W4409733873,"Atmospheric herbicide contamination: sources, long-range transport, and health-environmental risks",Kassio Ferreira Mendes,P+E+T,P+E+T,automatic
W4409768838,Plant–microbe interactions: plants modulating their defenses,Lucas William Mendes,P,P,automatic
W4409802858,Production of tempe koro benguk using local starter and its implementation as a biotechnology module for high school students,Lucas William Mendes,P+T,P+T,automatic
W4409859841,Mating compatibility among different wild and laboratory strains of the Brazil‐1 morphotype of Anastrepha fraterculus (Diptera: Tephritidae),Thiago de Araújo Mastrangelo,P,P,automatic
W4409964755,"Correlation Analysis Between Physical–Chemical and Biological Conditions in the River and the Incidence of Diseases in the City of Piracicaba, Brazil",Ernani Pinto Junior; Deoclecio Jardim Amorim,P+E+T,P+E+T,automatic
W4409986812,Bioturbation in very deep tropical Ferralsols: A micromorphological study of biomantles,Plínio Barbosa de Camargo,P+E+T,P+E+T,automatic
W4410004869,"Haematococcus pluvialis bionanoparticles boost maize seedling health, serving as a sustainable seed priming agent and biostimulant for agriculture",Adriana Pinheiro Martinelli; Flavia Vischi Winck; José Lavres Junior,P+E+T,P+E+T,automatic
W4410049557,Soil carbon and nutrient stocks under intensified pasture and sugarcane expansion,Luiz Antonio Martinelli; Maria Gabriella da Silva Araújo; Eduardo Mariano,E+T,E+T,automatic
W4410071036,Bacterial Community in Sugarcane Rhizosphere Under Bacillus subtilis Inoculation and Straw Return,Lucas William Mendes,P+E+T,P+E+T,automatic
W4410286624,Coffee Cultivated in Rehabilitation Areas after Bauxite Mining: Nutritional Status and Productivity,Rafael Silva Santos,P+E+T,P+E+T,automatic
W4410414712,Bionematicides shape plant growth-promoting bacteria community in the sugarcane rhizosphere,Lucas William Mendes,P+E,P+E,automatic
W4410430048,Bacterial and nematode communities associated with soybean-cultivated soils from two native Brazilian biomes,Lucas William Mendes,P+E+T,P+E+T,automatic
W4410431035,Efeitos da precipitação e da palhada no potencial de lixiviação de pyroxasulfone + flumioxazin,Kassio Ferreira Mendes,P+E+T,P+E+T,automatic
W4410514578,Past Amazon precipitation under different Atlantic Meridional Overturning Circulation and sea surface temperature scenarios of the last deglaciation,Marília Campos,E,E,automatic
W4410610588,Bacillus species suppress Pratylenchus in roots and shape the bacterial community in the rhizosphere of lima bean,Lucas William Mendes,P+E+T,P+E+T,automatic
W4410645244,Bacterial communities in the rhizosphere of common bean and maize respond distinctly to water deficit,Lucas William Mendes,P+E+T,P+E+T,automatic
W4410734044,"Physicochemical characterization, determination of total concentration and estimation of bioaccessible fraction of elements in fruit functional flours",Alex Virgilio,T,T,automatic
W4410747478,Microbial communities in the rhizosphere of tropical soils cultivated with maize as a function of nitrogen and phosphorus fertilizers,Lucas William Mendes,P+E+T,P+E+T,automatic
W4410782578,Characterization of the absorption and translocation of 14C-glyphosate in Machaerium hirtum: a problematic arboreal weed in Brazilian pasture,Kassio Ferreira Mendes,P+E+T,P+E+T,automatic
W4410865643,Polyamine-Mediated Growth Regulation in Microalgae: Integrating Redox Balance and Amino Acids Pathway into Metabolic Engineering,Flavia Vischi Winck,P+T,P+T,automatic
W4410956890,Evaluating emerging contaminant removal efficiency: analytical methodology and implications for water treatment in the southeastern Brazilian Reservoir,Ernani Pinto Junior,P+E+T,P+E+T,automatic
W4411014692,A progressive knowledge strategy for monitoring soil microbiological activity by microscale spectroscopic detection,Hudson Wallace Pereira de Carvalho,P+E+T,P+E+T,automatic
W4411018254,Flux-based plant water availability in tropical soils from Brazil,Quirijn de Jong van Lier,E+T,E+T,automatic
W4411027690,Effect of Grape Pomace Inclusion in the Diet of Ewes Naturally Infected with Gastrointestinal Nematodes During Lactation,Helder Louvandini,P+T,P+T,automatic
W4411044455,Root architecture and the rhizosphere microbiome: Shaping sustainable agriculture,Lucas William Mendes,P+E+T,P+E+T,automatic
W4411081630,Twelve-year residual effect of sewage sludge on the biogeochemical cycling of potentially toxic elements in tropical Eucalyptus plantation,Cassio Hamilton Abreu Junior; Eduardo Mariano; José Lavres Junior,P+E+T,P+E+T,automatic
W4411100497,Gaps and strategies for accurate simulation of waterlogging impacts on crop productivity,Quirijn de Jong van Lier,P+E+T,P+E+T,automatic
W4411149069,Frontiers in earth observation for global soil properties assessment linked to environmental and socio-economic factors,Quirijn de Jong van Lier,E+T,E+T,automatic
W4411257316,Optimizing Greenhouse Gas Emissions Studies with Functional Data Analysis in Tropical Land Uses,Luiz Antonio Martinelli,P+E+T,P+E+T,automatic
W4411382308,Genotypic-specific silicon uptake kinetics and ionomic modulation in common beans: implications for drought tolerance,Hudson Wallace Pereira de Carvalho; José Lavres Junior,P+E+T,P+E+T,automatic
W4411435107,Timing of Selenium Application Modulates Antioxidant Performance and Nutrient Balance in Micro-tom Plants Under Cadmium Stress,José Lavres Junior,P+E+T,P+E+T,automatic
W4411483831,Spatial variation of stable hydrogen and oxygen isotopes in tap water in Brazil,Luiz Antonio Martinelli; Maria Gabriella da Silva Araújo,E+T,E+T,automatic
W4411529396,Understanding the impacts of intensity and harvest frequency on Tithonia diversifolia for use in tropical silvopastoral systems,Adibe Luiz Abdalla; Helder Louvandini,P+E+T,P+E+T,automatic
W4411590476,Kinetics of 65Zn in Sheep Supplemented with Micro- and Nanoparticles of Zinc Oxide,Adibe Luiz Abdalla; Helder Louvandini; Elisabete Aparecida De Nadai Fernandes,P+T,P+T,automatic
W4411611362,Unraveling the Toxicity of a Non-Microcystin-Producing Strain (CCIBt3106) of Microcystis aeruginosa: Ecotoxicological Effects on Aquatic Invertebrates,Ernani Pinto Junior,P+E+T,P+E+T,automatic
W4411735433,Unfolding boron dynamics at the scale of soil-water-fertilizer-crop systems in the tropics: from soil availability to plant requirements,Cassio Hamilton Abreu Junior; José Lavres Junior,P+E+T,P+E+T,automatic
W4411871595,Closed-vessel conductively heated digestion system with diluted nitric acid for the preparation of biomass and biochar samples,Alex Virgilio,E+T,E+T,automatic
W4411933409,"Basalt rock dust as a soil remineralizer in upland rice grown in tropical soils: residual effects on soil fertility, Si availability, and leaf anatomy",Cassio Hamilton Abreu Junior,P+E+T,P+E+T,automatic
W4411954839,Bioavailable strontium isoscape for the Amazon region using tree wood,Luiz Antonio Martinelli,E+T,E+T,automatic
W4412020466,Versatile LIBS calibration approach using metal:SPADNS/DTAB ion pairs immobilized on photographic paper,Samara Soares; Fabio Rodrigo Piovezani Rocha,T,T,automatic
W4412041564,Genetic and biochemical diversity of terpene biosynthesis in cyanobacterial strains from tropical soda lakes,Marli de Fatima Fiore,P+T,P+T,automatic
W4412151493,Doxorubicin Stability-indicating Method and its Main Degradation Products In vitro Toxicity,Ernani Pinto Junior,P+E+T,P+E+T,automatic
W4412190589,Divergence Across Niche Dimensions Reveals Species' Ecological Roles,Marcelo Zacharias Moreira,P+E+T,P+E+T,automatic
W4412380682,Impacts of Fertilization Management on Stand Development: a Tree-Ring Analysis of Pinus caribaea var. Hondurensis and Pinus taeda,José Lavres Junior,P+E+T,P+E+T,automatic
W4412413469,Historical anthropogenic stressors affect bird ecology and feather development in neotropical forests,Marcelo Zacharias Moreira,P+E+T,P+E+T,automatic
W4412594217,The Rise of Eleusine indica as Brazil’s Most Troublesome Weed,Kassio Ferreira Mendes,P+E+T,P+E+T,automatic
W4412617890,Wild or Introduced? Investigating the Genetic Landscape of Cacao Populations in South America,Antonio Vargas de Oliveira Figueira,P+E+T,P+E+T,automatic
W4412694258,How does soil contamination by microplastics interferes the sorption and desorption processes of three herbicides?,Kassio Ferreira Mendes,P+E+T,P+E+T,automatic
W4412795045,Pantropical tree rings show small effects of drought on stem growth,Giuliano Maselli Locosselli,P+E+T,P+E+T,automatic
W4412899978,"Subsurface Gaseous Hydrocarbons and Carbon Dioxide Recorded During the Trans‐Amazon Drilling Project (TADP) in the Acre Basin, Western Amazon",Tsai Siu Mui,E+T,E+T,automatic
W4413006811,Multi-Elemental Analysis for the Determination of the Geographic Origin of Tropical Timber from the Brazilian Legal Amazon,Luiz Antonio Martinelli,E+T,E+T,automatic
W4413036135,Physical and Chemical Compatibility between Fungicides (Emulsifiable Concentrate and Suspension Concentrate) and Soluble Manganese and Zinc Fertilizers,Hudson Wallace Pereira de Carvalho,P+E+T,P+E+T,automatic
W4413037389,Seasonal and extreme water level fluctuations impact methane concentrations and fluxes in two Amazon tributaries near Manaus,Alex Vladimir Krusche,P+E+T,P+E+T,automatic
W4413055056,Enteric methane emissions and thermal comfort indexes of Nellore steers in a livestock-forestry system in the Amazon biome,Adibe Luiz Abdalla,P+E+T,P+E+T,automatic
W4413109425,Partnering with the Enemy: How Partial Potassium Substitution by Sodium Optimizes Eucalyptus Nutrient Dynamics and Resilience to Drought Stress,José Lavres Junior,P+E+T,P+E+T,automatic
W4413184975,Community macroecological patterns and interspecific interactions in guild level regulate avian isotopic niche over time,Marcelo Zacharias Moreira,E,E,automatic
W4413189222,Salicylic acid mitigates photosynthetic damage and oxidative stress in wheat (Triticum aestivum L.) induced by combination of mesosulfuron-methyl and iodosulfuron-methyl herbicide,Kassio Ferreira Mendes,P+E+T,P+E+T,automatic
W4413270450,Plant community and fine-root growth under preserved and passively restored Cerrado sites in southeast Brazil,Plínio Barbosa de Camargo,E,E,automatic
W4413301603,"Foliar Absorption and Translocation of Metal-Amino Acid Complexes in Soybean: A Case Study of Manganese, Zinc, Glutamate, and Histidine",Hudson Wallace Pereira de Carvalho,P+E+T,P+E+T,automatic
W4413326752,"Where there is smoke, there is fire: long- and mid-range biomass burning role on São Paulo's state air quality",Mauricio Cruz Mantoani,E+T,E+T,automatic
W4413391342,Reviewing Manganese and Zinc Foliar Fertilization Approaches and Results through a Quantitative Metadata Analysis,Hudson Wallace Pereira de Carvalho,P+E+T,P+E+T,automatic
W4413441895,Recovery of below-ground associations in restored Brazilian Atlantic Forest,Lucas William Mendes; Tsai Siu Mui,E,E,automatic
W4413448278,Plant-soil microbiome feedback under post-pasture tropical ecotone forest regeneration,Tsai Siu Mui,P+E,P+E,automatic
W4413463177,Microbiome-driven machine learning for predicting suppressiveness to Rhizoctonia solani in organic-amended soils,Lucas William Mendes,P+E+T,P+E+T,automatic
W4413774797,Combined effects of guanitoxin and insecticides on the health of Oreochromis niloticus (Teleostei: Cichlidae): A comprehensive toxicological study,Ernani Pinto Junior,P+E+T,P+E+T,automatic
W4413795700,Soil CO2 fluxes and carbon storage in livestock systems with native trees in pastures in the subhumid tropics of Mexico,Adibe Luiz Abdalla,E,E,automatic
W4413860390,Effects of heat stress on feeding and drinking behavior of confined Texel sheep in a tropical environment,Adibe Luiz Abdalla,P+E+T,P+E+T,automatic
W4413970941,In-vitro and bioinformatic studies of bioactive compounds from Oceanimonas sp. JM-AZM31 and Lysinibacillus fusiformis JM-AZM37 of sponge-associated marine bacteria from a mangrove habitat in Southeast Sulawesi,Lucas William Mendes,P+T,P+T,automatic
W4414033046,Paleoenvironmental reconstitution of a coastal tropical peatland and its relationship with the Holocene sea level variation (SE Brazil),Plínio Barbosa de Camargo,E,E,automatic
W4414056096,Phosphorus transport modeling in a saturated sandy soil amended with organic and mineral fertilizers,Thaís Nascimento Pessoa,E+T,E+T,automatic
W4414092355,A new protocol for genetic transformation of Setaria viridis (L) using morphogenic callus via thin cell layers,Adriana Pinheiro Martinelli,P,P,automatic
W4414115065,Effects of zinc oxide nanoparticle supplementation in young sheep naturally infected with gastrointestinal nematodes,Helder Louvandini; Elisabete Aparecida De Nadai Fernandes,P+T,P+T,automatic
W4414118423,Enhanced zonal trade winds warm the western South Atlantic surface during MIS 4 glacial descent,Marília Campos,P+E+T,P+E+T,automatic
W4414161211,Impacts of Forest Types and Rainfall on the Concentration and Diversity of Airborne Fungi in Central Amazonia,Mauricio Cruz Mantoani,P+E,P+E,automatic
W4414237396,Revisiting the Role of Opossums (Marsupialia) as Sentinel for Brazilian Spotted Fever Caused by Rickettsia rickettsii,Helder Louvandini,P+E+T,P+E+T,automatic
W4414329741,Analytical Method for Determining Renewable Diesel and Identifying Feedstock in Fossil Diesel Blends Using δ13C for Fuel Traceability,Luiz Antonio Martinelli; Samara Soares,E+T,E+T,automatic
W4414346775,Stable isotope analysis reveals dietary and foraging ecology in Neotropical birds,Luiz Antonio Martinelli,E+T,E+T,automatic
W4414378520,Circular bioeconomy in livestock production: harnessing crop by-products in MERCOSUR/MERCOSUL,Adibe Luiz Abdalla,P+E+T,P+E+T,automatic
W4414378526,Circular bioeconomy approaches for livestock manure and post-consumer wastes: opportunities for biofertilizers and bioenergy,Adibe Luiz Abdalla,P+E+T,P+E+T,automatic
W4414378906,Natural deep eutectic solvent as extractor and support for determination of metals by laser induced breakdown spectroscopy,Samara Soares; Fabio Rodrigo Piovezani Rocha,T,T,automatic
W4414396580,"Within- and between-site variability of δ18O, δ13C, and δ15N in Amazonian tree rings: Climatic drivers and implications for geographic traceability",Luiz Antonio Martinelli; Maria Gabriella da Silva Araújo; Deoclecio Jardim Amorim,E+T,E+T,automatic
W4414396653,Squeeze of Brazilian subtropical mangroves from a Holocene and Anthropocene perspective,Luiz Carlos Ruiz Pessenda,E,E,automatic
W4414399474,Changes in carbon stocks and quality of the soil organic matter under different arrangements of integrated livestock-forest systems in the semi-arid region of Brazil,Plínio Barbosa de Camargo,E,E,automatic
W4414418035,Toxicity and photoprotective properties of mycosporine-like amino acids from the cyanobacterium Sphaerospermopsis torques-reginae,Marli de Fatima Fiore; Ernani Pinto Junior,P+E+T,P+E+T,automatic
W4414447370,Carbon-related processes as indicators of soil health in a degraded dryland area under long-term restoration: Responses of a 21-year grazing exclusion system,Lucas William Mendes,E+T,E+T,automatic
W4414498791,Leveraging pre-trained computer vision models for accurate classification of meat freshness,Elisabete Aparecida De Nadai Fernandes,P+E+T,P+E+T,automatic
W4414513717,"Nitrogen Use Efficiency in Agriculture: Integrating Biotechnology, Microbiology, and Novel Delivery Systems for Sustainable Agriculture",Antonio Vargas de Oliveira Figueira,P+E+T,P+E+T,automatic
W4414516300,Increasing tree size across Amazonia,Plínio Barbosa de Camargo,E,E,automatic
W4414533708,Ruderal Tithonia diversifolia inclusion in sheep diets: impacts on digestibility and greenhouse gas emissions,Adibe Luiz Abdalla; Helder Louvandini,P+E+T,P+E+T,automatic
W4414574704,Evaluation of a cost-effective and environmentally friendly digestion method for preparing animal feed samples for elemental analysis,Alex Virgilio,T,T,automatic
W4414617030,Improvement of colony management in insect mass‐rearing for sterile insect technique applications,Thiago de Araújo Mastrangelo,P+T,P+T,automatic
W4414663265,Draft genome sequences of six Rothia mucilaginosa strains assembled from the human oral microbiome,Tsai Siu Mui,P,P,automatic
W4414753587,Soil microbes: below-ground defenders against desertification,Lucas William Mendes,P+E+T,P+E+T,automatic
W4414754088,A catalog of metagenome-assembled genomes from Amazonian forest and pasture soils,Tsai Siu Mui,P+E,P+E,automatic
W4414830571,PSXII-23 Effects of reconstitution of high amylase corn flint Enogen Feed on fermentation parameters and in vitro methane.,Adibe Luiz Abdalla,P+E+T,P+E+T,automatic
W4414830574,"PSI-21 Zinc oxide nanoparticles and their impacts on the normality, activation, development, viability, and oxidative stress of in vitro cultured preantral ovarian follicles.",Helder Louvandini,P+T,P+T,automatic
W4414830656,PSXIV-20 In vivo evaluation of enteric methane production in sheep fed diets composed of agro-industrial by-products.,Adibe Luiz Abdalla; Helder Louvandini,P+E+T,P+E+T,automatic
W4414830715,PSIV-19 Proteomic detection of potential biomarkers for residual feed intake in Texel sheep.,Adibe Luiz Abdalla,P+T,P+T,automatic
W4414831210,PSII-29 Maternal zinc oxide nanoparticle supplementation during pregnancy and lactation shapes lamb ruminal microbiota.,Adibe Luiz Abdalla,P+T,P+T,automatic
W4414955024,Wood characteristics of nine eucalypt species grown under partial substitution of potassium by sodium,Hudson Wallace Pereira de Carvalho; José Lavres Junior,P+E+T,P+E+T,automatic
W4415042947,Soybean rhizosphere communities are shaped more by cropping systems than by Bacillus subtilis delivery methods,Lucas William Mendes,P+E+T,P+E+T,automatic
W4415078097,Two-phased ITCZ-driven upper salinity stratification in the western equatorial Atlantic during Heinrich Stadial 11,Marília Campos,E+T,E+T,automatic
W4415176175,Selenium-biofortified spent yeast cultivated in corn hydrolysate: antioxidant response and biomass production under aerobic and anaerobic conditions,Valter Arthur; Deoclecio Jardim Amorim,P+T,P+T,automatic
W4415215538,Can no-tillage and crop diversification sustain nutrient stocks in acidic and poorly-fertilized soils? Evidence from 32 years of real-world agricultural management in Paraguay,Deoclecio Jardim Amorim; Eduardo Mariano; José Lavres Junior,P+E+T,P+E+T,automatic
W4415220453,The coupling between monsoon rainfall and Sea Surface Temperature in the subtropical South Atlantic during the Last Glacial Period,Marília Campos,P+E+T,P+E+T,automatic
W4415265502,"Formulation of Jakaba fertilizer from banana peel, pineapple peel, tea dregs for enhanced pak choi (Brassica rapa subsp. Chinensis) growth",Lucas William Mendes,P+E+T,P+E+T,automatic
W4415292027,Combining wood traits as a promising timber origin verification and its application in the Brazilian trade chain,Deoclecio Jardim Amorim; Hudson Wallace Pereira de Carvalho,P+E+T,P+E+T,automatic
W4415350751,Resistência antimicrobiana na produção ovina: semelhanças materno-descendentes em Coliformes e Enterococcus spp.,Helder Louvandini,P+E+T,P+E+T,automatic
W4415373854,"Cytotoxicity, antioxidant activity, and gene expression effects of gossypol in primary smooth muscle of myometrium from Ovis aries (PSMo24) cells",Helder Louvandini,P+T,P+T,automatic
W4415380390,Opposing δ13C and δ15N signatures in terrestrial and aquatic insects from Brazilian ecosystems by human disturbance,Thiago de Araújo Mastrangelo; Luiz Antonio Martinelli,E+T,E+T,automatic
W4415402876,Linking Soil Microbial Diversity to Nitrogen and Phosphorus Dynamics,Eduardo Mariano,P+E+T,P+E+T,automatic
W4415489136,"Outer Membrane Vesicles, Lipidome, and Biofilm Formation in the Endophyte Enterobacter Cloacae SEA01 from Agave Tequilana",Flavia Vischi Winck,P,P,automatic
W4415493822,Tropical wood reference material for multi-element analysis in traceability studies,Elisabete Aparecida De Nadai Fernandes,E+T,E+T,automatic
W4415672891,"Synergistic interaction of calcium and boron: enhancing root nodule anatomy, nitrogenase activity, leaf ultrastructure adjustments, and growth in soybean plants",Francisco Scaglia Linhares; José Lavres Junior,P+E+T,P+E+T,automatic
W4415731422,Gene Co‐Expression Networks Highlight Key Nodes Associated With Ammonium Nitrate in Sugarcane,Diego Mauricio Riaño Pachón,P+T,P+T,automatic
W4415742522,An improved approach for analysis of chocolate by laser induced breakdown spectroscopy (LIBS) using L-menthol as matrix modifier,Samara Soares; Fabio Rodrigo Piovezani Rocha,T,T,automatic
W4415857209,"Seed-Applied Cobalt, Molybdenum, and Nickel Improve Nitrogen Metabolism in Soybean Plants Across Seed Vigor Levels",José Lavres Junior,P+E+T,P+E+T,automatic
W4416025479,"Moniliophthora perniciosa, the causal agent of witches’ broom disease of cacao, interferes with cytokinin metabolism during infection of Micro‐Tom tomato and promotes symptom development",Antonio Vargas de Oliveira Figueira,P,P,automatic
W4416149483,Soil phosphorus content classes and energy cane yield under controlled environmental conditions,Cassio Hamilton Abreu Junior; José Lavres Junior,P+E+T,P+E+T,automatic
W4416345626,"Forest residue removal undermines soil health and micronutrient transfer to trees, compromising sustainable productivity of Eucalyptus plantations",Eduardo Mariano; José Lavres Junior,P+E+T,P+E+T,automatic
W4416356149,Optimized extraction and analytical protocols for guanitoxin: an organophosphate cyanobacterial neurotoxin of environmental concern,Ernani Pinto Junior,P+E+T,P+E+T,automatic
W4416359360,Double knockout of rice vacuolar iron transporters OsVIT1 and OsVIT2 reveals a trade-off between iron biofortification and iron excess tolerance,Hudson Wallace Pereira de Carvalho,P+T,P+T,automatic
W4416412066,Determination of volatile acids in sugarcane spirits exploring an air drag system and digital image photometry,Fabio Rodrigo Piovezani Rocha; Boaventura Freire dos Reis,T,T,automatic
W4416420302,Overlooked considerations in prescribing green and blue infrastructure solutions for urban environments,Giuliano Maselli Locosselli; Mauricio Cruz Mantoani,P+E+T,P+E+T,automatic
W4416503286,Low-cost XRF spectrometer for agricultural sample analysis: assembly details and soil fertility prediction performance,Hudson Wallace Pereira de Carvalho,E+T,E+T,automatic
W4416632855,Fermentation Parameters and In Vitro Degradability of Diets Containing Cratylia argentea Hay as a Substitute for Tifton‐85 Hay,Adibe Luiz Abdalla,P+E+T,P+E+T,automatic
W4416673911,Revisiting Catalytic Methods Exploiting Digital Videos: Sequential Determination of Copper and Sucrose in Sugarcane Spirits,Fabio Rodrigo Piovezani Rocha,T,T,automatic
W4416746454,"Stable isotope profiling and machine learning for determining cocoa origin, ingredient composition, and cocoa content in Brazilian chocolates",Antonio Vargas de Oliveira Figueira; Luiz Antonio Martinelli; Marcelo Zacharias Moreira; Plínio Barbosa de Camargo,P+E+T,P+E+T,automatic
W4416790546,An effective DNA extraction protocol optimized for tropical swamp peat samples,Plínio Barbosa de Camargo; Tsai Siu Mui,P+E+T,P+E+T,automatic
W4416822947,Growth stage as the main drive over genotype and plant growth-promoting bacteria on bacterial communities in the rhizosphere of prickly-pear cactus,Lucas William Mendes,P+E,P+E,automatic
W4416928841,Linking trophic ecology and metal bioaccumulation to assess a widespread fish as a bioindicator following a large-scale mining disaster,Marcelo Zacharias Moreira,P+E+T,P+E+T,automatic
W4416975338,"Growth rings, anatomy, and response to forest management of the liana Dalbergia frutescens (Leguminosae) in an Atlantic Rainforest remnant",Giuliano Maselli Locosselli,P+E,P+E,automatic
W4417215403,Can cohesive soils still have functional pores? An analysis based on X-ray microtomography,Thaís Nascimento Pessoa,P+E+T,P+E+T,automatic
W4417256765,Root-driven microbiome memory enhances plant disease resistance,Lucas William Mendes,P+E,P+E,automatic
W4417281582,Shifts in seed‐associated endophytic bacterial communities from parental lines to advanced generations in lima bean,Lucas William Mendes,P,P,automatic
W4417332138,"Amazonian Fruit (Samanea tubulosa) in Dairy Cattle Diets: In Vitro Fermentation, Gas Production, and Digestibility",Adibe Luiz Abdalla,P+E+T,P+E+T,automatic
W4417360467,Mapping socio-environmental vulnerability to the desertification process in the northeastern region of Brazil: The case of the Cabrobó nucleus,Plínio Barbosa de Camargo,E,E,automatic
W4417438099,Field evaluation of coated urea with NBPT and micronutrients: 15N recovery and maize yield in contrasting soils,Eduardo Mariano,P+E+T,P+E+T,automatic
W4417456097,You are what your fungus eats: diet shapes the microbial garden of a fungus-growing ant,Lucas William Mendes,P+E,P+E,automatic
W4417479246,Contrasting pathways to tree longevity in gymnosperms and angiosperms,Giuliano Maselli Locosselli,P+E+T,P+E+T,automatic
W4417488071,Integrated approach for assessing and mitigating antibiotic contamination in natural waters using bioaccumulation and phytoremediation,Valdemar Luiz Tornisielo,P+E+T,P+E+T,automatic
W7116631278,Diclosulam as a strategy for pre-emergence control of two Borreria species in different types of soils,Kassio Ferreira Mendes,P+E+T,P+E+T,automatic
W7116788708,Managing Nitrogen Sources in Soybean–Rhizobium Symbiosis During Reproductive Phenological Stage: Partitioning Symbiotic and Supplemental N with 15N,José Lavres Junior,P+E+T,P+E+T,automatic
W7116919764,Restoration strategies shape ecological processes driving dominant and rare bacterial communities in soils under desertification in the Brazilian semiarid,Lucas William Mendes,P+E,P+E,automatic
W7117237621,The role of gamma-irradiated microplastics in terbuthylazine sorption and desorption processes in contaminated soils,Kassio Ferreira Mendes,P+E+T,P+E+T,automatic
W7117364325,Isotopic model as a tool for the prediction of cocoa content in cocoa-derived products: δ13C as a proxy for cocoa percentage,Luiz Antonio Martinelli; Marcelo Zacharias Moreira; Plínio Barbosa de Camargo,P+E+T,P+E+T,automatic
W7117727740,Genômica e bioinformática aplicadas à bioeconomia no LabBCES do CENA/USP,Diego Mauricio Riaño Pachón,P,P,automatic
W7118090304,Another Wake‐Up Call for Brazil's ‘Splendid Cradle’: The Overlooked Impacts of Invasive Plants on Soil Greenhouse Gas Emissions and Carbon Stocks,Mauricio Cruz Mantoani,E,E,automatic
W7118645894,Biofortification of Yeast with Selenomethionine in Corn Hydrolysate: Influence of Different Metabolic Pathways,Valter Arthur,P+T,P+T,automatic
W7119285177,Intervir sem agredir: soluções baseadas na natureza podem inspirar medidas de adaptação às mudanças do clima. [Depoimento a Renata Fontanetto],Giuliano Maselli Locosselli,P+E+T,P+E+T,automatic
W7119361117,Peanut and sorghum are excellent phytoremediators of 14C-tebuthiuron in herbicide-contaminated soil,Valdemar Luiz Tornisielo,P+E+T,P+E+T,automatic
W7119499713,Estimating soil hydraulic conductivity by Inverse Laplace Transform,Quirijn de Jong van Lier,E+T,E+T,automatic
W7119505265,Microwave-Assisted Green Extraction of Bioactive Compounds from Berries,Fabio Rodrigo Piovezani Rocha,P+T,P+T,automatic
W7119509939,Satellite-Guided Biomass Harvesting and Valorization of Cyanobacterial Blooms: A Circular Bioeconomy Perspective in a Brazilian River,Ernani Pinto Junior,P+E+T,P+E+T,automatic
W7119511354,Sorbitol-Stabilized Silicon Formulation Improve Root Traits and Antioxidant Response in Drought-Stressed Soybean,José Lavres Junior,P+E+T,P+E+T,automatic
W7120663370,Stable isotopes and mercury as tools to depict aquatic food webs,Luiz Antonio Martinelli,P+E+T,P+E+T,automatic
W7122814813,ADVANCING XRF SOIL ANALYSIS PROCEDURES FOR LABORATORY MEASUREMENTS: SCENARIOS COMBINING DIFFERENT SCANNING TIMES AND REPLICATES,José Lavres Junior,E+T,E+T,automatic
W7123539336,Population genomics of Brazilian native fruit species of Eugenia spp. (Myrtaceae) for conservation and improvement,Antonio Vargas de Oliveira Figueira,P+E+T,P+E+T,automatic
W7124157099,Effects of freezing on the carbon and nitrogen stable isotopic compositions of fish tissues,Plínio Barbosa de Camargo,P+E+T,P+E+T,automatic
W7124247306,Amazonian fog harbors viable microbes,Mauricio Cruz Mantoani,P+E+T,P+E+T,automatic
W7124289875,Pesticide residues and earthworm reproduction in 18 Brazilian soils,Valdemar Luiz Tornisielo,P+E+T,P+E+T,automatic
W7124493845,"Effects of sugarcane-derived polyphenol supplementation on ruminal fermentation, methane emission, and microbiome in Holstein cows",Lucas William Mendes,P+E+T,P+E+T,automatic
W7124772238,FAO crop coefficient and plant‐available water: Do soil and plant hydraulic properties matter?,Quirijn de Jong van Lier,E+T,E+T,automatic
W7124860430,"Oxynemamangrovii sp. nov., a new filamentous species (Oscillatoriales, Cyanobacteria) from Atlantic forest mangrove",Diego Mauricio Riaño Pachón; Marli de Fatima Fiore,P+E+T,P+E+T,automatic
W7125646245,Impacts of Forest-to-Pasture Conversion on Soil Water Retention in the Amazon Biome,Plínio Barbosa de Camargo; Tsai Siu Mui,E,E,automatic
W7125683060,Effect of Chemical Management on Weed Diversity and Community Structure in Soybean–Corn Succession in Brazil’s Triângulo Mineiro Region,Kassio Ferreira Mendes,P+E+T,P+E+T,automatic
W7125979095,"Fe–Mn Biochar Composites from Sugarcane Bagasse for Herbicides Removal: Structure, Mechanisms, and Safety Relationships toward Sustainable Water Treatment",Fabio Rodrigo Piovezani Rocha,P+E+T,P+E+T,automatic
W7126118344,Observando os Rios: Citizen Science Monitoring Water Quality in Brazil,Plínio Barbosa de Camargo,E+T,E+T,automatic
W7126160700,Boosting tree growth in the Amazon rainforest using Amazonian Dark Earths,Tsai Siu Mui,P+E+T,P+E+T,automatic
W7126211815,Rethinking plant nutrients in practice: partial substitution of potassium by sodium in tropical agriculture,José Lavres Junior,P+E+T,P+E+T,automatic
W7126368580,Rapid in situ analysis with portable XRF sensor: A pioneering study proposing fitness-for-purpose approach for performance assessment in tropical soils,José Lavres Junior,E+T,E+T,automatic
W7127052556,Machine-learning models of δ 13 C and δ 15 N isoscapes in Amazonian wood,Giuliano Maselli Locosselli; Deoclecio Jardim Amorim,E+T,E+T,automatic
W7127196630,"Growth and climate sensitivity of native and non-native urban trees under varying soil conditions in Santiago, Chile",Giuliano Maselli Locosselli,E,E,automatic
W7127304828,Trophic Ecology of Loggerhead Turtles ( Caretta caretta ) in Southern Brazil: Insights From Stable Isotopes,Plínio Barbosa de Camargo,E+T,E+T,automatic
W7127432564,"Acquisitive and conservative growth strategies influence Cedrela fissilis response to drought in two contrasting urban forests in São Paulo, Brazil",Giuliano Maselli Locosselli,P+E+T,P+E+T,automatic
W7127452530,Amazonian fog harbors viable microbes,Mauricio Cruz Mantoani,P+E+T,P+E+T,automatic
W7128004560,Pollen grain evolution in Zornia evidences the homoplastic nature of a stenopalynous genus of Leguminosae,Adriana Pinheiro Martinelli,P+E+T,P+E+T,automatic
W7128159732,"Responses of drought-tolerant Tipuana tipu trees to long-term irrigation: A tree-ring study in Lisbon, Portugal",Giuliano Maselli Locosselli,P+E+T,P+E+T,automatic
W7128219188,"Nutrient Enrichment by Poultry Biochar Reshapes Soil Microbial Networks, Reducing Interaction Complexity in Tropical Sandy Soils",Lucas William Mendes,P+E+T,P+E+T,automatic
W7128540922,Residual effect vs. degradation of S-metolachlor in tropical soils: Herbicide analysis by sorghum bioassay and HPLC,Kassio Ferreira Mendes,P+E+T,P+E+T,automatic
W7128715187,From deforestation to regeneration: How do land-use changes shape soil microbes and methane-cycling genes in the Eastern Amazon?,Tsai Siu Mui,P+E,P+E,automatic
W7130533209,Agronomic performance of maize and cover crops using composted sewage sludge to supply phosphorus,Cassio Hamilton Abreu Junior,P+E+T,P+E+T,automatic
W7130644700,Microwave-assisted extraction of total phenolic compounds from coffee,Fabio Rodrigo Piovezani Rocha,P+T,P+T,automatic
W7130652824,Inoculation with Bacillus subtilis and Paenibacillus sp. shapes the rhizosphere bacteriome of prickly pear cactus under water deficit,Lucas William Mendes,P+E,P+E,automatic
W7131137685,The influence of soil pore-size distribution on limestone mobility,Quirijn de Jong van Lier,E+T,E+T,automatic
W7131216186,"Land-use intensification reshapes microbial phosphorus cycling, organic matter composition, and phosphorus fractions in Amazonian soils",Tsai Siu Mui,P+E+T,P+E+T,automatic
W7131224186,Fecal microbiota succession in dairy calves is driven by age and modestly influenced by colostrum source,Lucas William Mendes,P+E+T,P+E+T,automatic
W7132846373,"Forage-free diet in finishing cattle: Effects on performance, ruminal fermentation, and enteric methane mitigation",Adibe Luiz Abdalla; Helder Louvandini,P+E+T,P+E+T,automatic
W7133626563,Unraveling the Genome of Epidendrum Fulgens : Demographic History and Gene Family Dynamics in a Resilient Neotropical Orchid,Diego Mauricio Riaño Pachón,P,P,automatic
W7134834904,Root Development of Tomato Plants Infected by the Cacao Pathogen Moniliophthora perniciosa Is Affected by Limited Sugar Availability,Antonio Vargas de Oliveira Figueira,P,P,automatic
W7135017648,"Additional file 1 of Plant diversity induces shifts from microbial generalists to specialist by enhancing niche differentiation, microbiome connectivity, and network stability in a temperate grassland",Lucas William Mendes,P+E+T,P+E+T,automatic
W7135033308,Environmental Mixture Toxicity of Guanitoxin and Organophosphates in Zebrafish: from Developmental and Neurobehavioral Phenotypes to Transcriptomic Responses,Ernani Pinto Junior,P+E+T,P+E+T,automatic
W7135047294,"Additional file 1 of Plant diversity induces shifts from microbial generalists to specialist by enhancing niche differentiation, microbiome connectivity, and network stability in a temperate grassland",Lucas William Mendes,P+E+T,P+E+T,automatic
W7135096010,"Surface geoenvironments shape organic matter inputs in iron-ore caves of Carajás, southeastern Amazonia",Luiz Carlos Ruiz Pessenda,E+T,E+T,automatic
W7138839948,Biomathematical Approach to Hormetic Dose–Response and Varietal Radiosensitivity in Nicotiana tabacum L.,Valter Arthur,P+T,P+T,automatic
W7139039797,"Soybean grain production and nutritional quality responses under elevated CO2, high temperature, and drought",Plínio Barbosa de Camargo,P+E+T,P+E+T,automatic
W7140043165,A novel species for tropical dendrochronology provides glances into pre-industrial environmental conditions in a Brazilian seasonally dry forest,Giuliano Maselli Locosselli,P+E+T,P+E+T,automatic
W7140116725,FREQUENT ANALYTICAL QUESTIONS (FAQ) - 20 DÚVIDAS COMUNS EM QUÍMICA ANALÍTICA,Alex Virgilio,T,T,automatic
W7140202522,Connectivity and Age of Restored Atlantic Forest Fragments Drives Composition and Functionality of the Fungal Community in the Leaf Litter Layer,Tsai Siu Mui,P+E,P+E,automatic
W7141730733,Nitrogen-Controlled Host Gatekeeping: Regulatory Chokepoints Across Four Windows for Diazotroph Access,Lucas William Mendes; José Lavres Junior,P+E+T,P+E+T,automatic
W7144265437,The rhizosphere microbiome as a decentralized immune system,Lucas William Mendes,P+E+T,P+E+T,automatic
W7147063486,Evaluation of Closed-Vessel Conductively-Heated Digestion System with Diluted Acid for Analysis of Animal Feed by ICP-MS,Alex Virgilio,T,T,automatic
W7147645077,Exploring archaeal adaptations and ecosystem roles in tropical soda lake sediments,Marli de Fatima Fiore,P+E+T,P+E+T,automatic
W7147720485,Microwave-assisted sample preparation: A review of 50 years of achievements and trends,Fabio Rodrigo Piovezani Rocha,T,T,automatic
W7150915790,Lignocellulose-mediated selection of potential halophilic PET-degrading enzymes from mangrove soil,Lucas William Mendes,P+E+T,P+E+T,automatic
W7151232872,"Carnauba straw application modulates composition, diversity, and network architecture of soil microbial communities across soil depths",Lucas William Mendes,P+E+T,P+E+T,automatic
W7152483481,Quantifying the co-benefits of a tropical urban park in São Paulo through integrated mobile and stationary monitoring,Giuliano Maselli Locosselli,E,E,automatic
W7153028459,"One-pot iron determination in fortified flours using thymol–1,10-phenanthroline deep eutectic solvent and smartphone-based digital image photometry",Samara Soares; Fabio Rodrigo Piovezani Rocha,T,T,automatic
W7153554459,Soil biological activity and nitrogen mineralization in grass and grass–legume forage systems,Adibe Luiz Abdalla,P+E+T,P+E+T,automatic
W7154046043,Resistance of bacterial community in the sugarcane rhizosphere after straw burning,Lucas William Mendes,P+E+T,P+E+T,automatic
W7154107180,Are physiological responses and infrared thermography reliable indicators of feed efficiency in Texel sheep under tropical conditions?,Adibe Luiz Abdalla,P+E+T,P+E+T,automatic
W7154495696,Kinetic Parameters of Phosphorus Uptake as a Function of Cationic Metal Supply in Cotton,José Lavres Junior,P+E+T,P+E+T,automatic
W7155504114,Nickel Supplementation for Enhanced Soybean Growth: A Micrometric-to-Nanometric Investigation of Biological Nitrogen Fixation and Metabolism,José Lavres Junior,P+E+T,P+E+T,automatic
W7155552383,Açaí biochar reduced soil acidity and enhanced potassium and micronutrient availability in Amazon Ferralsol under cowpea cultivation,José Lavres Junior,P+E+T,P+E+T,automatic
W7157227426,Integrating plant microbiome for resilient agriculture and a sustainable environment,Lucas William Mendes,P+E+T,P+E+T,automatic
W7159932079,Genotype-dependent stability and specialization of arbuscular mycorrhizal fungal communities under drought in common bean,Lucas William Mendes; Tsai Siu Mui,P+E+T,P+E+T,automatic
W7160276040,Host genetics and environment shape the gut microbiome of Euschistus heros and Piezodorus guildinii and potentially influencing their adaptation,Lucas William Mendes,P+E,P+E,automatic
W7160498451,Isoscape of Oxygen Stable Isotopes in Woods of the Amazon,Luiz Antonio Martinelli; Maria Gabriella da Silva Araújo; Deoclecio Jardim Amorim,E,E,automatic
W7160525980,"Guarana (Paullinia cupana var. sorbilis) as a dietary additive for finishing pigs: impacts on digestibility, growth performance, and carcass traits",Adibe Luiz Abdalla,P+E+T,P+E+T,automatic
W7160647065,Urochloa brizantha and Amazonian Dark Earths reshape soil microbiota without affecting tree growth in degraded Central Amazon Oxisols,Tsai Siu Mui,P+E+T,P+E+T,automatic
W7160713028,Genomic and secondary metabolites of the marine cyanobacterium Capilliphycus salinus ALCB114379,Marli de Fatima Fiore; Ernani Pinto Junior,P+T,P+T,automatic
W7161268282,"Portable, Benchtop and Micro‐XRF in Agriculture—Present and Future From the Hardware Perspective",Hudson Wallace Pereira de Carvalho,P+E+T,P+E+T,automatic
W7161284537,Comparing ERA5 ‐Land and BR ‐ DWGD Datasets and Their Impacts on Vadose‐Zone Hydrological Modelling in the Brazilian Cerrado,Quirijn de Jong van Lier,E,E,automatic
W7161403611,Long‑term impacts of a composted sewage sludge–based Class B organic fertilizer on soil micronutrients and crop production in the Tropics,Cassio Hamilton Abreu Junior,P+E+T,P+E+T,automatic
W7161640639,Seasonal Variation in Carbon Dynamics in the Lower Tocantins River: Influence of Discharge and Environmental Drivers,Alex Vladimir Krusche; Marcelo Zacharias Moreira; Maria Gabriella da Silva Araújo,E,E,automatic
W7161772949,Unveiling Foliar-Applied Calcium Translocation in Tomato: Evidence from Leaf-to-Fruit Movement Using Strontium Tracer,Alex Virgilio; Hudson Wallace Pereira de Carvalho; José Lavres Junior,P+E+T,P+E+T,automatic
W7161781331,Environmental drivers on particulate and mineral-associated organic carbon storage across land use systems in the Brazilian Cerrado region,Rafael Silva Santos,E,E,automatic
W7162112717,Enhancing soil security in Brazilian Cerrado: composted sewage sludge as a sustainable conservation agriculture strategy,Cassio Hamilton Abreu Junior,P+E+T,P+E+T,automatic
W7162303846,Bacterial inoculation drives microbiome-mediated resistance to a soil-borne pathogen in wheat,Lucas William Mendes,P,P,automatic
W7162402111,Genotype‐Dependent Modulation of Stomatal Function and Carbon Isotope Fractionation by Silicon in Common Bean Under Water Deficit,Deoclecio Jardim Amorim; José Lavres Junior,P+E+T,P+E+T,automatic
W7162414682,The role of soil in historical warfare: a review,Cassio Hamilton Abreu Junior,P+E+T,P+E+T,automatic
W7162504813,Rhizosphere microbes are partners in plant stress adaptation,Lucas William Mendes,P+E,P+E,automatic
W7163043388,"Greenhouse gases, nutrition, rumen fermentation, and microbiome of lambs fed sugarcane silage versus sugarcane/Moringa oleifera",Adibe Luiz Abdalla,P+E+T,P+E+T,automatic
W7163529654,Inclusion of Tithonia diversifolia in Silages of Elephant Grass cv. BRS Capiaçu,Adibe Luiz Abdalla,P+E+T,P+E+T,automatic
W7163913177,Phenotypic variability in the M1 population of Citrullus lanatus (Thunb.) Matsum. & Nakai ‘Sugar Baby’ irradiated with Cobalt-60 gamma rays,Augusto Tulmann Neto,P+T,P+T,automatic
W7164165772,Apparent microbial carbon use efficiency in the fertosphere: short-term responses to nitrogen fertilizer granule dissolution in tropical soil,Eduardo Mariano,P+E+T,P+E+T,automatic
W7164484853,Anthurium plowmanii growth in translucent and opaque pots under different photo-selective nets,Adriana Pinheiro Martinelli,P+E+T,P+E+T,automatic
W7164540159,Multicriteria Metric for Assessing the Sustainability of Adsorbents: From Production to Disposal,Fabio Rodrigo Piovezani Rocha,E+T,E+T,automatic
W7164644097,Subsoil Carbon and δ 13 C Spatial Patterns Reveal Land Use Legacy in a Sandy Subtropical Ecotone in Brazil,Maria Victoria Ramos Ballester; Plínio Barbosa de Camargo,E,E,automatic
W7164733638,Data and code for: Apparent microbial carbon use efficiency in the fertosphere: short-term responses to nitrogen fertilizer granule dissolution in tropical soil,Eduardo Mariano,P+E+T,P+E+T,automatic
W7164753136,Data and code for: Apparent microbial carbon use efficiency in the fertosphere: short-term responses to nitrogen fertilizer granule dissolution in tropical soil,Eduardo Mariano,P+E+T,P+E+T,automatic
W7164756081,Effect of zinc oxide nanoparticle supplementation in Santa Inês ewes during the transition period,Helder Louvandini,P+E+T,P+E+T,automatic
W7164822125,Pruning management drives early accumulation of deep soil carbon following agroforestry expansion,Eduardo Mariano,E,E,automatic
W7164827594,Rhizosphere perspective on desertification and restoration in drylands,Lucas William Mendes,P+E+T,P+E+T,automatic
W7164894459,Legacy Effects of 32 Years of Tillage and Crop Diversification on Soil Biological Activity in Paraguay,José Lavres Junior,P+E+T,P+E+T,automatic
W7165133536,"Molybdenum sources and incorporation methods into urea granules: impacts on 15N-fertilizer recovery, photosynthesis-related parameters, and sugarcane growth",Victor Alexandre Vitorello; Eduardo Mariano; Hudson Wallace Pereira de Carvalho; José Lavres Junior,P+E+T,P+E+T,automatic
W7165490362,Protein Biosynthesis Is Associated with Ionome Composition in Soybean Seeds,Francisco Scaglia Linhares; Alex Virgilio,P+T,P+T,automatic
W7165551734,"Methane mitigation, nutritional evaluation, and in vitro degradation kinetics of diets based on tropical grass haylage treated with xylanase",Adibe Luiz Abdalla,P+E+T,P+E+T,automatic
W7165848297,Phyllosphere and rhizosphere microbiomes in plant disease: ecological mechanisms underlying pathogen resistance and susceptibility,Lucas William Mendes,P+E,P+E,automatic
W7166025656,Root uptake and translocation of 14C-sulfadiazine in leaf lettuce,Kassio Ferreira Mendes,P+E+T,P+E+T,automatic
W7166196072,Initial results from a Trans-Amazon Drilling Project core from the Acre Basin of Brazil,Tsai Siu Mui,E,E,automatic
W7166311273,"Occurrence and ecological risk assessment of pesticides in the waters of the Tietê River, São Paulo, Brazil",Kassio Ferreira Mendes; Valdemar Luiz Tornisielo,P+E+T,P+E+T,automatic
W7166518614,An integrative multi-omics approach points to membrane composition as a key factor in E. coli persistence,Diego Mauricio Riaño Pachón,P,P,automatic
W7166519098,Carbon and nitrogen stocks and soil organic matter stabilization in a tropical coffee agroecosystem: A 15-year study on phosphogypsum and brachiaria intercropping,Luiz Antonio Martinelli; Hudson Wallace Pereira de Carvalho,P+E+T,P+E+T,automatic
W7166718451,Stable Isotope Values in Human Dentine Collagen and Fingernails Reveal Age‐Related and Socioeconomic Dietary Patterns in Brazil,Luiz Antonio Martinelli,P+E+T,P+E+T,automatic
W7166805263,Residues of Desiccant Herbicides in Sesame Seeds ( Sesamum indicum L.) Following Preharvest Application Determined by LC-MS/MS,Kassio Ferreira Mendes,P+E+T,P+E+T,automatic
W7166824171,Phosphate removal from water using zinc ferrite-based materials prepared via different methods: insights into adsorption performance and reusability,Hudson Wallace Pereira de Carvalho,P+E+T,P+E+T,automatic
W7166857842,"Characterizing 2,4‐D Rapid Response Resistance in Conyza sumatrensis",Valdemar Luiz Tornisielo,P+E+T,P+E+T,automatic
W7167511594,Rethinking metagenome-assembled genome completeness: are we truly recovering complete genomes?,Lucas William Mendes,P+E+T,P+E+T,automatic
W7167786069,Soil tillage and fertilization practices modulate soil greenhouse gas fluxes in tropical Brazilian soybean agroecosystems,Plínio Barbosa de Camargo,P+E+T,P+E+T,automatic
W7167794098,In situ eutectic mixture combined with diluted organic acids for a greener ICP-OES elemental analysis of chocolate,Samara Soares; Fabio Rodrigo Piovezani Rocha,T,T,automatic
W7167806826,Integrated transcriptome–metabolome analyses reveal regulatory networks underlying soluble solids accumulation in Capsicum chinense fruits,Diego Mauricio Riaño Pachón,P,P,automatic
W7167818885,Understanding soil carbon storage mechanisms to support sustainable intensification of pasture-based livestock systems in Brazil,Rafael Silva Santos,E,E,automatic
W7167850502,Blood plasma proteome analysis reveals biological mechanisms and potential biomarkers underlying feed efficiency in Texel sheep,Adibe Luiz Abdalla; Helder Louvandini,P+T,P+T,automatic
W7167891539,Genomic and Metabolomic Insights into Amazonian Oyster-Associated Cyanobacteria Reveal the First Record of Thainema in South America,Marli de Fatima Fiore; Ernani Pinto Junior,P+E+T,P+E+T,automatic
W7168038989,The Brazilian soil total available water (TAW) acquired by remote sensing and machine learning techniques,Quirijn de Jong van Lier,E+T,E+T,automatic
W7168103743,Resistant and Susceptible Lima Bean Genotypes Differentially Recruit Rhizosphere and Phyllosphere Bacteria in Response to the Fungal Pathogen Colletotrichum truncatum,Lucas William Mendes,P+E,P+E,automatic
W7168386074,Single standard normalized slope ratio calibration for mineral analysis by laser-induced breakdown spectroscopy,Fabio Rodrigo Piovezani Rocha,T,T,automatic
W7168898679,Improving ecological indicators of mangrove canopy height and aboveground biomass through multi-source data fusion on the Amazon coast,Luiz Carlos Ruiz Pessenda,E+T,E+T,automatic
W7169577338,Wet-cold forest altitudinal shifts during the Pleistocene-Holocene in the Brazilian central mountain range (Serra do Espinhaço Meridional),Plínio Barbosa de Camargo,E,E,automatic
W7169768900,Separated for too long: plant nutrition as the functional interface linking the plant-soil microbiome to plant performance,Lucas William Mendes; José Lavres Junior,P+E+T,P+E+T,automatic
W7169800585,Biological nitrogen fixation by Prosopis juliflora (Sw.) DC stands in the Brazilian semi-arid region,Plínio Barbosa de Camargo,P+E+T,P+E+T,automatic
W7169801559,"Advancing Scientia Agricola: a new phase toward integration, quality, and global relevance",José Lavres Junior,P+E+T,P+E+T,automatic
W7170758741,"Microplastics interfere with sorption–desorption, leaching, and mobility of 14C-diflubenzuron, 14C-fluazinam, and 14C-metribuzin in a tropical soil",Kassio Ferreira Mendes; Valdemar Luiz Tornisielo,P+E+T,P+E+T,automatic
W7171362443,"Physiological responses, body temperature, enteric methane and ruminal microbiota of lambs fed sugarcane silage and Tithonia diversifolia",Adibe Luiz Abdalla,P+E+T,P+E+T,automatic
W7171383108,Cover Crops’ Role in Mitigating 14C-Imazethapyr in Contaminated Soils: A Phytoremediation Strategy for Intensive Agriculture,Kassio Ferreira Mendes; Valdemar Luiz Tornisielo,P+E+T,P+E+T,automatic
W7171409155,Physiological hormesis induced by low-dose gamma radiation in Nicotiana tabacum L.: Varietal differences in early stress response,Valter Arthur,P+T,P+T,automatic
W7171563967,Ranking lambs by feed efficiency – are there changes in ruminal fermentation parameters and enteric methane emissions?,Adibe Luiz Abdalla,P+E+T,P+E+T,automatic
W7171772308,Tolerance of Brazil pusley biotypes to glyphosate: role of absorption and translocation and behavior of shikimic acid pathway metabolites,Kassio Ferreira Mendes,P+E+T,P+E+T,automatic
W7171815176,"Carbon, calcium carbonate, and nitrogen sources and distribution across mangrove forests: a case study from northeastern Brazil",Plínio Barbosa de Camargo,E+T,E+T,automatic
W7171982619,Calibrating the wetting front pressure head of the Green and Ampt infiltration model,Quirijn de Jong van Lier,P+E+T,P+E+T,automatic
W7172541110,Diurnal dynamics of maize gene expression is associated with phyllosphere microbiome composition,Diego Mauricio Riaño Pachón; Lucas William Mendes,P,P,automatic
W7196949283,Caenorhabditis elegans in nanosafety research: dual effect of Escherichia coli ecocorona formation on single and combined toxicity of graphene oxide,Cassio Hamilton Abreu Junior,P+T,P+T,automatic
W7196972478,Impact of Climate Change on Cyanobacteria–Cyanophage Interactions and Their Role in Cyanobacterial Blooms in Freshwater Lakes,Marli de Fatima Fiore,P+E+T,P+E+T,automatic
W7201959342,Coupled organic and inorganic carbon dynamics mediated by calcium in semi-arid olive orchards,Hudson Wallace Pereira de Carvalho,P+E+T,P+E+T,automatic
W7202167304,Vis-NIR and XRF data fusion for soil organic carbon inference: Insights from large-scale spectral libraries and fitness-for-purpose evaluation,Hudson Wallace Pereira de Carvalho; José Lavres Junior,P+E+T,P+E+T,automatic
W7203597002,"Feed Efficiency Classification in Confined Texel Ewe Lambs: Relationships with Ruminal Fermentation, Nitrogen Metabolism, and Greenhouse Gas Emissions",Adibe Luiz Abdalla; Helder Louvandini,P+E+T,P+E+T,automatic
W7203633140,Multiproxy data indicate insolation-driven changes in precipitation over eastern tropical South America during the Holocene,Marília Campos,E+T,E+T,automatic
W7203642431,Image-Based Phenotyping for Early Assessment of Radiosensitivity of Cowpea (Vigna unguiculata L. Walp.) Seedlings Irradiated with Gamma Rays,Valter Arthur,P+T,P+T,automatic
W7203703056,"Calor? No Horto, não!",Giuliano Maselli Locosselli,P+E+T,P+E+T,automatic
W7203716734,"Calor? No Horto, não!",Giuliano Maselli Locosselli,P+E+T,P+E+T,automatic
W7203897170,"Structural adaptations of aboveground vegetative organs to cangas: A case study with the Amazonian species Carajasia cangae R.M.Salas, E.L.Cabral & Dessein (Rubiaceae), which grows on ferruginous outcrops",Adriana Pinheiro Martinelli,P+E+T,P+E+T,automatic
W7204061892,Biochar,Kassio Ferreira Mendes,P+E+T,P+E+T,automatic
W7204188463,Long-lived geoxyles of the Cerrado: anatomical and radiocarbon evidence from a Psidium grandifolium xylopodium,Luiz Carlos Ruiz Pessenda,P+E+T,P+E+T,automatic
W7204575193,Phytohormone-microbiome interactions and epigenetic regulation of plant stress responses and priming,Lucas William Mendes,P,P,automatic
W7204627859,Restoration contexts shape the bacterial and fungal soil communities in desertification hotspots in the Brazilian semiarid region,Lucas William Mendes,P+E,P+E,automatic
W7204956395,Exploring functional and taxonomic rhizosphere microbiome signatures in drought-tolerant common beans,Lucas William Mendes; Tsai Siu Mui,P+E+T,P+E+T,automatic
W7207683527,Effects of partial replacement of sugarcane silage with Moringa oleifera silage on carcass traits and meat quality of lambs,Adibe Luiz Abdalla,P+E+T,P+E+T,automatic
W7211966851,Synthetic Orthogonal Promoters and Transcription Factor Platforms in Algae: Rational Design Principles and Applications in Synthetic Biology,Flavia Vischi Winck,P,P,automatic
W7212129804,Leaf elemental traits and stable isotopes across a Caatinga–Atlantic forest transect reveal shifts in water-use and nutrient strategies,Luiz Antonio Martinelli; Maria Gabriella da Silva Araújo; Plínio Barbosa de Camargo,E+T,E+T,automatic
W7212368518,"Microbial traits, necromass accumulation, and soil carbon persistence are shaped by oil palm-based agroforestry in the Amazon",Valdemar Luiz Tornisielo,P+E,P+E,automatic
W7212402567,Cooperative-based agroforestry system supports steady bioeconomy in the Eastern Amazon,Tsai Siu Mui,P+E,P+E,automatic
W7212634955,"Climatic variations, vegetation and soils during the Holocene in the Pantanal of Mato Grosso do Sul, Brazil",Luiz Carlos Ruiz Pessenda,E+T,E+T,automatic
W7213454255,The above- and below-ground root-to-shoot ratio in urban trees – a ground penetrating radar assessment,Giuliano Maselli Locosselli,P+E+T,P+E+T,automatic
W7213466883,Modeling the effects of livestock rotation frequency on forage production and soil carbon using a spatially explicit grazing distribution,Rafael Silva Santos,E,E,automatic
W7213546396,Absorption and translocation of 14 C ‐propiconazole associated with two adjuvants in young coffee plants,Kassio Ferreira Mendes; Valdemar Luiz Tornisielo,P+E+T,P+E+T,automatic
W7213669560,Diflubenzuron persists and impairs behavioral and biochemical responses in the giant freshwater prawn (Macrobrachium rosenbergii),Valdemar Luiz Tornisielo,P+E+T,P+E+T,automatic
W7214019355,Native tree species in silvopastoral system outperforms,Tsai Siu Mui,P+E+T,P+E+T,automatic
W7214713104,A plant species persisting under desertification is associated with a distinct rhizosphere bacterial community,Lucas William Mendes,P+E+T,P+E+T,automatic
W7214729655,Role of zinc oxide nanoparticles in the parasitism and abomasal pathophysiology of lambs artificially infected with Haemonchus contortus,Helder Louvandini,P+T,P+T,automatic
W7214783276,Developmental and behavioral disruption in Zebrafish larvae by mixtures of anatoxin-a and neonicotinoids,Ernani Pinto Junior,P+E+T,P+E+T,automatic
W7214963263,Foliar Application of Azospirillum brasilense Enhances Wheat Nutrition and Yield Under Tropical Savanna Conditions,Lucas William Mendes,P+E+T,P+E+T,automatic
W7215074864,Conserved Hydrocarbon Degradation Architectures in Petroleum-Associated Microbiomes Revealed by Genome-Resolved Analysis Using the Petroleum-Associated Genome Database (PaGeD),Diego Mauricio Riaño Pachón,P+E+T,P+E+T,automatic
W7215084676,Advancing Maize Seed Vigor Assessment Through Multispectral Imaging: Highlighting the Relevance of Ultraviolet Optical Markers,José Lavres Junior,P+T,P+T,automatic
W7217384309,"A UNIVERSIDADE DE VOLTA A ESCOLA: EXTENSÃO CIENTÍFICA COM JOVENS ALUNOS EM PIRACICABA (SÃO PAULO, BRASIL)",Ernani Pinto Junior,P+E+T,P+E+T,automatic
