work_id,title,doi,publication_date,score_B,score_N,score_Q,score_gap,suggested_areas,assigned_areas,source,review_flags,exclusive_author_seed,has_abstract,has_keywords
W3002172438,"Sterilizing of Alphitobius diaperinus (Panzer, 1797) (Coleoptera: Tenebrionidae) irradiated in pupa stage",https://doi.org/10.15392/bjrs.v9i1a.1445,2021-04-30,0.739852,0.823616,0.757273,0.066343,N,N,manual_override,,N,1,1
W3002391705,PROPAGATION OF MANGO SEEDLINGS OF THE CULTIVAR “TOMMY” BY GRAFTS IRRADIATED,https://doi.org/10.15392/bjrs.v9i1a.1449,2021-04-30,0.733091,0.781156,0.720132,0.048065,B+N,N,manual_override,multiple_areas,N,1,1
W3003543800,APPLICATION OF GAMMA RADIATION IN PEA (PISUM SATIVUM L.) IN NATURA TO INHIBIT SPROUTING AND INCREASE SHELF LIFE,https://doi.org/10.15392/bjrs.v9i1a.1439,2021-04-30,0.734326,0.783984,0.760086,0.023899,B+N+Q,N,manual_override,multiple_areas,N,1,1
W3003767768,Glycine max oil physical-chemical quality obtained of irradiated seeds,https://doi.org/10.15392/bjrs.v9i1a.1450,2021-04-30,0.758601,0.815147,0.784830,0.030317,N+Q,N,manual_override,multiple_areas,N,1,1
W3003850080,APPLE PORRIDGE SUBMITTED TO GAMMA RADIATION FOR SHELF-LIFE EXTENDED,https://doi.org/10.15392/bjrs.v9i1a.1372,2021-04-30,0.732378,0.794104,0.789404,0.004700,N+Q,N,manual_override,multiple_areas,N,1,1
W3004084447,"DISINFESTATION OF MANGOES HADEN IN-FESTED BY Anastrepha fraterculus (WIED., 1830) (DIPTERA, TEPHRITIDAE), WITH GAMMA RADIATION",https://doi.org/10.15392/bjrs.v9i1a.1444,2021-04-30,0.691688,0.776291,0.697623,0.078668,N,N,manual_override,,N,1,1
W3004288181,SHELF-LIFE OF PAPAYA NECTAR SUBMITTED TO IONIZING RADIATION,https://doi.org/10.15392/bjrs.v9i1a.1374,2021-04-30,0.717246,0.789271,0.771208,0.018063,N+Q,N,manual_override,multiple_areas,N,1,1
W3112519777,Multispectral and X-ray images for characterization of Jatropha curcas L. seed quality,https://doi.org/10.1186/s13007-021-00709-6,2021-01-26,0.791748,0.827019,0.807984,0.019034,B+N+Q,N,manual_override,multiple_areas,N,1,1
W3118279996,Potential use of cassava by-product as ruminant feed,https://doi.org/10.1007/s11250-021-02555-z,2021-01-09,0.731137,0.748991,0.760432,0.011441,B+N+Q,B+N+Q,automatic,multiple_areas;no_abstract,,0,1
W3118483448,hRNAi-mediated knock-down of Sphenophorus levis V-ATPase E in transgenic sugarcane (Saccharum spp interspecific hybrid) affects the insect growth and survival,https://doi.org/10.1007/s00299-020-02646-5,2021-01-03,0.784834,0.765329,0.719108,0.019504,B+N,B+N,automatic,multiple_areas;no_abstract,B,0,1
W3118560306,"Mycosporine-Like Amino Acids (MAAs): Biology, Chemistry and Identification Features",https://doi.org/10.3390/ph14010063,2021-01-14,0.800403,0.765515,0.797290,0.003114,B+N+Q,B+N+Q,automatic,multiple_areas,,1,1
W3118702585,Distinct bacterial community structure and composition along different cowpea producing ecoregions in Northeastern Brazil,https://doi.org/10.1038/s41598-020-80840-x,2021-01-12,0.841736,0.795490,0.772224,0.046246,B+N,B+N,automatic,multiple_areas,B,1,1
W3119155659,Moderate swidden agriculture inside dense evergreen ombrophilous forests can sustain soil chemical properties over 10–15 year cycles within the Brazilian Atlantic Forest,https://doi.org/10.1016/j.catena.2020.105117,2021-01-13,0.807234,0.816867,0.781258,0.009633,B+N+Q,B,manual_override,multiple_areas,,1,1
W3119210310,"Seed size influences the promoting activity of rhizobia on plant growth, nodulation and N fixation in lima bean",https://doi.org/10.1590/0103-8478cr20200246,2021-01-01,0.807242,0.780160,0.749877,0.027081,B+N,B+N,automatic,multiple_areas,B,1,1
W3119714006,"Occurrence of caffeine, fluoxetine, bezafibrate and levothyroxine in surface freshwater of São Paulo State (Brazil) and risk assessment for aquatic life protection",https://doi.org/10.1007/s11356-020-11799-5,2021-01-06,0.733060,0.760132,0.779402,0.019270,B+N+Q,B+N+Q,automatic,multiple_areas;no_abstract,,0,1
W3120831690,Distinct taxonomic composition of soil bacterial community across a native gradient of Cerrado-Ecotone-Caatinga,https://doi.org/10.1016/j.apsoil.2020.103874,2021-01-11,0.835242,0.806764,0.776255,0.028478,B+N,B+N,automatic,multiple_areas,B,1,1
W3120914734,New approach for direct analysis of opaque solutions with high content of suspended solids: Determination of calcium and phosphate in raw sugarcane juice,https://doi.org/10.1016/j.talanta.2021.122095,2021-01-10,0.772336,0.783494,0.864015,0.080521,Q,Q,automatic,no_abstract,Q,0,1
W3121025337,Growth and saxitoxin production responses to copper (CuCl2) exposure by the cyanobacterium Raphidiopsis raciborskii,https://doi.org/10.1007/s10811-020-02324-9,2021-01-08,0.758565,0.718053,0.743728,0.014836,B+N+Q,B+N+Q,automatic,multiple_areas;no_abstract,B,0,1
W3121545671,Plant Compartments and Developmental Stages Modulate the Balance between Niche-Based and Neutral Processes in Soybean Microbiome,https://doi.org/10.1007/s00248-021-01688-w,2021-01-18,0.835047,0.790067,0.756348,0.044980,B+N,B+N,automatic,multiple_areas;no_abstract,B,0,1
W3122406477,Characterization and Comparison of Intestinal Bacterial Microbiomes of Euschistus heros and Piezodorus guildinii Collected in Brazil and the United States,https://doi.org/10.3389/fmicb.2021.769965,2021-10-27,0.824368,0.815469,0.779284,0.008899,B+N+Q,B+N+Q,automatic,multiple_areas,B,1,1
W3122527749,Effect of Fertiactyl® on the absorption and translocation of 14C-glyphosate in young eucalyptus plants,https://doi.org/10.1080/03601234.2021.1872325,2021-01-15,0.775135,0.758961,0.751352,0.016175,B+N+Q,B,manual_override,multiple_areas,,1,1
W3123298438,Restoration of quarry areas in Mediterranean regions through a low-cost soil rebuilding technique for profitable pedotechnosystems development,https://doi.org/10.1016/j.still.2021.104936,2021-01-20,0.783008,0.797561,0.791452,0.006109,B+N+Q,B,manual_override,multiple_areas;no_abstract,,0,1
W3123361126,Grazing exclusion regulates bacterial community in highly degraded semiarid soils from the Brazilian Caatinga biome,https://doi.org/10.1002/ldr.3893,2021-01-23,0.840080,0.814235,0.773877,0.025844,B+N,B+N,automatic,multiple_areas,B,1,1
W3125119374,"Bee propolis extract as a phytogenic feed additive to enhance diet digestibility, rumen microbial biosynthesis, mitigating methane formation and health status of late pregnant ewes",https://doi.org/10.1016/j.anifeedsci.2021.114834,2021-01-21,0.794481,0.792340,0.815174,0.020693,B+N+Q,B+Q,manual_override,multiple_areas,Q,1,1
W3125232735,Nickel Influences Urease Activity and Calcium Distribution in Tomato Fruits,https://doi.org/10.1021/acsagscitech.0c00003,2021-01-27,0.822083,0.787846,0.815613,0.006470,B+N+Q,B+N+Q,automatic,multiple_areas,,1,1
W3125785587,Do Flavonoids from Durum Wheat Contribute to Its Bioactive Properties? A Prospective Study,https://doi.org/10.3390/molecules26020463,2021-01-17,0.758685,0.751524,0.789579,0.030894,B+N+Q,B+N+Q,automatic,multiple_areas,Q,1,1
W3125930863,"Phylogenomic analysis of Anabaenopsis elenkinii (Nostocales, Cyanobacteria)",https://doi.org/10.1099/ijsem.0.004648,2021-01-21,0.808503,0.760133,0.740715,0.048370,B+N,B+N,automatic,multiple_areas,,1,1
W3126206008,Investigating δ13C values in stalagmites from tropical South America for the last two millennia,https://doi.org/10.1016/j.quascirev.2021.106822,2021-02-05,0.728775,0.776745,0.742773,0.033972,B+N+Q,B+N+Q,automatic,multiple_areas;no_abstract,,0,1
W3126454266,Genomic and transcriptomic resources for candidate gene discovery in the Ranunculids,https://doi.org/10.1002/aps3.11407,2021-01-01,0.813292,0.764712,0.713388,0.048580,B+N,B+N,automatic,multiple_areas,B,1,1
W3126791990,Obtaining high-quality oil from monguba (Pachira aquatica Aubl.) seeds by using supercritical CO2 process,https://doi.org/10.1016/j.supflu.2021.105192,2021-02-10,0.745350,0.761794,0.782833,0.021039,B+N+Q,B+N+Q,automatic,multiple_areas,Q,1,1
W3127332474,Propagation of uncertainty of soil hydraulic parameterization in the prediction of water balance components: A stochastic analysis in kaolinitic clay soils,https://doi.org/10.1016/j.geoderma.2020.114910,2021-02-06,0.700387,0.766700,0.690450,0.066314,N,N,automatic,no_abstract,N,0,1
W3127955207,Effect of pyrolysis temperature on eucalyptus wood residues biochar on availability and transport of hexazinone in soil,https://doi.org/10.1007/s13762-021-03147-y,2021-01-30,0.747455,0.744346,0.770761,0.023306,B+N+Q,B+N+Q,automatic,multiple_areas;no_abstract,,0,1
W3128202527,Smartphone-based digital images as a novel approach to determine formaldehyde as a milk adulterant,https://doi.org/10.1016/j.foodcont.2021.107956,2021-02-05,0.696203,0.736690,0.802703,0.066014,Q,Q,automatic,no_abstract,Q,0,1
W3128231263,The effect of global warming on the establishment of mangroves in coastal Louisiana during the Holocene,https://doi.org/10.1016/j.geomorph.2021.107648,2021-02-10,0.734347,0.746385,0.711391,0.012039,B+N+Q,B+N+Q,automatic,multiple_areas;no_abstract,,0,1
W3128242165,Genome-Resolved Metagenomics Is Essential for Unlocking the Microbial Black Box of the Soil,https://doi.org/10.1016/j.tim.2021.01.013,2021-02-05,0.824115,0.778159,0.767896,0.045956,B+N,B+N,automatic,multiple_areas;no_abstract,B,0,1
W3128773514,Consequences of a Severe Drought on Dissolved Carbon Forms of a Tropical Mesoscale River Under High Human Influence,https://doi.org/10.1007/s11270-021-05033-2,2021-02-01,0.750050,0.782054,0.770502,0.011552,B+N+Q,B+N+Q,automatic,multiple_areas;no_abstract,N,0,1
W3128798565,Evaluation of ozone technology as an alternative for degradation of free gossypol in cottonseed meal: a prospective study,https://doi.org/10.1080/19440049.2020.1865579,2021-02-04,0.755194,0.789250,0.805680,0.016431,N+Q,N+Q,automatic,multiple_areas,,1,1
W3129106619,Chemometrics unraveling nutrient dynamics during soybean seed germination,https://doi.org/10.1016/j.microc.2021.106045,2021-02-10,0.809048,0.791583,0.808119,0.000929,B+N+Q,Q,manual_override,multiple_areas;no_abstract,,0,1
W3129815759,"Evaluation of antioxidant capacity, fatty acid profile, and bioactive compounds from buritirana (Mauritiella armata Mart.) oil: A little-explored native Brazilian fruit",https://doi.org/10.1016/j.foodres.2021.110260,2021-02-26,0.759563,0.755519,0.796770,0.037207,B+N+Q,B+N+Q,automatic,multiple_areas;no_abstract,Q,0,1
W3130898158,Urea- Versus Ammonium Nitrate–Based Fertilizers for Green Sugarcane Cultivation,https://doi.org/10.1007/s42729-021-00443-x,2021-02-24,0.791106,0.771732,0.764498,0.019374,B+N+Q,B+N+Q,automatic,multiple_areas;no_abstract,,0,1
W3131954587,Active Antioxidant Phenolics from Brazilian Red Propolis: An Optimization Study for Their Recovery and Identification by LC-ESI-QTOF-MS/MS,https://doi.org/10.3390/antiox10020297,2021-02-16,0.746313,0.738837,0.796751,0.050439,Q,Q,automatic,,Q,1,1
W3132777137,"Photosynthetic Parameters and Growth of Rice, Lettuce, Sunflower and Tomato in an Entisol as Affected by Soil Acidity and Bioaccumulation of Ba, Cd, Cu, Ni, and Zn",https://doi.org/10.1007/s00244-021-00850-2,2021-05-07,0.810780,0.793782,0.808930,0.001851,B+N+Q,B,manual_override,multiple_areas;no_abstract,,0,1
W3134264579,Adaptive evolution of Moniliophthora PR-1 proteins towards its pathogenic lifestyle,https://doi.org/10.1186/s12862-021-01818-5,2021-05-14,0.812531,0.753683,0.724818,0.058848,B,B,automatic,,B,1,1
W3134686076,Ingestion and effects of cerium oxide nanoparticles on Spodoptera frugiperda (Lepidoptera: Noctuidae),https://doi.org/10.1016/j.envpol.2021.116905,2021-03-10,0.721417,0.751138,0.747393,0.003746,B+N+Q,B+N+Q,automatic,multiple_areas;no_abstract,,0,1
W3134813985,"CyanoMetDB, a comprehensive public database of secondary metabolites from cyanobacteria",https://doi.org/10.1016/j.watres.2021.117017,2021-03-08,0.801223,0.757999,0.790127,0.011095,B+N+Q,Q,manual_override,multiple_areas,,1,1
W3135139121,Revealing the high variability on nonconserved core and mobile elements of Austropuccinia psidii and other rust mitochondrial genomes,https://doi.org/10.1371/journal.pone.0248054,2021-03-11,0.798196,0.739295,0.709731,0.058901,B,B,automatic,,B,1,1
W3135292283,Synchrotron-based X-ray microscopy for assessing elements distribution and speciation in mangrove tree-rings,https://doi.org/10.1016/j.rechem.2021.100121,2021-01-01,0.793959,0.793175,0.801975,0.008016,B+N+Q,B+N,manual_override,multiple_areas,,1,1
W3136172719,Partial Substitution of K by Na Alleviates Drought Stress and Increases Water Use Efficiency in Eucalyptus Species Seedlings,https://doi.org/10.3389/fpls.2021.632342,2021-03-15,0.832554,0.799475,0.770718,0.033079,B+N,B+N,automatic,multiple_areas,,1,1
W3138476166,Trichostrongylus colubriformis affecting sheep phosphorus metabolism and precision feeding as a mitigating strategy,https://doi.org/10.1590/s1984-29612021001,2021-01-01,0.752255,0.753192,0.744140,0.000937,B+N+Q,B+N+Q,automatic,multiple_areas,,1,1
W3138696229,Characterisation of the chocolate aroma in roast jackfruit seeds,https://doi.org/10.1016/j.foodchem.2021.129537,2021-03-12,0.712077,0.714102,0.743626,0.029524,B+N+Q,B+N+Q,automatic,multiple_areas;no_abstract,Q,0,1
W3138919469,Can the insecticide Imidacloprid affect the health of the Neotropical freshwater fish Astyanax altiparanae (Teleostei: Characidae)?,https://doi.org/10.1016/j.etap.2021.103634,2021-03-18,0.760412,0.771881,0.773289,0.001408,B+N+Q,B+N+Q,automatic,multiple_areas,,1,1
W3139422816,Bacillus subtilis changes the root architecture of soybean grown on nutrient-poor substrate,https://doi.org/10.1016/j.rhisph.2021.100348,2021-03-23,0.829484,0.776508,0.761296,0.052976,B,B,automatic,no_abstract,B,0,1
W3141387918,Soil organic carbon mobility in equatorial podzols: soil column experiments,https://doi.org/10.5194/soil-7-585-2021,2021-09-06,0.816085,0.822340,0.820981,0.001359,B+N+Q,B+N+Q,automatic,multiple_areas,Q,1,1
W3142259962,Do drought-adapted peanut genotypes have different bioactive compounds and ROS-scavenging activity?,https://doi.org/10.1007/s00217-021-03714-0,2021-03-29,0.775935,0.759608,0.760372,0.015563,B+N+Q,B+N+Q,automatic,multiple_areas;no_abstract,Q,0,1
W3143514697,MEAD OF NATURAL FERMENTATION,https://doi.org/10.15414/jmbfs.3628,2021-04-29,0.749399,0.764805,0.783412,0.018607,B+N+Q,B+N+Q,automatic,multiple_areas,N,1,1
W3143606862,"Determining the Sterilization Doses under Hypoxia for the Novel Black Pupae Genetic Sexing Strain of Anastrepha fraterculus (Diptera, Tephritidae)",https://doi.org/10.3390/insects12040308,2021-03-30,0.734674,0.799418,0.718869,0.064744,N,N,automatic,,N,1,1
W3145232491,"Moniliophthoraperniciosa, the causal agent of witches’ broom disease of cacao, interferes with cytokinin metabolism during infection of Micro‐Tom tomato and promotes symptom development",https://doi.org/10.1111/nph.17386,2021-04-07,0.816467,0.762816,0.741100,0.053650,B,B,automatic,,B,1,1
W3145412754,A bioinspired nitrone precursor to a stabilized nitroxide radical,https://doi.org/10.1016/j.freeradbiomed.2021.03.030,2021-03-30,0.717351,0.697643,0.726634,0.009283,B+N+Q,B+N+Q,automatic,multiple_areas;no_abstract,,0,1
W3149218435,Not just a methane source: Amazonian floodplain sediments harbour a high diversity of methanotrophs with different metabolic capabilities,https://doi.org/10.1111/mec.15912,2021-04-05,0.806824,0.791666,0.760986,0.015158,B+N+Q,B+N+Q,automatic,multiple_areas,,1,1
W3149695007,Inajá oil processing by-product: A novel source of bioactive catechins and procyanidins from a Brazilian native fruit,https://doi.org/10.1016/j.foodres.2021.110353,2021-03-27,0.771783,0.765647,0.816615,0.044832,B+Q,B+Q,automatic,multiple_areas;no_abstract,Q,0,1
W3152840179,"Shedding Light on the Dynamic Role of the “Target of Rapamycin” Kinase in the Fast-Growing C4 Species Setaria viridis, a Suitable Model for Biomass Crops",https://doi.org/10.3389/fpls.2021.637508,2021-04-13,0.855463,0.777868,0.759610,0.077595,B,B,automatic,,B,1,1
W3152894666,"Isolation and enzyme bioprospection of bacteria associated to Bruguiera cylindrica, a mangrove plant of North Sumatra, Indonesia",https://doi.org/10.1016/j.btre.2021.e00617,2021-04-21,0.786018,0.757728,0.768486,0.017532,B+N+Q,B+N+Q,automatic,multiple_areas,B,1,1
W3153502076,The effects of microwave application on the physicochemical properties of bacaba (Oenocarpus bacaba Mart.) oil [pdf],https://doi.org/10.17306/j.afs.2021.0893,2021-04-27,0.720218,0.749363,0.777065,0.027702,N+Q,N+Q,automatic,multiple_areas,N,1,1
W3154481206,Stability Analyses by HPLC-MS of Guanitoxin Isolated from Sphaerospermopsis torques-reginae,https://doi.org/10.21577/0103-5053.20210053,2021-01-01,0.775887,0.776226,0.808625,0.032399,B+N+Q,B+N+Q,automatic,multiple_areas,,1,1
W3155411866,"Effects of increasing dietary oil inclusion from different sources on growth performance, carcass and meat quality traits, and fatty acid profile in genetically lean immunocastrated male pigs",https://doi.org/10.1016/j.livsci.2021.104515,2021-04-19,0.741125,0.739900,0.753156,0.012031,B+N+Q,B+N+Q,automatic,multiple_areas;no_abstract,Q,0,1
W3155598205,Convolutional Neural Networks Using Enhanced Radiographs for Real-Time Detection of Sitophilus zeamais in Maize Grain,https://doi.org/10.3390/foods10040879,2021-04-16,0.738766,0.797936,0.762512,0.035424,N+Q,N+Q,automatic,multiple_areas,N,1,1
W3155675131,Phenolics and alkaloids of raw cocoa nibs and husk: The role of soluble and insoluble-bound antioxidants,https://doi.org/10.1016/j.fbio.2021.101085,2021-04-20,0.762924,0.752795,0.812899,0.049975,B+Q,B+Q,automatic,multiple_areas,Q,1,1
W3156045673,Short-term nickel residual effect in field-grown soybeans: nickel-enriched soil acidity amendments promote plant growth and safe soil nickel levels,https://doi.org/10.1080/03650340.2021.1912325,2021-04-17,0.827315,0.808212,0.822065,0.005251,B+N+Q,B+N+Q,automatic,multiple_areas,,1,1
W3156725318,Overexpression of a Sugarcane BAHD Acyltransferase Alters Hydroxycinnamate Content in Maize Cell Wall,https://doi.org/10.3389/fpls.2021.626168,2021-04-21,0.840749,0.786382,0.784780,0.054367,B,B,automatic,,B,1,1
W3156861082,Soil CO2 emission and soil attributes associated with the microbiota of a sugarcane area in southern Brazil,https://doi.org/10.1038/s41598-021-87479-2,2021-04-15,0.874443,0.867372,0.836986,0.007071,B+N+Q,B+N+Q,automatic,multiple_areas,,1,1
W3157302119,Cow bonechar decreases indaziflam pre-emergence herbicidal activity in tropical soil,https://doi.org/10.1080/03601234.2021.1916302,2021-05-05,0.794831,0.796254,0.796853,0.000599,B+N+Q,B+N+Q,automatic,multiple_areas,,1,1
W3158712178,INFLUENCE OF IRRADIATION ON POWDER CHARACTERISTICS AND CHITOSAN SOLUTION,https://doi.org/10.15392/bjrs.v9i1a.1451,2021-04-30,0.702346,0.759180,0.761436,0.002257,N+Q,N+Q,automatic,multiple_areas,N,1,1
W3158801254,EFFECT OF IRRADIATION IN HONEY INOCULATED WITH Bacillus sporothermodurans,https://doi.org/10.15392/bjrs.v9i1a.1448,2021-04-30,0.719355,0.770680,0.754173,0.016506,N+Q,N+Q,automatic,multiple_areas,N,1,1
W3160023570,Effect of long-term crop rotation and fertilisation management on soil humus dynamics in organic and sustainable agricultural management systems,https://doi.org/10.1071/sr20101,2021-05-19,0.790494,0.800214,0.790173,0.009720,B+N+Q,B+N+Q,automatic,multiple_areas,N,1,1
W3160155384,Variability in soil physical–chemical properties along the root-explored profile in deep Oxisols of commercial eucalypt plantations,https://doi.org/10.1016/j.foreco.2021.119334,2021-05-16,0.765034,0.782168,0.755884,0.017134,B+N+Q,B+N+Q,automatic,multiple_areas;no_abstract,,0,1
W3160287333,Impacts of market economy access and livelihood conditions on agro-food transition in rural communities in three macro-regions of Brazil,https://doi.org/10.1007/s10668-021-01480-3,2021-05-10,0.765100,0.784265,0.751716,0.019165,B+N+Q,B+N+Q,automatic,multiple_areas;no_abstract,N,0,1
W3160355583,Taking the pulse of Earth's tropical forests using networks of highly distributed plots,https://doi.org/10.1016/j.biocon.2020.108849,2021-05-24,0.744620,0.770398,0.708169,0.025778,B+N,B+N,automatic,multiple_areas;no_abstract,N,0,1
W3161009848,"Multi-Sensor Approach for Tropical Soil Fertility Analysis: Comparison of Individual and Combined Performance of VNIR, XRF, and LIBS Spectroscopies",https://doi.org/10.3390/agronomy11061028,2021-05-21,0.807371,0.831061,0.845694,0.014633,B+N+Q,B+N+Q,automatic,multiple_areas,,1,1
W3161561634,"Replacing maize with low tannin sorghum grains: lamb growth performance, microbial protein synthesis and enteric methane production",https://doi.org/10.1071/an20605,2021-05-10,0.767617,0.758209,0.762797,0.004819,B+N+Q,B+N+Q,automatic,multiple_areas,,1,1
W3161746769,"Silicon modifies C:N:P stoichiometry, and increases nutrient use efficiency and productivity of quinoa",https://doi.org/10.1038/s41598-021-89416-9,2021-05-10,0.835432,0.791506,0.800581,0.034851,B+N+Q,B+N+Q,automatic,multiple_areas,B,1,1
W3161877208,Arbuscular mycorrhizal community in soil from different Brazilian Cerrado physiognomies,https://doi.org/10.1016/j.rhisph.2021.100375,2021-05-08,0.794191,0.777215,0.744630,0.016976,B+N+Q,B+N+Q,automatic,multiple_areas;no_abstract,B,0,1
W3161947000,Brazilian Red Propolis shows antifungal and immunomodulatory activities against Paracoccidioides brasiliensis,https://doi.org/10.1016/j.jep.2021.114181,2021-05-12,0.736876,0.721698,0.744591,0.007715,B+N+Q,B+N+Q,automatic,multiple_areas;no_abstract,Q,0,1
W3162129695,"Permanent occurrence of Raphidiopsis raciborskii and cyanotoxins in a subtropical reservoir polluted by domestic effluents (Itupararanga reservoir, São Paulo, Brazil)",https://doi.org/10.1007/s11356-021-16994-6,2021-10-25,0.746285,0.745350,0.739766,0.000935,B+N+Q,B+N+Q,automatic,multiple_areas;no_abstract,,0,1
W3162425738,Perspective: What constitutes a quality paper in atomic spectrometry,https://doi.org/10.1016/j.talo.2021.100045,2021-05-18,0.710309,0.721489,0.772310,0.050821,Q,Q,automatic,,Q,1,1
W3162927747,"Hydrological influence on the evolution of a subtropical mangrove ecosystem during the late Holocene from Babitonga Bay, Brazil",https://doi.org/10.1016/j.palaeo.2021.110463,2021-05-15,0.719194,0.753649,0.693106,0.034455,B+N,B+N,automatic,multiple_areas;no_abstract,B,0,1
W3163058041,"Growth performance, carcass traits and meat quality of lambs fed increasing level of Macadamia nut cake",https://doi.org/10.1590/0001-3765202120190852,2021-01-01,0.735510,0.758639,0.764596,0.005957,B+N+Q,B+N+Q,automatic,multiple_areas,,1,1
W3163160329,"Aggregation, carbon, nitrogen, and natural abundance of 13 C and 15 N in soils under no-tillage system fertilized with injection and surface application of pig slurry for five years",https://doi.org/10.1080/17583004.2021.1920822,2021-05-04,0.801941,0.815388,0.802156,0.013232,B+N+Q,B+N+Q,automatic,multiple_areas,B,1,1
W3163253916,Use of non-volatile compounds for the classification of specialty and traditional Brazilian coffees using principal component analysis,https://doi.org/10.1016/j.foodchem.2021.130088,2021-05-13,0.734844,0.749805,0.798354,0.048548,N+Q,N+Q,automatic,multiple_areas;no_abstract,Q,0,1
W3163540264,Large-scale flow analysis: From repetitive assays to expert analyzers,https://doi.org/10.1016/j.talanta.2021.122479,2021-05-08,0.688000,0.714428,0.734676,0.020247,B+N+Q,B+N+Q,automatic,multiple_areas;no_abstract,Q,0,1
W3164670859,Increased hydraulic constraints in Eucalyptus plantations fertilized with potassium,https://doi.org/10.1111/pce.14102,2021-05-25,0.786013,0.786867,0.737001,0.000854,B+N+Q,B+N+Q,automatic,multiple_areas,,1,1
W3164947520,"Amazonocrinis nigriterrae gen. nov., sp. nov., Atlanticothrix silvestris gen. nov., sp. nov. and Dendronalium phyllosphericum gen. nov., sp. nov., nostocacean cyanobacteria from Brazilian environments",https://doi.org/10.1099/ijsem.0.004811,2021-05-25,0.825094,0.786010,0.769716,0.039084,B+N,B+N,automatic,multiple_areas,,1,0
W3165080848,"Characterization and distribution of mineral phases in an Amazonian humiluvic Spodosol profile by XRPD, HR-TEM, SAED and SEM–EDX",https://doi.org/10.1007/s12665-021-09697-1,2021-05-25,0.790668,0.803009,0.814212,0.011202,B+N+Q,B+N+Q,automatic,multiple_areas;no_abstract,Q,0,1
W3165084313,Microbial co-occurrence network and its key microorganisms in soil with permanent application of composted tannery sludge,https://doi.org/10.1016/j.scitotenv.2021.147945,2021-05-23,0.805414,0.771586,0.773045,0.032368,B+N+Q,B+N+Q,automatic,multiple_areas;no_abstract,B,0,1
W3165750094,Chemical Characterization of Microcystis aeruginosa for Feed and Energy Uses,https://doi.org/10.3390/en14113013,2021-05-23,0.796772,0.785812,0.815936,0.019164,B+N+Q,B+N+Q,automatic,multiple_areas,,1,1
W3166747832,Silicon attenuates the effects of water deficit in sugarcane by modifying physiological aspects and C:N:P stoichiometry and its use efficiency,https://doi.org/10.1016/j.agwat.2021.107006,2021-06-06,0.828208,0.790622,0.787045,0.037585,B+N+Q,B+N+Q,automatic,multiple_areas;no_abstract,B,0,1
W3167055044,Chemical characterization of Echium plantagineum seed oil obtained by three methods of extraction,https://doi.org/10.1111/1750-3841.15972,2021-11-28,0.759502,0.759476,0.805207,0.045705,B+N+Q,B+N+Q,automatic,multiple_areas,Q,1,1
W3168349587,Aceitação e consumo de alimentos irradiados em Goiânia-GO / Acceptance and consumption of irradiated foods in Goiânia-GO,https://doi.org/10.34188/bjaerv4n2-005,2021-04-05,0.737914,0.804172,0.783298,0.020874,N+Q,N+Q,automatic,multiple_areas,N,1,1
W3169803157,"O tamanho da semente influencia a atividade promotora dos rizóbios sobre o crescimento de plantas, nodulação e fixação de N em feijão-fava",,2021-01-01,0.842893,0.837442,0.801271,0.005451,B+N+Q,B+N+Q,automatic,multiple_areas,B,1,1
W3169955012,"Modulation of structural carbohydrates, phenol compounds and lignin content in Eucalyptus urophylla cuttings grown under boron, copper and zinc induced-deficiency",https://doi.org/10.1007/s11056-021-09859-w,2021-06-08,0.789327,0.746804,0.772978,0.016348,B+N+Q,B+N+Q,automatic,multiple_areas;no_abstract,,0,1
W3170274656,Potential of Egeria densa and Pistia stratiotes for the phytoremediation of water contaminated with saflufenacil,https://doi.org/10.1080/03601234.2021.1936386,2021-06-06,0.763088,0.776361,0.773699,0.002662,B+N+Q,B+N+Q,automatic,multiple_areas,,1,1
W3171804700,Hormetic effects of low-dose gamma rays in soybean seeds and seedlings: A detection technique using optical sensors,https://doi.org/10.1016/j.compag.2021.106251,2021-06-15,0.798190,0.826866,0.795042,0.028676,B+N+Q,B+N+Q,automatic,multiple_areas,N,1,1
W3172492054,‘Floc and Sink’ Technique Removes Cyanobacteria and Microcystins from Tropical Reservoir Water,https://doi.org/10.3390/toxins13060405,2021-06-08,0.760355,0.766098,0.788763,0.022665,B+N+Q,B+N+Q,automatic,multiple_areas,,1,1
W3173517867,Unravelling homeostasis effects of phosphorus and zinc nutrition by leaf photochemistry and metabolic adjustment in cotton plants,https://doi.org/10.1038/s41598-021-93396-1,2021-07-02,0.847204,0.797995,0.794527,0.049209,B+N,B+N,automatic,multiple_areas,,1,1
W3173682682,Indaziflam sorption–desorption and its three metabolites from biochars- and their raw feedstock-amended agricultural soils using radiometric technique,https://doi.org/10.1080/03601234.2021.1941559,2021-06-30,0.789016,0.803661,0.812384,0.008723,B+N+Q,B+N+Q,automatic,multiple_areas,,1,1
W3173741507,Yield and morphology of forage cactus cultivars under drip irrigation management based on soil water matric potential thresholds,https://doi.org/10.1016/j.jaridenv.2021.104564,2021-06-20,0.766164,0.787607,0.735275,0.021442,B+N,B+N,automatic,multiple_areas,N,1,1
W3173904627,Silicon Amendment Enhances Agronomic Efficiency of Nitrogen Fertilization in Maize and Wheat Crops under Tropical Conditions,https://doi.org/10.3390/plants10071329,2021-06-29,0.813215,0.792305,0.790569,0.020910,B+N+Q,B+N+Q,automatic,multiple_areas,,1,1
W3174379107,Comparison of sources with different solubilities for Mn supply and retranslocation along with soybean development,https://doi.org/10.1080/01904167.2021.1943437,2021-06-28,0.843904,0.830574,0.825272,0.013330,B+N+Q,B+N+Q,automatic,multiple_areas,,1,1
W3174456299,Trichostrongylus colubriformis afetando o metabolismo do fosforo em ovinos e alimentação de precisão como estratégia de mitigação,,2021-01-01,0.725723,0.734521,0.721277,0.008798,B+N+Q,B+N+Q,automatic,multiple_areas;no_abstract,,0,1
W3174706226,Strategies for probing absorption and translocation of foliar-applied nutrients,https://doi.org/10.1093/jxb/erab229,2021-05-19,0.807668,0.773811,0.777225,0.030443,B+N+Q,B+N+Q,automatic,multiple_areas,,1,1
W3175627830,Polynomial functions to predict flux-based field capacity from soil hydraulic parameters,https://doi.org/10.1016/j.geoderma.2021.115308,2021-06-19,0.729980,0.771647,0.712046,0.041667,B+N,B+N,automatic,multiple_areas;no_abstract,N,0,1
W3176111954,Are the interaction effects of warming and drought on nutritional status and biomass production in a tropical forage legume greater than their individual effects?,https://doi.org/10.1007/s00425-021-03758-2,2021-10-22,0.805251,0.802905,0.758597,0.002346,B+N+Q,B+N+Q,automatic,multiple_areas;no_abstract,B,0,1
W3176139981,Introgression of the sesquiterpene biosynthesis from Solanum habrochaites to cultivated tomato offers insights into trichome morphology and arthropod resistance,https://doi.org/10.1007/s00425-021-03651-y,2021-06-23,0.802094,0.757416,0.722152,0.044678,B+N,B+N,automatic,multiple_areas,Q,1,1
W3176184655,Trichostrongylus colubriformis infection negatively impacted phosphorus metabolism of lambs,https://doi.org/10.1016/j.smallrumres.2021.106462,2021-06-29,0.700959,0.691623,0.694792,0.006167,B+N+Q,B+N+Q,automatic,multiple_areas;no_abstract,,0,1
W3176365928,New Variants of Squash Mosaic Viruses Detected in Human Fecal Samples,https://doi.org/10.3390/microorganisms9071349,2021-06-22,0.774927,0.760254,0.742416,0.014673,B+N+Q,B+N+Q,automatic,multiple_areas,,1,1
W3176781986,Physiological and hematological parameters of sheep reared in the tropics and subtropics,https://doi.org/10.1590/1678-4162-12204,2021-05-01,0.719930,0.765402,0.739495,0.025907,B+N+Q,B+N+Q,automatic,multiple_areas,,1,1
W3176882386,Responses of Low-Cost Input Combinations on the Microbial Structure of the Maize Rhizosphere for Greenhouse Gas Mitigation and Plant Biomass Production,https://doi.org/10.3389/fpls.2021.683658,2021-06-30,0.858692,0.826743,0.797088,0.031949,B+N,B+N,automatic,multiple_areas,,1,1
W3177187588,Isolation of diterpenes from Araucaria sp Brazilian brown propolis and development of a validated high‐performance liquid chromatography method for its analysis,https://doi.org/10.1002/jssc.202100374,2021-06-25,0.745550,0.751357,0.797169,0.045812,N+Q,N+Q,automatic,multiple_areas,Q,1,1
W3177409010,A Reductionist Approach Using Primary and Metastatic Cell–Derived Extracellular Vesicles Reveals Hub Proteins Associated with Oral Cancer Prognosis,https://doi.org/10.1016/j.mcpro.2021.100118,2021-01-01,0.745763,0.684646,0.700045,0.045718,B+Q,B+Q,automatic,multiple_areas,B,1,1
W3179650620,"Metabolic potential and survival strategies of microbial communities across extreme temperature gradients on Deception Island volcano, Antarctica",https://doi.org/10.1111/1462-2920.15649,2021-07-01,0.801324,0.766991,0.755868,0.034333,B+N+Q,B+N+Q,automatic,multiple_areas,B,1,1
W3180216348,"Effects of Beach Nourishment Project on Coastal Geomorphology and Mangrove Dynamics in Southern Louisiana, USA",https://doi.org/10.3390/rs13142688,2021-07-08,0.734848,0.758542,0.714056,0.023695,B+N+Q,B+N+Q,automatic,multiple_areas,,1,1
W3180754173,Partitioning of Environmental and Taxonomic Controls on Brazilian Foliar Content of Carbon and Nitrogen and Stable Isotopes,https://doi.org/10.3389/ffgc.2021.662801,2021-07-12,0.856049,0.851099,0.798160,0.004950,B+N,B+N,automatic,multiple_areas,N,1,1
W3181813510,Nepheline Syenite and Phonolite as Alternative Potassium Sources for Maize,https://doi.org/10.3390/agronomy11071385,2021-07-08,0.800106,0.799534,0.807114,0.007008,B+N+Q,B+N+Q,automatic,multiple_areas,,1,1
W3182235756,"Application of ionizing radiation in the “licuri” (Syagrus coronata (Mart.)) as phytosanitary treatment of the Pachymerus nucleorum beetle (Fabricius, 1792)",https://doi.org/10.15392/bjrs.v9i1a.1576,2021-04-30,0.743433,0.818697,0.753101,0.065596,N,N,automatic,,N,1,1
W3182533399,Improvement of the Mass-Rearing Protocols for the South American Fruit Fly for Application of the Sterile Insect Technique,https://doi.org/10.3390/insects12070622,2021-07-09,0.745393,0.804228,0.740656,0.058835,N,N,automatic,,N,1,1
W3182780757,Effects of the middle Holocene high sea‐level stand and climate on Amazonian mangroves,https://doi.org/10.1002/jqs.3343,2021-07-12,0.761982,0.783632,0.728924,0.021650,B+N,B+N,automatic,multiple_areas,,1,1
W3184004829,Taxonomic and nitrogen-cycling microbial community functional profiles of sugarcane and adjacent forest soils in Southeast Brazil,https://doi.org/10.15406/mojes.2021.06.00224,2021-07-05,0.867161,0.817917,0.786938,0.049243,B+N,B+N,automatic,multiple_areas,,1,1
W3184089423,"Histosol pedogenesis in floodplain coastal environments in the state of Rio de Janeiro, Brazil",https://doi.org/10.1016/j.catena.2021.105612,2021-07-23,0.780048,0.803465,0.762069,0.023417,B+N+Q,B+N+Q,automatic,multiple_areas;no_abstract,,0,1
W3184363078,Trends in Free‐access Genomic Data Accelerate Advances in Cyanobacteria Taxonomy,https://doi.org/10.1111/jpy.13200,2021-07-22,0.817515,0.759555,0.754931,0.057960,B,B,automatic,,,1,1
W3184391543,Dynamics of bacterial and archaeal communities along the composting of tannery sludge,https://doi.org/10.1007/s11356-021-15585-9,2021-07-24,0.768520,0.740238,0.765266,0.003254,B+N+Q,B+N+Q,automatic,multiple_areas;no_abstract,B,0,1
W3184756831,Forced degradation studies to identify organic impurities in pharmaceuticals: a Brazilian perspective,https://doi.org/10.4322/2179-443x.0729,2021-01-01,0.745342,0.776030,0.829232,0.053202,Q,Q,automatic,,,1,1
W3184959258,Total sulfonamides determination in bovine milk using smartphone-based digital images,https://doi.org/10.1016/j.microc.2021.106657,2021-07-19,0.718975,0.744396,0.809808,0.065412,Q,Q,automatic,no_abstract,Q,0,1
W3185072357,Impacts of sea-level changes on mangroves from southeastern Brazil during the Holocene and Anthropocene using a multi-proxy approach,https://doi.org/10.1016/j.geomorph.2021.107860,2021-07-18,0.739966,0.771661,0.719398,0.031695,B+N,B+N,automatic,multiple_areas;no_abstract,,0,1
W3185303765,Eucalyptus tree influence on spatial and temporal dynamics of fine-root growth in an integrated crop-livestock-forestry system in southeastern Brazil,https://doi.org/10.1016/j.rhisph.2021.100415,2021-07-20,0.859303,0.840638,0.790909,0.018665,B+N,B+N,automatic,multiple_areas,B,1,1
W3185533562,Cover crops shape the soil bacterial community in a tropical soil under no-till,https://doi.org/10.1016/j.apsoil.2021.104166,2021-07-26,0.819360,0.787283,0.761710,0.032076,B+N,B+N,automatic,multiple_areas;no_abstract,B,0,1
W3185819172,Using 14C-glyphosate to investigate the distribution of two formulations in transgenic glyphosate-resistant soybean,https://doi.org/10.1080/03601234.2021.1956250,2021-07-26,0.722965,0.746575,0.733626,0.012949,B+N+Q,B+N+Q,automatic,multiple_areas,,1,1
W3186959541,"Potassium supply modulates Eucalyptus leaf water-status under PEG-induced osmotic stress: integrating leaf gas exchange, carbon and nitrogen isotopic composition and plant growth",https://doi.org/10.1093/treephys/tpab095,2021-07-19,0.817580,0.792257,0.761527,0.025322,B+N,B+N,automatic,multiple_areas,,1,1
W3188086628,Estimating lateral flow in double ring infiltrometer measurements,https://doi.org/10.36783/18069657rbcs20210027,2021-01-01,0.724719,0.777430,0.746097,0.031333,N+Q,N+Q,automatic,multiple_areas,N,1,1
W3188152062,"土壌CO_2放出および土壌の物理的,化学的および微生物学的属性に及ぼす燃焼および非燃焼サトウキビ収穫システムの影響【JST・京大機械翻訳】",,2021-01-01,0.783738,0.805373,0.789685,0.015688,B+N+Q,B+N+Q,automatic,multiple_areas;no_abstract,,0,1
W3188948433,Essential Oils Extracted from Organic Propolis Residues: An Exploratory Analysis of Their Antibacterial and Antioxidant Properties and Volatile Profile,https://doi.org/10.3390/molecules26154694,2021-08-03,0.755752,0.743617,0.793166,0.037413,B+N+Q,B+N+Q,automatic,multiple_areas,Q,1,1
W3189350341,The use of indigenous bacterial community as inoculant for plant growth promotion in soybean cultivation,https://doi.org/10.1080/03650340.2021.1964017,2021-08-11,0.844422,0.792049,0.768796,0.052372,B,B,automatic,,B,1,1
W3189492782,"Mass spectrometric determination of the peptide profile of genacol®, a hydrolysed collagen-based nutritional supplement",https://doi.org/10.1016/j.joca.2021.05.057,2021-07-29,0.731529,0.722017,0.790559,0.059030,Q,Q,automatic,no_abstract,,0,1
W3193126621,Phosphorus Quantification in Sugar Cane (Saccharum officinarum) Leaves In Vivo by Portable X-ray Fluorescence Spectroscopy,https://doi.org/10.1021/acsagscitech.1c00084,2021-08-09,0.800192,0.810459,0.820076,0.009617,B+N+Q,B+N+Q,automatic,multiple_areas,,1,1
W3197047141,LT‐Brazil: A database of leaf traits across biomes and vegetation types in Brazil,https://doi.org/10.1111/geb.13381,2021-08-30,0.848198,0.835285,0.777635,0.012914,B+N,B+N,automatic,multiple_areas,N,1,1
W3197056328,Single-phase determination of calcium and magnesium in biodiesel using smartphone-based digital images,https://doi.org/10.1016/j.fuel.2021.121837,2021-09-06,0.752701,0.769833,0.842406,0.072574,Q,Q,automatic,no_abstract,Q,0,1
W3197133748,Effects of extensive-to-intensive pasture conversion on soil nitrogen availability and CO2 and N2O fluxes in a Brazilian oxisol,https://doi.org/10.1016/j.agee.2021.107633,2021-08-31,0.813254,0.825554,0.785786,0.012300,B+N+Q,B+N+Q,automatic,multiple_areas,N,1,1
W3197140608,Unfolding the Fate and Effects of Micronutrients Supplied to Soybean (Glycine max (L.) Merrill) and Maize (Zea mays L.) Through Seed Treatment,https://doi.org/10.1007/s42729-021-00598-7,2021-09-07,0.823786,0.799825,0.798775,0.023960,B+N+Q,B+N+Q,automatic,multiple_areas;no_abstract,,0,1
W3198293299,"Kochia (Bassia scoparia) harvest date impacts nutrient composition, in vitro degradability, and feed value more than pre-harvest herbicide treatment or herbicide resistance traits",https://doi.org/10.1016/j.anifeedsci.2021.115079,2021-09-03,0.827212,0.825522,0.816111,0.001689,B+N+Q,B+N+Q,automatic,multiple_areas,,1,1
W3198295300,"Proline Exogenously Supplied or Endogenously Overproduced Induces Different Nutritional, Metabolic, and Antioxidative Responses in Transgenic Tobacco Exposed to Cadmium",https://doi.org/10.1007/s00344-021-10480-6,2021-09-03,0.815837,0.766176,0.779294,0.036543,B+N+Q,B+N+Q,automatic,multiple_areas;no_abstract,,0,1
W3198300950,Microcystins can be extracted from Microcystis aeruginosa using amino acid-derived biosurfactants,https://doi.org/10.1007/s11356-021-16257-4,2021-09-07,0.733552,0.713367,0.762551,0.028999,B+N+Q,B+N+Q,automatic,multiple_areas;no_abstract,,0,1
W3198845262,Methods for Delivery of dsRNAs for Agricultural Pest Control: The Case of Lepidopteran Pests.,https://doi.org/10.1007/978-1-0716-1633-8_23,2022-01-01,0.776593,0.768406,0.728790,0.008187,B+N+Q,B+N+Q,automatic,multiple_areas,B,1,1
W3199096505,Active methane processing microbes and the disproportionate role of NC10 phylum in methane mitigation in Amazonian floodplains,https://doi.org/10.1007/s10533-021-00846-z,2021-09-17,0.807232,0.795896,0.763313,0.011336,B+N+Q,B+N+Q,automatic,multiple_areas;no_abstract,,0,1
W3199238141,Revisiting the Feddes reduction function for modeling root water uptake and crop transpiration,https://doi.org/10.1016/j.jhydrol.2021.126952,2021-09-20,0.759573,0.791432,0.713504,0.031859,B+N,B+N,automatic,multiple_areas;no_abstract,N,0,1
W3200124965,Novel approach for screening milk based on fast and environmentally friendly determination of protein and fat,https://doi.org/10.1016/j.jfca.2021.104178,2021-09-15,0.732367,0.752307,0.824451,0.072145,Q,Q,automatic,no_abstract,Q,0,1
W3201142739,Optimized conventional and ultrasound-assisted ethyl transesterification of jatropha (Jatropha curcas) and palm (Elaeis guineensis) oil mixtures,https://doi.org/10.1080/00986445.2021.1977925,2021-09-20,0.731823,0.739697,0.762691,0.022994,B+N+Q,B+N+Q,automatic,multiple_areas,Q,1,1
W3202112496,Conversion of soil water retention and conductivity parameters from van Genuchten–Mualem to Groenevelt and Grant model,https://doi.org/10.1071/sr21051,2021-10-03,0.745216,0.806390,0.748607,0.057783,N,N,automatic,,N,1,1
W3203215992,Current overview and perspectives in environmentally friendly microextractions of carbamates and dithiocarbamates,https://doi.org/10.1111/1541-4337.12821,2021-09-25,0.721683,0.746898,0.803831,0.056933,Q,Q,automatic,,Q,1,1
W3203328320,Sugarcane as a forage plant: Structural and chemical traits that affect fiber quality,https://doi.org/10.15376/biores.16.4.7623-7634,2021-09-28,0.821747,0.797221,0.794179,0.024525,B+N+Q,B+N+Q,automatic,multiple_areas,,1,1
W3203385365,Fluorescência de clorofila como um novo marcador para avaliação da qualidade da semente de amendoim,https://doi.org/10.52755/sas.v2iedesp1.111,2021-09-30,0.797768,0.833590,0.838799,0.005209,B+N+Q,B+N+Q,automatic,multiple_areas,N,1,1
W3203420942,In Situ Analysis of Nickel Uptake from Foliar Application in Pecan Using Instrumental µXRF Analysis,https://doi.org/10.1007/s42729-021-00599-6,2021-09-24,0.800253,0.780935,0.811511,0.011258,B+N+Q,B+N+Q,automatic,multiple_areas;no_abstract,,0,1
W3203553936,Does algae β-glucan affect the fecal bacteriome in dairy calves?,https://doi.org/10.1371/journal.pone.0258069,2021-09-30,0.789444,0.762051,0.774552,0.014893,B+N+Q,B+N+Q,automatic,multiple_areas,B,1,1
W3203660158,"Effects of the 2017–2018 winter freeze on the northern limit of the American mangroves, Mississippi River delta plain",https://doi.org/10.1016/j.geomorph.2021.107968,2021-09-24,0.721540,0.741914,0.694980,0.020374,B+N+Q,B+N+Q,automatic,multiple_areas;no_abstract,,0,1
W3203979740,"Diversity, structure, and composition of plant growth-promoting bacteria in soil from Brazilian Cerrado",https://doi.org/10.1016/j.rhisph.2021.100435,2021-09-28,0.817304,0.779152,0.761172,0.038152,B+N,B+N,automatic,multiple_areas;no_abstract,B,0,1
W3204795307,"Climate, sea-level, and anthropogenic influences on coastal vegetation of the southern Bahia, Northeastern Brazil, during the mid-late Holocene",https://doi.org/10.1016/j.geomorph.2021.107967,2021-09-27,0.740948,0.769208,0.716775,0.028259,B+N,B+N,automatic,multiple_areas;no_abstract,,0,1
W3205429840,10Boron Is Mobile in Cowpea Plants,https://doi.org/10.3389/fpls.2021.717219,2021-10-15,0.815169,0.801524,0.778321,0.013644,B+N+Q,B+N+Q,automatic,multiple_areas,,1,1
W3205809346,A Poultry Litter-Derived Organomineral Phosphate Fertilizer Has Higher Agronomic Effectiveness Than Conventional Phosphate Fertilizer Applied to Field-Grown Maize and Soybean,https://doi.org/10.3390/su132111635,2021-10-21,0.803994,0.803021,0.797778,0.000973,B+N+Q,B+N+Q,automatic,multiple_areas,,1,1
W3205842258,Carbon and nitrogen in particle-size fractions of organic matter of soils fertilised with surface and injected applications of pig slurry,https://doi.org/10.1071/sr21020,2021-10-12,0.786332,0.796792,0.799358,0.002565,B+N+Q,B+N+Q,automatic,multiple_areas,B,1,1
W3206308228,Leaf 13C and 15N composition shedding light on easing drought stress through partial K substitution by Na in eucalyptus species,https://doi.org/10.1038/s41598-021-99710-1,2021-10-11,0.834320,0.797696,0.777800,0.036623,B+N,B+N,automatic,multiple_areas,B,1,1
W3206825744,Water deficit modifies C:N:P stoichiometry affecting sugarcane and energy cane yield and its relationships with silicon supply,https://doi.org/10.1038/s41598-021-00441-0,2021-10-22,0.857482,0.825954,0.805626,0.031528,B+N,B+N,automatic,multiple_areas,B,1,1
W3206891467,Aplicação de isótopos estáveis de carbono no estudo das mudanças climáticas e ambientais,https://doi.org/10.14295/derb.v42.735,2021-10-06,0.797373,0.837341,0.800028,0.037313,B+N+Q,B+N+Q,automatic,multiple_areas,,1,1
W3207729754,Nutritional status of Eucalyptus plantation and chemical attributes of a Ferralsol amended with lime and copper plus zinc,https://doi.org/10.1016/j.foreco.2021.119742,2021-10-07,0.810412,0.792655,0.804429,0.005983,B+N+Q,B+N+Q,automatic,multiple_areas,,1,1
W3208092636,The effect of Haemonchus contortus and Trichostrongylus colubriforms infection on the ruminal microbiome of lambs,https://doi.org/10.1016/j.exppara.2021.108175,2021-11-02,0.740673,0.726534,0.714831,0.014139,B+N+Q,B+N+Q,automatic,multiple_areas;no_abstract,B,0,1
W3208395480,Ovarian activation delays in peripubertal ewe lambs infected with Haemonchus contortus can be avoided by supplementing protein in their diets,https://doi.org/10.1186/s12917-021-03020-7,2021-11-03,0.765721,0.741057,0.727679,0.024664,B+N+Q,B+N+Q,automatic,multiple_areas,,1,1
W3209053450,Innovative prediction of milk fraud associated to digital imaging photometry,,2021-01-01,0.697368,0.749235,0.767983,0.018748,N+Q,N+Q,automatic,multiple_areas;no_abstract,Q,0,1
W3210856341,"The Hologenome of Haliclona fulva (Porifera, Demospongiae) Reveals an Abundant and Diverse Viral Community",https://doi.org/10.3389/fmars.2021.736817,2021-11-02,0.750358,0.715939,0.693627,0.034419,B+N,B+N,automatic,multiple_areas,B,1,1
W3211315233,Aerobic Methanotrophy and Co-occurrence Networks of a Tropical Rainforest and Oil Palm Plantations in Malaysia,https://doi.org/10.1007/s00248-021-01908-3,2021-10-30,0.818414,0.798916,0.768924,0.019498,B+N+Q,B+N+Q,automatic,multiple_areas,B,1,1
W3211962881,"The fundamental of the effects of water, organic matter, and iron forms on the pXRF information in soil analyses",https://doi.org/10.1016/j.catena.2021.105868,2021-11-17,0.772591,0.813681,0.824930,0.011249,N+Q,N+Q,automatic,multiple_areas,,1,1
W3212703929,Effect of vertebrate exclusion on leaf litter decomposition in the coastal Atlantic forest of southeast Brazil,https://doi.org/10.1007/s42965-021-00189-8,2021-11-09,0.768673,0.780766,0.750541,0.012093,B+N+Q,B+N+Q,automatic,multiple_areas;no_abstract,N,0,1
W3212743069,The experience of teaching introductory programming skills to bioscientists in Brazil,https://doi.org/10.1371/journal.pcbi.1009534,2021-11-11,0.767361,0.738555,0.700286,0.028806,B+N,B+N,automatic,multiple_areas,B,1,1
W3212787928,Effect of Counterions on the Foliar Absorption and Transport of Potassium in Soybeans [Glycine max (L.) Merrill],https://doi.org/10.1021/acsagscitech.1c00211,2021-11-05,0.820078,0.798374,0.797211,0.021704,B+N+Q,B+N+Q,automatic,multiple_areas,,1,1
W3212791760,Taxonomic and functional diversity in the fecal microbiome of beef cattle reared in Brazilian traditional and semi-intensive production systems,https://doi.org/10.3389/fmicb.2021.768480,2021-11-04,0.830429,0.800270,0.789910,0.030158,B+N+Q,B+N+Q,automatic,multiple_areas,B,1,1
W3213051154,Stemflow generation as influenced by sugarcane canopy development,https://doi.org/10.1007/s10661-021-09570-5,2021-11-10,0.763316,0.768717,0.708475,0.005401,B+N,B+N,automatic,multiple_areas;no_abstract,N,0,1
W3213149749,A simple membrane-based approach for assessing the diffusion kinetics of mineral foliar fertilizers,https://doi.org/10.1590/1678-4499.20210044,2021-01-01,0.815355,0.805254,0.835564,0.020209,B+N+Q,B+N+Q,automatic,multiple_areas,,1,1
W3213550512,"Aplicações de glyphosate: Desempenho de soja transgênica, comunidade bacteriana e teor de nitrogênio foliar / Glyphosate applications: Performance of transgenic soy, bacterial community and foliar nitrogen content",https://doi.org/10.34117/bjdv7n10-311,2021-10-22,0.828954,0.814740,0.793973,0.014213,B+N+Q,B+N+Q,automatic,multiple_areas,,1,1
W3213836447,Wood production and nutritional and antioxidant status of field-grown Eucalyptus under a differential supply of lime and copper plus zinc,https://doi.org/10.1016/j.indcrop.2021.114192,2021-11-16,0.829933,0.809164,0.821625,0.008308,B+N+Q,B+N+Q,automatic,multiple_areas,,1,1
W3213938774,An insight into the botanical origins of propolis from permanent preservation and reforestation areas of southern Brazil,https://doi.org/10.1038/s41598-021-01709-1,2021-11-11,0.785532,0.792196,0.811262,0.019066,B+N+Q,B+N+Q,automatic,multiple_areas,Q,1,1
W3214976600,Non-Target-Site Resistance Mechanisms Endow Multiple Herbicide Resistance to Five Mechanisms of Action in Conyza bonariensis,https://doi.org/10.1021/acs.jafc.1c04279,2021-12-02,0.818396,0.789639,0.765125,0.028757,B+N,B+N,automatic,multiple_areas,,1,1
W3216780021,"Combined Use of Vinasse and Nitrogen as Fertilizers Affects Nitrification, Ammonification, and Denitrification by Prokaryotes",https://doi.org/10.3389/fsoil.2021.746745,2021-11-22,0.863950,0.819110,0.802699,0.044840,B+N,B+N,automatic,multiple_areas,,1,1
W3216842340,Cowpea nodules host a similar bacterial community regardless of soil properties,https://doi.org/10.1016/j.apsoil.2021.104354,2021-12-01,0.777887,0.743409,0.715983,0.034477,B+N,B+N,automatic,multiple_areas;no_abstract,B,0,1
W3217491211,Processes and rates of formation defined by modelling in alkaline to acidic soil systems in Brazilian Pantanal wetland,https://doi.org/10.1016/j.catena.2021.105876,2021-11-20,0.769838,0.786749,0.766841,0.016911,B+N+Q,B+N+Q,automatic,multiple_areas;no_abstract,Q,0,1
W3217517060,Use of internal markers to estimate feed intake and selection of forage in sheep fed grass and legume hay,https://doi.org/10.1016/j.anifeedsci.2021.115177,2021-11-30,0.761794,0.768277,0.765913,0.002364,B+N+Q,B+N+Q,automatic,multiple_areas;no_abstract,,0,1
W4200005878,Unraveling the accumulation and localization of selenium and barium in Brazil nuts using spectroanalytical techniques,https://doi.org/10.1016/j.jfca.2021.104329,2021-12-06,0.772177,0.781499,0.827334,0.045835,N+Q,N+Q,automatic,multiple_areas;no_abstract,,0,1
W4200023064,Comparing soil-to-plant cadmium (Cd) transfer and potential human intake among rice cultivars with different Cd tolerance levels grown in a tropical contaminated soil,https://doi.org/10.1007/s10661-021-09655-1,2021-12-10,0.781761,0.781886,0.781833,0.000053,B+N+Q,B+N+Q,automatic,multiple_areas;no_abstract,,0,1
W4200075303,Forest-to-pasture conversion modifies the soil bacterial community in Brazilian dry forest Caatinga,https://doi.org/10.1016/j.scitotenv.2021.151943,2021-12-02,0.811271,0.786911,0.752426,0.024360,B+N,B+N,automatic,multiple_areas;no_abstract,B,0,1
W4200078767,"Exploring wood anatomy, density and chemistry profiles to understand the tree-ring formation in Amazonian tree species",https://doi.org/10.1016/j.dendro.2021.125915,2021-12-13,0.805051,0.798812,0.782326,0.006239,B+N+Q,B+N+Q,automatic,multiple_areas,,1,1
W4200080587,Fate of nickel in soybean seeds dressed with different forms of nickel,https://doi.org/10.1016/j.rhisph.2021.100464,2021-12-16,0.811670,0.800302,0.809508,0.002162,B+N+Q,B+N+Q,automatic,multiple_areas,,1,1
W4200082316,Taxonomy and Functional Diversity in the Fecal Microbiome of Beef Cattle Reared in Brazilian Traditional and Semi-Intensive Production Systems,https://doi.org/10.3389/fmicb.2021.768480,2021-12-08,0.829409,0.798886,0.789258,0.030523,B+N+Q,B+N+Q,automatic,multiple_areas,B,1,1
W4200123099,Land degradation affects the microbial communities in the Brazilian Caatinga biome,https://doi.org/10.1016/j.catena.2021.105961,2021-12-27,0.820638,0.809254,0.771881,0.011384,B+N+Q,B+N+Q,automatic,multiple_areas;no_abstract,B,0,1
W4200350416,"Nitrification inhibitor 3,4-Dimethylpyrazole phosphate improves nitrogen recovery and accumulation in cotton plants by reducing NO3− leaching under 15N-urea fertilization",https://doi.org/10.1007/s11104-021-05169-4,2021-10-01,0.796965,0.774350,0.771352,0.022615,B+N+Q,B+N+Q,automatic,multiple_areas;no_abstract,,0,1
W4200379129,Effect of drying methods on nutritional constitutes of fermented grape residue,https://doi.org/10.1007/s13197-021-05334-8,2021-12-03,0.705786,0.726721,0.777239,0.050518,Q,Q,automatic,no_abstract,Q,0,1
W4200580491,Study of the inclusion of yeasts in the ruminal fermentation of Tifton hay,https://doi.org/10.29327/multiscience.2021020,2021-11-24,0.742598,0.741987,0.745475,0.002878,B+N+Q,B+N+Q,automatic,multiple_areas,,1,1
W4205250161,"Investigation of acute toxicity, accumulation, and depuration of ZnO nanoparticles in Daphnia magna",https://doi.org/10.1016/j.scitotenv.2022.153307,2022-01-19,0.702047,0.707922,0.745760,0.037837,B+N+Q,B+N+Q,automatic,multiple_areas;no_abstract,,0,1
W4205349451,Effects of N Application Rate and Dicyandiamide on the Fate of 15N Fertilizer and the Abundance of Microbial Genes in a Sandy Soil Amended with Sugarcane Litter,https://doi.org/10.1007/s42729-021-00654-2,2021-10-28,0.822738,0.796961,0.796023,0.025778,B+N+Q,B+N+Q,automatic,multiple_areas;no_abstract,,0,1
W4205376779,Ecosystem functions in different physiognomies of Cerrado through the Rapid Ecosystem Function Assessment (REFA),https://doi.org/10.1590/0001-3765202220200457,2022-01-01,0.782178,0.803319,0.750651,0.021141,B+N,B+N,automatic,multiple_areas,B,1,1
W4205380643,SIA‐BRA: A database of animal stable carbon and nitrogen isotope ratios of Brazil,https://doi.org/10.1111/geb.13449,2022-01-19,0.809036,0.833830,0.786370,0.024794,B+N+Q,B+N+Q,automatic,multiple_areas,N,1,1
W4205402668,Genetic diversity of cambuci [Campomanesia phaea (O. Berg) Landrum] revealed by microsatellite markers,https://doi.org/10.1007/s10722-021-01318-x,2022-01-21,0.742805,0.747959,0.704468,0.005154,B+N+Q,B+N+Q,automatic,multiple_areas;no_abstract,B,0,1
W4205736108,Transferência de tecnologias aos produtores rurais: eventos científicos e tecnológicos em tempos de pandemia,https://doi.org/10.33448/rsd-v11i1.23194,2022-01-01,0.800941,0.828858,0.801656,0.027202,B+N+Q,B+N+Q,automatic,multiple_areas,N,1,1
W4205953157,Disseminação do conhecimento e da inovação através de diferentes formas de transferência de tecnologias aos produtores rurais,https://doi.org/10.33448/rsd-v11i1.23589,2022-01-01,0.778351,0.801645,0.777762,0.023294,B+N+Q,B+N+Q,automatic,multiple_areas,N,1,1
W4206117140,Do aquatic insects disperse metals from contaminated streams to land?,https://doi.org/10.1007/s10750-021-04793-6,2022-01-17,0.694559,0.736356,0.711171,0.025185,B+N+Q,B+N+Q,automatic,multiple_areas;no_abstract,N,0,1
W4206159952,Discriminating Beef Producing Countries by Multi-Element Analysis and Machine Learning,https://doi.org/10.54364/aaiml.2021.1101,2021-01-01,0.718850,0.742107,0.723270,0.018837,B+N+Q,B+N+Q,automatic,multiple_areas,,1,1
W4206904892,Role of nodes in accumulation and distribution of cadmium and its relationship with nutrient distribution and photosynthesis in the growth and regrowth of Brachiaria decumbens,https://doi.org/10.1016/j.envexpbot.2022.104794,2022-01-21,0.829761,0.798631,0.785485,0.031130,B+N+Q,B+N+Q,automatic,multiple_areas,,1,1
W4206919583,"Endophytic Bacteria and Fungi from Indonesian Medicinal Plants with Antibacterial, Pathogenic Antifungal and Extracellular Enzymes Activities: A Review",https://doi.org/10.46729/ijstm.v3i1.428,2022-01-20,0.767757,0.732700,0.745052,0.022705,B+N+Q,B+N+Q,automatic,multiple_areas,B,1,1
W4210299063,Productivity Performance of Sheep in Silvopastoral Systems With Cashew Tree Compared to Grass Monoculture,https://doi.org/10.5296/jas.v10i2.19332,2022-01-25,0.772808,0.779885,0.735846,0.007078,B+N+Q,B+N+Q,automatic,multiple_areas,,1,1
W4210306497,Control of Urochloa brizantha cv. Marandu by Glyphosate and its Interaction with light availability,https://doi.org/10.6008/cbpc2179-6858.2021.006.0011,2021-05-31,0.779024,0.785276,0.749242,0.006252,B+N+Q,B+N+Q,automatic,multiple_areas,,1,1
W4210309548,Off-Flavors in Aquacultured Fish: Origins and Implications for Consumers,https://doi.org/10.3390/fishes7010034,2022-01-30,0.777413,0.773973,0.807422,0.030008,B+N+Q,B+N+Q,automatic,multiple_areas,,1,1
W4210470836,Enhancing agronomic efficiency and maize grain yield with Azospirillum brasilense inoculation under Brazilian savannah conditions,https://doi.org/10.1016/j.eja.2022.126471,2022-02-01,0.788532,0.765945,0.732272,0.022586,B+N,B+N,automatic,multiple_areas;no_abstract,,0,1
W4210541227,Aggregation Index and Carbon and Nitrogen Contents in Aggregates of Pasture Soils under Successive Applications of Pig Slurry in Southern Brazil,https://doi.org/10.3390/agronomy12020320,2022-01-26,0.790660,0.802776,0.790674,0.012102,B+N+Q,B+N+Q,automatic,multiple_areas,B,1,1
W4210541872,"Expanding the occurrence of Euryhalinema (Leptolyngbyaceae, Cyanobacteria) to the Atlantic Ocean and description of E. epiphyticum sp. nov. on the Brazilian coast",https://doi.org/10.11646/phytotaxa.532.3.3,2022-02-01,0.764896,0.738995,0.731766,0.025901,B+N+Q,B+N+Q,automatic,multiple_areas,,1,0
W4210600078,"First evidence of an extant freshwater sponge fauna in Jackson Lake, Grand Teton National Park, Wyoming (USA)",https://doi.org/10.1080/20442041.2022.2035190,2022-01-28,0.718898,0.734130,0.694887,0.015232,B+N+Q,B+N+Q,automatic,multiple_areas,,1,1
W4210787025,Optimizing Procedures for Antioxidant Phenolics Extraction from Skin and Kernel of Peanuts with Contrasting Levels of Drought Tolerance,https://doi.org/10.3390/foods11030449,2022-02-03,0.782708,0.778818,0.799171,0.016463,B+N+Q,B+N+Q,automatic,multiple_areas,Q,1,1
W4210788431,New outcomes on how silicon enables the cultivation of Panicum maximum in soil with water restriction,https://doi.org/10.1038/s41598-022-05927-z,2022-02-03,0.842352,0.811359,0.794280,0.030993,B+N+Q,B+N+Q,automatic,multiple_areas,B,1,1
W4210930191,Mitigation of Water Deficit in Two Cultivars of Panicum maximum by the Application of Silicon,https://doi.org/10.1007/s11270-022-05539-3,2022-02-01,0.790776,0.773276,0.769026,0.017500,B+N+Q,B+N+Q,automatic,multiple_areas;no_abstract,B,0,1
W4211119526,Long-term land use in Amazon influence the dynamic of microbial communities in soil and rhizosphere,https://doi.org/10.1016/j.rhisph.2022.100482,2022-02-10,0.852633,0.814221,0.789216,0.038412,B+N,B+N,automatic,multiple_areas,B,1,1
W4212794186,"Organic matter and isotopic composition of soils under different management systems in western Paraná State, Brazil",https://doi.org/10.1007/s12665-022-10261-8,2022-02-01,0.802746,0.826339,0.797216,0.023593,B+N+Q,B+N+Q,automatic,multiple_areas;no_abstract,B,0,1
W4212796625,"Infection by Moniliophthora perniciosa reprograms tomato Micro-Tom physiology, establishes a sink, and increases secondary cell wall synthesis",https://doi.org/10.1093/jxb/erac057,2022-02-15,0.842409,0.782482,0.754104,0.059927,B,B,automatic,,B,1,1
W4212834683,Boron deficiency affects ATP hydrolysis of plasma membrane and nutrients uptake in coffee: Consequences for plant growth,https://doi.org/10.1080/01904167.2022.2043371,2022-02-22,0.831599,0.789765,0.801136,0.030463,B+N+Q,B+N+Q,automatic,multiple_areas,,1,1
W4212874516,"Treating tropical grass with fibrolytic enzymes from the fungus Trichoderma reesei: Effects on animal performance, digestibility and enteric methane emissions of growing lambs",https://doi.org/10.1016/j.anifeedsci.2022.115253,2022-02-18,0.787090,0.786602,0.785676,0.000487,B+N+Q,B+N+Q,automatic,multiple_areas;no_abstract,,0,1
W4212895655,Parameterizing field capacity as the upper limit of available water in bucket-type hydrological models,https://doi.org/10.1016/j.compag.2022.106801,2022-02-23,0.711018,0.772761,0.703395,0.061743,N,N,automatic,no_abstract,N,0,1
W4213107462,"Foliar spraying of Mn with addition of Si increases phenolic compound, photosynthetic efficiency, productivity and the protein content of the soybean crop",https://doi.org/10.1007/s42729-022-00780-5,2022-01-24,0.807432,0.778963,0.795636,0.011796,B+N+Q,B+N+Q,automatic,multiple_areas;no_abstract,,0,1
W4213161785,Soil metal concentrations after five years of pasture-tosugarcane conversion,https://doi.org/10.1590/1678-4499.20210038,2022-01-01,0.837150,0.852118,0.846935,0.005183,B+N+Q,B+N+Q,automatic,multiple_areas,N,1,1
W4213351696,Preconcentration of sulphonamides in bovine milk by the cloud point extraction method using smartphone-based digital images,https://doi.org/10.1039/d1ay02127c,2022-01-01,0.722825,0.747615,0.814167,0.066553,Q,Q,automatic,,Q,1,1
W4213363004,Improving Sustainable Field-Grown Wheat Production With Azospirillum brasilense Under Tropical Conditions: A Potential Tool for Improving Nitrogen Management,https://doi.org/10.3389/fenvs.2022.821628,2022-02-17,0.842711,0.810957,0.784781,0.031753,B+N,B+N,automatic,multiple_areas,,1,1
W4214489789,Chemical Derivatization in Flow Analysis,https://doi.org/10.3390/molecules27051563,2022-02-26,0.732721,0.744859,0.816651,0.071791,Q,Q,automatic,,Q,1,1
W4214519098,Use of agro-industrial by-products containing tannins for the integrated control of gastrointestinal nematodes in ruminants,https://doi.org/10.1051/parasite/2022010,2022-01-01,0.776494,0.778841,0.790009,0.011168,B+N+Q,B+N+Q,automatic,multiple_areas,,1,1
W4214707463,Microwave-Assisted Extraction of Fatty Acids from Cultured and Commercial Phytoplankton Species,https://doi.org/10.3390/app12052407,2022-02-25,0.769056,0.766800,0.809436,0.040380,B+N+Q,B+N+Q,automatic,multiple_areas,,1,1
W4214826239,Path and logistic analysis for heat tolerance in adapted breeds of cattle in Brazil,https://doi.org/10.1016/j.livsci.2022.104888,2022-03-04,0.726444,0.769341,0.727028,0.042313,B+N+Q,B+N+Q,automatic,multiple_areas;no_abstract,,0,1
W4214828896,Genetically related genotypes of cowpea present similar bacterial community in the rhizosphere,https://doi.org/10.1038/s41598-022-06860-x,2022-03-02,0.845097,0.794349,0.762277,0.050748,B,B,automatic,,B,1,1
W4220701414,Stability of sodium mass fraction in agricultural certified reference materials,https://doi.org/10.1016/j.talo.2022.100097,2022-02-15,0.771877,0.809999,0.838586,0.028587,N+Q,N+Q,automatic,multiple_areas,,1,1
W4220787711,Sensitivity of infiltration modelling to temporal resolution of rainfall data,https://doi.org/10.1111/ejss.13231,2022-03-01,0.715248,0.784950,0.716401,0.068549,N,N,automatic,,N,1,1
W4220793778,Cellulose Microbeads: Toward the Controlled Release of Nutrients to Plants,https://doi.org/10.1021/acsagscitech.1c00233,2022-03-22,0.827266,0.815795,0.832769,0.005503,B+N+Q,B+N+Q,automatic,multiple_areas,N,1,1
W4220794703,Effects of urbanization on the nutritional ecology of a highly active coastal shark: Preliminary insights from trophic markers and body condition,https://doi.org/10.1016/j.scitotenv.2022.154082,2022-02-23,0.728273,0.740728,0.729539,0.011189,B+N+Q,B+N+Q,automatic,multiple_areas;no_abstract,N,0,1
W4220814164,Effects of different cultivation conditions on the production of β-cyclocitral and β-ionone in Microcystis aeruginosa,https://doi.org/10.1186/s12866-022-02473-6,2022-03-24,0.777953,0.749863,0.768076,0.009876,B+N+Q,B+N+Q,automatic,multiple_areas,,1,1
W4220922590,The phytoactive constituents of Eugenia selloi B.D. Jacks (pitangatuba): Toxicity and elucidation of their anti-inflammatory mechanism(s) of action,https://doi.org/10.1016/j.fochms.2022.100093,2022-03-07,0.755388,0.735829,0.772677,0.017289,B+N+Q,B+N+Q,automatic,multiple_areas,Q,1,1
W4220935611,Co-encapsulation of guaraná extracts and probiotics increases probiotic survivability and simultaneously delivers bioactive compounds in simulated gastrointestinal fluids,https://doi.org/10.1016/j.lwt.2022.113351,2022-03-16,0.751457,0.740251,0.783872,0.032415,B+N+Q,B+N+Q,automatic,multiple_areas,Q,1,1
W4221028700,Addition of raw feedstocks and biochars to the soil on the sorption–desorption and biodegradation of 14C-saflufenacil,https://doi.org/10.1007/s13762-022-04046-6,2022-03-15,0.757244,0.761023,0.776288,0.015265,B+N+Q,B+N+Q,automatic,multiple_areas;no_abstract,,0,1
W4221035539,Increased soil moisture intensifies the impacts of forest-to-pasture conversion on methane emissions and methane-cycling communities in the Eastern Amazon,https://doi.org/10.1016/j.envres.2022.113139,2022-03-23,0.786598,0.804832,0.747491,0.018234,B+N,B+N,automatic,multiple_areas;no_abstract,,0,1
W4221051103,Determining the Presence of 5-Fluorouracil in Hamster Saliva by HPLC,https://doi.org/10.17921/2447-8938.2022v24n1p17-22,2022-03-22,0.719929,0.744363,0.775018,0.030655,N+Q,N+Q,automatic,multiple_areas,,1,1
W4221104298,"3,4-Dimethylpyrazole Phosphate (DMPP) Reduces Nitrogen Leaching in Three Tropical Soils and Improves the Agronomic Efficiency of Nitrogen Fertilizers Applied to Cotton",https://doi.org/10.1007/s42729-022-00824-w,2022-03-15,0.783488,0.780288,0.769475,0.003200,B+N+Q,B+N+Q,automatic,multiple_areas;no_abstract,,0,1
W4223458491,"Can soil type interfere in sorption-desorption, mobility, leaching, degradation, and microbial activity of the 14C-tebuthiuron herbicide?",https://doi.org/10.1016/j.hazadv.2022.100074,2022-04-12,0.754068,0.780636,0.773708,0.006928,B+N+Q,B+N+Q,automatic,multiple_areas,,1,1
W4223630711,Silicon as a Sustainable Option to Increase Biomass With Less Water by Inducing Carbon:Nitrogen:Phosphorus Stoichiometric Homeostasis in Sugarcane and Energy Cane,https://doi.org/10.3389/fpls.2022.826512,2022-04-12,0.863071,0.830791,0.812681,0.032281,B+N,B+N,automatic,multiple_areas,B,1,1
W4223971762,"Composted Sewage Sludge Application in a Sugarcane Seedling Nursery: Crop Nutritional Status, Productivity, and Technological Quality Implications",https://doi.org/10.3390/su14084682,2022-04-13,0.814026,0.797829,0.792258,0.016197,B+N+Q,B+N+Q,automatic,multiple_areas,,1,1
W4224140274,Functional N-cycle genes in soil and N2O emissions in tropical grass-maize intercropping systems,https://doi.org/10.1016/j.soilbio.2022.108655,2022-04-03,0.847127,0.815172,0.774286,0.031955,B+N,B+N,automatic,multiple_areas;no_abstract,,0,1
W4224301550,Composted Sewage Sludge Application Reduces Mineral Fertilization Requirements and Improves Soil Fertility in Sugarcane Seedling Nurseries,https://doi.org/10.3390/su14084684,2022-04-14,0.810913,0.794962,0.798925,0.011988,B+N+Q,B+N+Q,automatic,multiple_areas,,1,1
W4225008310,Optimization of sample preparation of Brazilian honeys for TQ-ICP-MS analysis,https://doi.org/10.1016/j.talo.2022.100117,2022-04-27,0.761006,0.795408,0.823478,0.028069,N+Q,N+Q,automatic,multiple_areas,,1,1
W4225015054,Response of Oreochromis niloticus (Teleostei: Cichlidae) exposed to a guanitoxin-producing cyanobacterial strain using multiple biomarkers,https://doi.org/10.1016/j.scitotenv.2022.155471,2022-04-23,0.774216,0.755970,0.765955,0.008261,B+N+Q,B+N+Q,automatic,multiple_areas;no_abstract,,0,1
W4225108541,Metagenomes from Eastern Brazilian Amazonian floodplains in the wet and dry seasons,https://doi.org/10.25982/113717.182/1864845,2022-01-01,0.821392,0.821500,0.793619,0.000108,B+N+Q,B+N+Q,automatic,multiple_areas,,1,1
W4225266637,Anti-Inflammatory Effects of (3S)-Vestitol on Peritoneal Macrophages,https://doi.org/10.3390/ph15050553,2022-04-29,0.763938,0.724779,0.767947,0.004009,B+N+Q,B+N+Q,automatic,multiple_areas,Q,1,1
W4225324924,Increased branching independent of strigolactone in cytokinin oxidase 2-overexpressing tomato is mediated by reduced auxin transport,https://doi.org/10.1186/s43897-022-00032-1,2022-05-03,0.802744,0.737926,0.705062,0.064819,B,B,automatic,,B,1,1
W4225425634,Phytochemical modulation of P-Glycoprotein and its gene expression in an ivermectin-resistant Haemonchus contortus isolate in vitro,https://doi.org/10.1016/j.vetpar.2022.109713,2022-05-01,0.726141,0.705930,0.717860,0.008281,B+N+Q,B+N+Q,automatic,multiple_areas;no_abstract,,0,1
W4225752376,The methane-driven interaction network in terrestrial methane hotspots,https://doi.org/10.1186/s40793-022-00409-1,2022-04-05,0.801055,0.761130,0.735966,0.039925,B+N,B+N,automatic,multiple_areas,B,1,1
W4226050511,High-quality genome assembly of Pseudocercospora ulei the main threat to natural rubber trees,,2022-01-01,0.816535,0.762385,0.714421,0.054150,B,B,automatic,,B,1,1
W4226080983,"Hydroclimate and vegetation changes in southeastern Amazonia over the past ∼25,000 years",https://doi.org/10.1016/j.quascirev.2022.107466,2022-04-07,0.753826,0.796850,0.738435,0.043024,B+N,B+N,automatic,multiple_areas;no_abstract,,0,1
W4226135234,Machine learning to support geographical origin traceability of Coffea Arabica,https://doi.org/10.54364/aaiml.2022.1118,2022-01-01,0.745328,0.769725,0.778995,0.009270,B+N+Q,B+N+Q,automatic,multiple_areas,,1,1
W4226331659,Enzymatic Stoichiometry in Soils from Physiognomies of Brazilian Cerrado,https://doi.org/10.1007/s42729-022-00840-w,2022-04-04,0.807110,0.803448,0.793127,0.003663,B+N+Q,B+N+Q,automatic,multiple_areas;no_abstract,B,0,1
W4226424203,Off-flavor detection in tilapia reared in cages in tropical lakes,https://doi.org/10.1016/j.aquaculture.2022.738215,2022-04-03,0.804612,0.812866,0.826888,0.014023,B+N+Q,B+N+Q,automatic,multiple_areas,,1,1
W4229078371,Bioinformatic analyses to uncover genes involved in trehalose metabolism in the polyploid sugarcane,https://doi.org/10.1038/s41598-022-11508-x,2022-05-07,0.839400,0.767919,0.748299,0.071481,B,B,automatic,,B,1,1
W4229335830,Domestication of Lima Bean (Phaseolus lunatus) Changes the Microbial Communities in the Rhizosphere,https://doi.org/10.1007/s00248-022-02028-2,2022-05-08,0.825115,0.784862,0.770206,0.040253,B+N,B+N,automatic,multiple_areas;no_abstract,B,0,1
W4240703832,Effect of glyphosate and glufosinate on nutritional content and agronomic performance of maize possessing cp4epsps and pat transgenes,https://doi.org/10.21475/ajcs.21.15.05.p3193,2021-05-10,0.788547,0.788765,0.767819,0.000218,B+N+Q,B+N+Q,automatic,multiple_areas,,1,1
W4243768531,Natural coloring red beetroot under effects of gamma radiation,https://doi.org/10.15406/hij.2021.05.00218,2021-06-15,0.743959,0.790078,0.779116,0.010962,B+N+Q,B+N+Q,automatic,multiple_areas,N,1,1
W4244708759,Effects of gamma radiation in okra’s conservation,https://doi.org/10.15406/hij.2021.05.00219,2021-06-16,0.735802,0.801392,0.774390,0.027002,N+Q,N+Q,automatic,multiple_areas,N,1,1
W4248879310,The effects of microwave application on the physicochemical properties of bacaba (Oenocarpus bacaba Mart.) oil,https://doi.org/10.17306/j.afs.0893,2021-04-22,0.719094,0.749137,0.777697,0.028560,N+Q,N+Q,automatic,multiple_areas,N,1,1
W4280491028,The Genetic Complexity of Type-IV Trichome Development Reveals the Steps towards an Insect-Resistant Tomato,https://doi.org/10.3390/plants11101309,2022-05-14,0.817089,0.786104,0.730307,0.030985,B+N,B+N,automatic,multiple_areas,Q,1,1
W4280495354,Disentangling the lifestyle of bacterial communities in tropical soda lakes,https://doi.org/10.1038/s41598-022-12046-2,2022-05-13,0.825545,0.794456,0.777548,0.031090,B+N+Q,B+N+Q,automatic,multiple_areas,,1,1
W4280498059,"Late-Holocene sea levels from vermetids and barnacles at Ponta do Papagaio, 27° 50′S latitude and a comparison with other sectors of southern Brazil",https://doi.org/10.1016/j.quascirev.2022.107536,2022-05-12,0.715375,0.767395,0.709941,0.052020,N,N,automatic,,,1,1
W4280501693,Reannotation of Fly Amanita l -DOPA Dioxygenase Gene Enables Its Cloning and Heterologous Expression,https://doi.org/10.1021/acsomega.2c01365,2022-04-25,0.804139,0.747103,0.743774,0.057036,B,B,automatic,,,1,1
W4280559721,"Impacts of dicamba and 2,4-D drift on ‘Ponkan’ mandarin seedlings, soil microbiota and Amaranthus retroflexus",https://doi.org/10.1016/j.hazadv.2022.100084,2022-05-01,0.828103,0.814281,0.787889,0.013822,B+N+Q,B+N+Q,automatic,multiple_areas,,1,1
W4280562314,Biosynthesis of Guanitoxin Enables Global Environmental Detection in Freshwater Cyanobacteria,https://doi.org/10.1021/jacs.2c01424,2022-05-18,0.813545,0.762431,0.771704,0.041841,B+Q,B+Q,automatic,multiple_areas,,1,1
W4280599778,"Late Holocene mangrove dynamics of the Doce River delta, southeastern Brazil: Implications for the understanding of mangrove resilience to sea-level changes and channel dynamics",https://doi.org/10.1016/j.palaeo.2022.111055,2022-05-19,0.753846,0.776291,0.729892,0.022446,B+N+Q,B+N+Q,automatic,multiple_areas;no_abstract,B,0,1
W4280601375,Evaluation of grass and legume tropical mixtures and performance of grazed sheep,https://doi.org/10.4314/sajas.v52i1.4,2022-05-10,0.751186,0.767300,0.737024,0.016115,B+N+Q,B+N+Q,automatic,multiple_areas,,1,1
W4280644832,Protocol for assessing soybean antibiosis toChloridea virescens,https://doi.org/10.1111/eea.13190,2022-05-15,0.827875,0.822276,0.812308,0.005599,B+N+Q,B+N+Q,automatic,multiple_areas,,1,1
W4281256689,Plant genetic diversity by DNA barcoding to investigate propolis origin,https://doi.org/10.1016/j.phytochem.2022.113226,2022-05-20,0.782874,0.770845,0.775351,0.007523,B+N+Q,B+N+Q,automatic,multiple_areas,Q,1,1
W4281612132,Quantification of methane emitted by ruminants: a review of methods,https://doi.org/10.1093/jas/skac197,2022-06-03,0.755904,0.802675,0.778835,0.023840,B+N+Q,B+N+Q,automatic,multiple_areas,,1,1
W4281660625,Leaf transcriptome profiling of contrasting sugarcane genotypes for drought tolerance under field conditions,https://doi.org/10.1038/s41598-022-13158-5,2022-06-01,0.837252,0.773219,0.736634,0.064033,B,B,automatic,,B,1,1
W4281676319,Fertilization management with sewage sludge sustains Eucalyptus productivity in Cerrado infertile soil,https://doi.org/10.1016/j.foreco.2022.120338,2022-06-04,0.822904,0.807986,0.780501,0.014918,B+N+Q,B+N+Q,automatic,multiple_areas,,1,1
W4281684722,"Maintaining grass coverage increases methane uptake in Amazonian pastures, with a reduction of methanogenic archaea in the rhizosphere",https://doi.org/10.1016/j.scitotenv.2022.156225,2022-05-24,0.822085,0.801346,0.764698,0.020739,B+N,B+N,automatic,multiple_areas;no_abstract,B,0,1
W4281692349,Application of multispectral imaging combined with machine learning models to discriminate special and traditional green coffee,https://doi.org/10.1016/j.compag.2022.107097,2022-06-02,0.758890,0.773887,0.818491,0.044604,N+Q,N+Q,automatic,multiple_areas,Q,1,1
W4281743768,Effects of green coffee bean flour fortification on the chemical and nutritional properties of gluten-free cake,https://doi.org/10.1007/s11694-022-01469-0,2022-06-06,0.743167,0.726981,0.790351,0.047185,B+Q,B+Q,automatic,multiple_areas;no_abstract,Q,0,1
W4281746910,Environmental DNA Sequencing to Monitor Restoration Practices on Soil Bacterial and Archaeal Communities in Soils Under Desertification in the Brazilian Semiarid,https://doi.org/10.1007/s00248-022-02048-y,2022-05-28,0.828963,0.808544,0.782362,0.020420,B+N+Q,B+N+Q,automatic,multiple_areas;no_abstract,B,0,1
W4281748503,Auxin-driven ecophysiological diversification of leaves in domesticated tomato,https://doi.org/10.1093/plphys/kiac251,2022-05-27,0.850284,0.795618,0.748033,0.054665,B,B,automatic,,B,1,1
W4281750083,"Changes in Tillering, Nutritional Status and Biomass Yield of Panicum maximum Used for Cadmium Phytoextraction",https://doi.org/10.1007/s11270-022-05687-6,2022-06-01,0.777457,0.756341,0.760075,0.017382,B+N+Q,B+N+Q,automatic,multiple_areas;no_abstract,,0,1
W4281835314,"Mid- to Late Holocene sealevel changes at Abrolhos Archipelago and Bank, southwestern Atlantic, Brazil",https://doi.org/10.1016/j.margeo.2022.106841,2022-05-29,0.700742,0.740815,0.694070,0.040074,B+N+Q,B+N+Q,automatic,multiple_areas;no_abstract,,0,1
W4281917439,Mangrove expansion at poleward range limits in North and South America: Late-Holocene climate variability or anthropocene global warming?,https://doi.org/10.1016/j.catena.2022.106413,2022-06-02,0.735920,0.758212,0.712213,0.022292,B+N+Q,B+N+Q,automatic,multiple_areas;no_abstract,,0,1
W4281922848,Brazilian Organic Honey from Atlantic Rainforest Decreases Inflammatory Process in Mice,https://doi.org/10.3390/vetsci9060268,2022-06-02,0.751295,0.745386,0.776362,0.025067,B+N+Q,B+N+Q,automatic,multiple_areas,Q,1,1
W4282592767,"Poleward mangrove expansion in South America coincides with MCA and CWP: A diatom, pollen, and organic geochemistry study",https://doi.org/10.1016/j.quascirev.2022.107598,2022-06-13,0.784545,0.797028,0.762605,0.012483,B+N+Q,B+N+Q,automatic,multiple_areas,,1,1
W4282938022,Can streambank height indicate soil moisture regime of riparian zones? A case study in deep soils of a first-order watershed in Southeast Brazil,https://doi.org/10.1080/02723646.2022.2089446,2022-06-15,0.736596,0.782419,0.727796,0.045823,B+N,B+N,automatic,multiple_areas,N,1,1
W4283075713,Influences of the alcoholic extract of Artemisia annua on gastrointestinal microbiota and performance of Nile tilapia,https://doi.org/10.1016/j.aquaculture.2022.738521,2022-06-17,0.776478,0.749465,0.766337,0.010141,B+N+Q,B+N+Q,automatic,multiple_areas,B,1,1
W4283169094,Effect of dietary soybean oil inclusion on liver-related transcription factors in a pig model for metabolic diseases,https://doi.org/10.1038/s41598-022-14069-1,2022-06-20,0.777762,0.724813,0.745163,0.032598,B+Q,B+Q,automatic,multiple_areas,Q,1,1
W4283216027,Recording surface runoff in the field: a simple detector made of polypropylene,https://doi.org/10.26848/rbgf.v15.3.p1583-1586,2022-06-13,0.709377,0.780895,0.749493,0.031402,N+Q,N+Q,automatic,multiple_areas,N,1,1
W4283395424,Impact of forest–pasture conversion on soil physical and chemical properties,https://doi.org/10.18406/2316-1817v13n420211655,2022-06-23,0.800084,0.827281,0.791063,0.027197,B+N+Q,B+N+Q,automatic,multiple_areas,B,1,1
W4283447695,Differential Gene Expression Associated with Soybean Oil Level in the Diet of Pigs,https://doi.org/10.3390/ani12131632,2022-06-25,0.795519,0.749529,0.757373,0.038146,B+N+Q,B+N+Q,automatic,multiple_areas,Q,1,1
W4283573842,Draft Genome Sequences of Five Putatively Novel Saccharibacteria Species Assembled from the Human Oral Metagenome,https://doi.org/10.1128/mra.00246-22,2022-06-27,0.787518,0.733422,0.747395,0.040123,B+Q,B+Q,automatic,multiple_areas,,1,1
W4283593733,"A Study on the Anti-NF-κB, Anti-Candida, and Antioxidant Activities of Two Natural Plant Hormones: Gibberellin A4 and A7",https://doi.org/10.3390/pharmaceutics14071347,2022-06-25,0.792409,0.771554,0.781603,0.010805,B+N+Q,B+N+Q,automatic,multiple_areas,Q,1,1
W4283654257,Innovative prediction of milk microbiological quality from pH measurements by digital imaging photometry,https://doi.org/10.1016/j.jfca.2022.104715,2022-06-28,0.730228,0.756761,0.797509,0.040749,N+Q,N+Q,automatic,multiple_areas;no_abstract,Q,0,1
W4283705075,Wort disinfection treatment with electron beam for bioethanol production,https://doi.org/10.1590/1678-992x-2021-0260,2022-06-29,0.768501,0.787816,0.787190,0.000626,B+N+Q,B+N+Q,automatic,multiple_areas,N,1,1
W4283713216,Comprehensive chocolate aroma characterization in beverages containing jackfruit seed flours and cocoa powder,https://doi.org/10.1016/j.fufo.2022.100158,2022-06-29,0.756641,0.757498,0.794617,0.037120,B+N+Q,B+N+Q,automatic,multiple_areas,Q,1,1
W4283729332,The role of 5-hydroxymethylfurfural in food and recent advances in analytical methods,https://doi.org/10.1016/j.foodchem.2022.133539,2022-06-29,0.719109,0.741604,0.817692,0.076088,Q,Q,automatic,,Q,1,1
W4283812981,Vinasse and straw retention decrease fungal diversity and pathogenicity in sugarcane soil / Aplicação de vinhaça e retenção de palha diminuem a diversidade e patogenicidade de fungos em solo canavieiro,https://doi.org/10.34117/bjdv8n6-149,2022-06-07,0.851090,0.825882,0.808295,0.025208,B+N+Q,B+N+Q,automatic,multiple_areas,,1,1
W4283815539,Cyanotoxins and water quality parameters as risk assessment indicators for aquatic life in reservoirs,https://doi.org/10.1016/j.ecoenv.2022.113828,2022-07-04,0.751248,0.763943,0.771870,0.007926,B+N+Q,B+N+Q,automatic,multiple_areas,,1,1
W4283818446,Characterization of the Nuclear Proteome of Chlamydomonas in Response to Salt Stress,https://doi.org/10.3390/phycology2030015,2022-07-01,0.815719,0.744687,0.737764,0.071031,B,B,automatic,,B,1,1
W4284962589,Methane concentrations and fluxes in agricultural and preserved tropical headwater streams,https://doi.org/10.1016/j.scitotenv.2022.157238,2022-07-08,0.787111,0.814067,0.768363,0.026956,B+N+Q,B+N+Q,automatic,multiple_areas,N,1,1
W4284973427,"Efeitos da radiação gama e temperaturas de armazenamento nas características físico-químicas de cenoura minimamente processadas, pré-cozidas e embaladas à vácuo",https://doi.org/10.33448/rsd-v11i9.31601,2022-07-06,0.795037,0.859701,0.856172,0.003529,N+Q,N+Q,automatic,multiple_areas,N,1,1
W4285029073,Temporal and spatial patterns in the detection of veterinary drug residues in poultry and swine in Brazil,https://doi.org/10.1590/1809-6891v23e-71763e,2022-01-01,0.753802,0.791783,0.809220,0.017436,N+Q,N+Q,automatic,multiple_areas,,1,1
W4285049588,Padrões temporais e espaciais na detecção de resíduos de medicamentos veterinários em aves e suínos no Brasil,https://doi.org/10.1590/1809-6891v23e-71763p,2022-01-01,0.776920,0.821270,0.827716,0.006446,N+Q,N+Q,automatic,multiple_areas,,1,1
W4285163647,Histological evaluation of Rhipicephalus (Boophilus) microplus tick ovaries subjected to cobalt-60 ionizing radiation,https://doi.org/10.31893/avr.2022007,2022-01-01,0.691645,0.745382,0.700691,0.044691,N+Q,N+Q,automatic,multiple_areas,N,1,1
W4285168366,Genetic and geographical integration for ruminant production under climate change with particular emphasis on Brazil,https://doi.org/10.31893/avr.2022009,2022-01-01,0.811511,0.829417,0.761612,0.017906,B+N,B+N,automatic,multiple_areas,,1,1
W4285494671,Marcação de insetos para estudos biológicos,https://doi.org/10.24215/16699513e093,2022-07-14,0.841667,0.883098,0.851297,0.031801,B+N+Q,B+N+Q,automatic,multiple_areas,N,1,1
W4285597254,Co-Inoculation with Azospirillum brasilense and Bradyrhizobium sp. Enhances Nitrogen Uptake and Yield in Field-Grown Cowpea and Did Not Change N-Fertilizer Recovery,https://doi.org/10.3390/plants11141847,2022-07-14,0.805220,0.772933,0.742516,0.032286,B+N,B+N,automatic,multiple_areas,,1,1
W4285796311,Biogeographic responses and niche occupancy of microbial communities following long-term land-use change,https://doi.org/10.1007/s10482-022-01761-5,2022-07-19,0.816337,0.802970,0.759539,0.013367,B+N,B+N,automatic,multiple_areas;no_abstract,B,0,1
W4286216990,Metagenomes from Eastern Brazilian Amazonian Floodplains in the Wet and Dry Seasons,https://doi.org/10.1128/mra.00432-22,2022-07-19,0.809782,0.786301,0.757555,0.023481,B+N,B+N,automatic,multiple_areas,,1,1
W4286567541,Prediction of enteric methane production and yield in sheep using a Latin America and Caribbean database,https://doi.org/10.1016/j.livsci.2022.105036,2022-07-22,0.757788,0.786335,0.751921,0.028547,B+N+Q,B+N+Q,automatic,multiple_areas;no_abstract,,0,1
W4286634266,In vivo therapeutic evaluation of a cellulose acetate hydrogel cross linked with ethylenediaminetetraacetic-dianhydride containing propolis ethanolic-extract for treating burns,https://doi.org/10.1177/08839115221106869,2022-07-01,0.734200,0.722227,0.766376,0.032176,B+N+Q,B+N+Q,automatic,multiple_areas,Q,1,1
W4286876121,The experience of teaching introductory programming skills to bioscientists in Brazil,https://doi.org/10.60692/a29xh-daz43,2021-11-11,0.766062,0.737365,0.699478,0.028698,B+N,B+N,automatic,multiple_areas,B,1,1
W4287146837,"Identification of potential plant species hyperaccumulating light rare earth elements (LREE) in a mining area in Minas Gerais, Brazil",https://doi.org/10.1007/s11356-022-22009-9,2022-07-25,0.784478,0.787582,0.796469,0.008887,B+N+Q,B+N+Q,automatic,multiple_areas;no_abstract,,0,1
W4287831553,Root nitrate uptake in sugarcane (Saccharum spp.) is modulated by transcriptional and presumably posttranscriptional regulation of the NRT2.1/NRT3.1 transport system,https://doi.org/10.1007/s00438-022-01929-8,2022-07-26,0.834835,0.765578,0.739641,0.069257,B,B,automatic,no_abstract,B,0,1
W4288043374,Dose letal imediata de radiação gama para espécies de carunchos do feijão utilizando irradiador multipropósito,https://doi.org/10.30612/agrarian.v15i55.15712,2022-07-22,0.792422,0.867336,0.813301,0.054035,N,N,automatic,,N,1,1
W4288051235,Genome-resolved metagenomics reveals novel archaeal and bacterial genomes from Amazonian forest and pasture soils,https://doi.org/10.1099/mgen.0.000853,2022-07-27,0.846452,0.804821,0.780906,0.041631,B+N,B+N,automatic,multiple_areas,,1,1
W4288073156,Eficiência agronômica de atrazine no controle de Capim-navalha e Capim-capeta,https://doi.org/10.6008/cbpc2179-6858.2021.012.0011,2021-09-30,0.821418,0.853675,0.811801,0.032257,B+N+Q,B+N+Q,automatic,multiple_areas,,1,1
W4288073192,Germinação de Capim-Navalha (Paspalum Virgatum l.) e Capim-Capeta [(Sporobolus Indicus (l.) r.br.)] em função da temperatura e da luz,https://doi.org/10.6008/cbpc2179-6858.2021.012.0009,2021-09-27,0.773441,0.804546,0.762126,0.031105,B+N+Q,B+N+Q,automatic,multiple_areas,,1,1
W4288073197,Efeito de herbicidas aplicados em jato dirigido à entrelinha e área total na cultura do abacaxi,https://doi.org/10.6008/cbpc2179-6858.2021.012.0010,2021-09-27,0.801705,0.823874,0.807166,0.016708,B+N+Q,B+N+Q,automatic,multiple_areas,,1,1
W4288073230,Lixiviação do saflufenacil e tebuthiuron em solos de texturas contrastantes submetidos a diferentes precipitações pluviométricas,https://doi.org/10.6008/cbpc2179-6858.2021.012.0004,2021-09-17,0.763313,0.805052,0.798341,0.006711,B+N+Q,B+N+Q,automatic,multiple_areas,,1,1
W4288077893,Forms of application of silicon in quinoa and benefits involved in the association between productivity with grain biofortification,https://doi.org/10.1038/s41598-022-17181-4,2022-07-26,0.827798,0.794741,0.808296,0.019502,B+N+Q,B+N+Q,automatic,multiple_areas,B,1,1
W4288430353,Improving the representation of sugarcane crop in the Joint UK Land Environment Simulator (JULES) model for climate impact assessment,https://doi.org/10.1111/gcbb.12989,2022-07-28,0.786618,0.808618,0.731389,0.021999,B+N,B+N,automatic,multiple_areas,N,1,1
W4288489474,"Impact of Si on C, N, and P stoichiometric homeostasis favors nutrition and stem dry mass accumulation in sugarcane cultivated in tropical soils with different water regimes",https://doi.org/10.3389/fpls.2022.949909,2022-07-29,0.864596,0.830524,0.815252,0.034071,B+N+Q,B+N+Q,automatic,multiple_areas,B,1,1
W4288736978,CoCoView - A codon conservation viewer via sequence logos,https://doi.org/10.1016/j.mex.2022.101803,2022-01-01,0.751140,0.713341,0.690730,0.037799,B+N,B+N,automatic,multiple_areas,B,1,1
W4289170104,Molecular evidence for stimulation of methane oxidation in Amazonian floodplains by ammonia-oxidizing communities,https://doi.org/10.3389/fmicb.2022.913453,2022-08-01,0.817132,0.793126,0.769292,0.024006,B+N+Q,B+N+Q,automatic,multiple_areas,,1,1
W4289518489,Bacterial Communities Along Environmental Gradients in Tropical Soda Lakes,https://doi.org/10.1007/s00248-022-02086-6,2022-08-02,0.779815,0.769824,0.756032,0.009991,B+N+Q,B+N+Q,automatic,multiple_areas;no_abstract,Q,0,1
W4289766815,Comparative study of different liquid diets for dairy calves and the impact on performance and the bacterial community during diarrhea,https://doi.org/10.1038/s41598-022-17613-1,2022-08-04,0.759634,0.747504,0.765291,0.005657,B+N+Q,B+N+Q,automatic,multiple_areas,B,1,1
W4290503946,Composted Sewage Sludge Sustains High Maize Productivity on an Infertile Oxisol in the Brazilian Cerrado,https://doi.org/10.3390/land11081246,2022-08-05,0.821135,0.820172,0.804849,0.000963,B+N+Q,B+N+Q,automatic,multiple_areas,,1,1
W4291670214,"Description of Aliinostoc alkaliphilum sp. nov. (Nostocales, Cyanobacteria), a New Bioactive Metabolite-Producing Strain from Salina Verde (Pantanal, Brazil) and Taxonomic Distribution of Bioactive Metabolites in Nostoc and Nostoc-like Genera",https://doi.org/10.3390/w14162470,2022-08-10,0.807196,0.772515,0.796828,0.010368,B+N+Q,B+N+Q,automatic,multiple_areas,,1,1
W4291821272,Efficiency of soluble and insoluble sources of manganese for soybean nutrition in the Brazilian Cerrado,https://doi.org/10.1590/s1678-3921.pab2022.v57.01721,2022-01-01,0.820181,0.814649,0.804662,0.005531,B+N+Q,B+N+Q,automatic,multiple_areas,,1,1
W4292383652,Are nanomaterials leading to more efficient agriculture? Outputs from 2009 to 2022 research metadata analysis,https://doi.org/10.1039/d1en01078f,2022-01-01,0.801295,0.782953,0.790780,0.010516,B+N+Q,B+N+Q,automatic,multiple_areas,,1,1
W4293046745,Chitosan suspension as extractor and encapsulating agent of phenolics from acerola by-product,https://doi.org/10.1016/j.foodres.2022.111855,2022-08-25,0.750256,0.759979,0.820977,0.060998,Q,Q,automatic,,Q,1,1
W4293069953,"Hematological, biochemical alterations and methane production in sheep submitted to mixed infection of Haemonchus contortus and Trichostrongylus colubriformis",https://doi.org/10.1016/j.smallrumres.2022.106798,2022-08-19,0.708563,0.718075,0.702612,0.009512,B+N+Q,B+N+Q,automatic,multiple_areas;no_abstract,,0,1
W4293212010,Interactions between Soil Bacterial Diversity and Plant-Parasitic Nematodes in Soybean Plants,https://doi.org/10.1128/aem.00963-22,2022-08-24,0.812982,0.775225,0.738711,0.037757,B+N,B+N,automatic,multiple_areas,B,1,1
W4293525495,Bioactive Compounds and In Vitro Antioxidant Capacity of Cambuci and Uvaia: An Extensive Description of Little-Known Fruits from the Myrtaceae Family with High Consumption Potential,https://doi.org/10.3390/foods11172612,2022-08-29,0.782503,0.780230,0.807338,0.024835,B+N+Q,B+N+Q,automatic,multiple_areas,Q,1,1
W4293526801,"Changes in Dry Matter and Carbon, Nitrogen, and Sulfur Stocks after Applications of Increasing Doses of Pig Slurry to Soils with Tifton-85 for Six Years in Southern Brazil",https://doi.org/10.3390/agronomy12092058,2022-08-29,0.783865,0.801157,0.784810,0.016347,B+N+Q,B+N+Q,automatic,multiple_areas,B,1,1
W4293564034,Simulated gastrointestinal digestion/Caco-2 cell model to predict bioaccessibility and intestinal permeability of p-coumaric acid and p-coumaroyl derivatives in peanut,https://doi.org/10.1016/j.foodchem.2022.134033,2022-08-27,0.739138,0.741159,0.791747,0.050588,Q,Q,automatic,no_abstract,Q,0,1
W4293576080,Stochastic Merging of Soil Hydraulic Properties for Vadose Zone Hydrological Modeling,https://doi.org/10.1061/(asce)he.1943-5584.0002208,2022-08-30,0.723151,0.787509,0.717420,0.064357,N,N,automatic,,N,1,1
W4293577608,"Global mapping of volumetric water retention at 100, 330 and 15 000 cm suction using the WoSIS database",https://doi.org/10.1016/j.iswcr.2022.08.001,2022-08-28,0.780055,0.823254,0.765731,0.043198,B+N,B+N,automatic,multiple_areas,N,1,1
W4293773096,Insights into the Genomic Potential of a Methylocystis sp. from Amazonian Floodplain Sediments,https://doi.org/10.3390/microorganisms10091747,2022-08-30,0.833062,0.787477,0.761869,0.045584,B+N,B+N,automatic,multiple_areas,,1,1
W4294000661,Methanogenic communities and methane emissions from enrichments of Brazilian Amazonia soils under land-use change,https://doi.org/10.1016/j.micres.2022.127178,2022-09-01,0.815796,0.796728,0.762259,0.019068,B+N,B+N,automatic,multiple_areas,,1,1
W4294716057,Improving potassium use efficiency of sugarcane through the use of polyhalite,https://doi.org/10.1186/s43170-022-00124-4,2022-09-04,0.819737,0.802732,0.809800,0.009937,B+N+Q,B+N+Q,automatic,multiple_areas,,1,1
W4294957579,The co-evolution of life and biogeochemical cycles in our planet,https://doi.org/10.1590/1676-0611-bn-2022-1402,2022-01-01,0.781092,0.779023,0.749270,0.002070,B+N+Q,B+N+Q,automatic,multiple_areas,N,1,1
W4294991310,Ecological risk of imidacloprid on the Brazilian non-target freshwater organisms Chironomus sancticaroli and Poecilia reticulata,https://doi.org/10.1007/s10661-022-10418-9,2022-09-08,0.732576,0.762395,0.738236,0.024159,B+N+Q,B+N+Q,automatic,multiple_areas;no_abstract,,0,1
W4295027397,Applications of Cr-rich composted tannery sludge in the soil decrease microbial biomass and select specific bacterial groups,https://doi.org/10.1007/s11356-022-22933-w,2022-09-09,0.778398,0.763666,0.788941,0.010542,B+N+Q,B+N+Q,automatic,multiple_areas;no_abstract,B,0,1
W4295046449,Encapsulated nitrate replacing soybean meal in diets with and without monensin on in vitro ruminal fermentation,https://doi.org/10.1590/0001-3765202220200213,2022-01-01,0.785993,0.779076,0.789296,0.003303,B+N+Q,B+N+Q,automatic,multiple_areas,,1,1
W4295854220,Digital-image photometry with multi-energy calibration,https://doi.org/10.1016/j.microc.2022.107938,2022-09-05,0.706538,0.759948,0.776855,0.016907,N+Q,N+Q,automatic,multiple_areas;no_abstract,Q,0,1
W4295885377,Soybean seeds treated with zinc evaluated by X-ray micro-fluorescence spectroscopy,https://doi.org/10.1590/1678-992x-2021-0131,2022-09-12,0.802986,0.791676,0.791845,0.011141,B+N+Q,B+N+Q,automatic,multiple_areas,,1,1
W4296380569,Simulated gastrointestinal digestion/Caco-2 cell transport: Effects on biological activities and toxicity of a Brazilian propolis,https://doi.org/10.1016/j.foodchem.2022.134330,2022-09-19,0.765069,0.754305,0.795275,0.030206,B+N+Q,B+N+Q,automatic,multiple_areas;no_abstract,Q,0,1
W4296748526,27. Global sensitivity analysis of empirical enteric methane emissions models for silvopastoral systems,https://doi.org/10.1016/j.anscip.2022.07.418,2022-09-01,0.765542,0.796621,0.753417,0.031078,B+N+Q,B+N+Q,automatic,multiple_areas;no_abstract,,0,1
W4296748548,61. Estimation of digestible organic matter intake through purine derivatives from sheep fed warm-season forages,https://doi.org/10.1016/j.anscip.2022.07.452,2022-09-01,0.730439,0.727716,0.755472,0.025033,B+N+Q,B+N+Q,automatic,multiple_areas;no_abstract,,0,1
W4296834230,Pyrolysis Temperature and Application Rate of Sugarcane Straw Biochar Influence Sorption and Desorption of Metribuzin and Soil Chemical Properties,https://doi.org/10.3390/pr10101924,2022-09-23,0.771998,0.773608,0.784494,0.010886,B+N+Q,B+N+Q,automatic,multiple_areas,,1,1
W4297014660,"Elemental profile of tail hair to evaluate nutritional status of Angus, Nelore and Wagyu cattle breeds",https://doi.org/10.1007/s10967-022-08553-1,2022-09-23,0.709077,0.732028,0.753916,0.021888,B+N+Q,B+N+Q,automatic,multiple_areas;no_abstract,,0,1
W4297322554,Sample preparation and spectrometric methods for elemental analysis of milk and dairy products – A review,https://doi.org/10.1016/j.jfca.2022.104942,2022-09-27,0.706832,0.736214,0.836688,0.100474,Q,Q,automatic,no_abstract,Q,0,1
W4297441295,"Beneficial Role of Silicon on Regulating C, N, and P Stoichiometric Homeostasis and the Growth of Sugarcane Seedlings under Aluminum Toxicity",https://doi.org/10.1007/s42729-022-01013-5,2022-09-28,0.846550,0.796656,0.806899,0.039652,B+N+Q,B+N+Q,automatic,multiple_areas;no_abstract,B,0,1
W4302307135,Pet food categorization by neutron activation analysis and data science,https://doi.org/10.1007/s10967-022-08547-z,2022-10-06,0.723417,0.768054,0.796562,0.028509,N+Q,N+Q,automatic,multiple_areas;no_abstract,,0,1
W4303183313,Brazilian organic propolis for prevention and treatment of radiation-related oral acute toxicities in head and neck cancer patients: A double-blind randomized clinical trial,https://doi.org/10.3389/fphar.2022.973255,2022-10-07,0.782984,0.794198,0.811771,0.017574,B+N+Q,B+N+Q,automatic,multiple_areas,Q,1,1
W4304587232,Proteomic Analysis of Decellularized Extracellular Matrix: Achieving a Competent Biomaterial for Osteogenesis,https://doi.org/10.1155/2022/6884370,2022-01-01,0.747147,0.722955,0.785067,0.037920,B+Q,B+Q,automatic,multiple_areas,B,1,1
W4304589520,Efficiency of Application of Selenium in Biofortification of Potato Tubers (Solanum tuberosum),https://doi.org/10.1007/s11540-022-09595-4,2022-10-12,0.762355,0.752627,0.764658,0.002303,B+N+Q,B+N+Q,automatic,multiple_areas;no_abstract,,0,1
W4306774309,Invited review: Current enteric methane mitigation options,https://doi.org/10.3168/jds.2022-22091,2022-10-19,0.715129,0.739083,0.743904,0.004821,B+N+Q,B+N+Q,automatic,multiple_areas,,1,1
W4306809617,X-ray spectrometry imaging and chemical speciation assisting to understand the toxic effects of copper oxide nanoparticles on zebrafish ( Danio rerio ),https://doi.org/10.1080/17435390.2022.2133646,2022-05-28,0.742494,0.748268,0.784120,0.035852,B+N+Q,B+N+Q,automatic,multiple_areas,,1,1
W4307114350,Which artificial larval diet is better for Ceratitis capitata (Diptera: Tephritidae) rearing?,https://doi.org/10.1186/s41936-022-00312-8,2022-10-23,0.738491,0.796770,0.746987,0.049783,N+Q,N+Q,automatic,multiple_areas,N,1,1
W4307425095,Metagenome-Assembled Genomes from Amazonian Soil Microbial Consortia,https://doi.org/10.1128/mra.00804-22,2022-10-27,0.828673,0.783004,0.762206,0.045669,B+N,B+N,automatic,multiple_areas,,1,1
W4307943814,Deep-Learning Approach for Fusarium Head Blight Detection in Wheat Seeds Using Low-Cost Imaging Technology,https://doi.org/10.3390/agriculture12111801,2022-10-29,0.741244,0.763619,0.732882,0.022375,B+N+Q,B+N+Q,automatic,multiple_areas,N,1,1
W4308029681,"Differential plant growth-promoting rhizobacteria species selection by maize, cowpea, and lima bean",https://doi.org/10.1016/j.rhisph.2022.100626,2022-11-01,0.816052,0.761489,0.751204,0.054563,B,B,automatic,no_abstract,B,0,1
W4308196397,Potential of Haemonchus contortus first-stage larvae to characterize anthelmintic resistance through P-glycoprotein gene expression,https://doi.org/10.1016/j.smallrumres.2022.106864,2022-11-04,0.696764,0.683941,0.674894,0.012822,B+N+Q,B+N+Q,automatic,multiple_areas;no_abstract,,0,1
W4308479078,Inverse estimation of hydraulic parameters of soils with rock fragments,https://doi.org/10.1016/j.geoderma.2022.116240,2022-11-07,0.716668,0.788840,0.749274,0.039565,N+Q,N+Q,automatic,multiple_areas,N,1,1
W4308587241,A Hierarchical Framework for Unpacking the Nitrogen Challenge,https://doi.org/10.1029/2022ef002870,2022-11-01,0.830264,0.820489,0.795998,0.009774,B+N+Q,B+N+Q,automatic,multiple_areas,N,1,1
W4308616736,Natural genetic variation in the HAIRS ABSENT (H) gene increases type-VI glandular trichomes in both wild and domesticated tomatoes,https://doi.org/10.1016/j.jplph.2022.153859,2022-11-09,0.820706,0.774824,0.730621,0.045883,B+N,B+N,automatic,multiple_areas,B,1,1
W4308659523,Flow-based green ceramics microdevice with smartphone image colorimetric detection for free chlorine determination in drinking water,https://doi.org/10.1016/j.saa.2022.122096,2022-11-09,0.668355,0.695312,0.757861,0.062549,Q,Q,automatic,no_abstract,Q,0,1
W4308973698,Identification of Active Compounds against Melanoma Growth by Virtual Screening for Non-Classical Human DHFR Inhibitors,https://doi.org/10.3390/ijms232213946,2022-11-11,0.693429,0.666077,0.691195,0.002234,B+N+Q,B+N+Q,automatic,multiple_areas,B,1,1
W4309035180,Rhizospheric microbial community in plant species from the Phaseolus genus,https://doi.org/10.1016/j.apsoil.2022.104731,2022-11-11,0.796872,0.751948,0.744536,0.044924,B+N,B+N,automatic,multiple_areas;no_abstract,B,0,1
W4309193718,Elemental profile of dietary supplements and agricultural byproducts evaluated by neutron activation analysis,https://doi.org/10.1007/s10967-022-08662-x,2022-11-15,0.761458,0.783492,0.837569,0.054077,Q,Q,automatic,no_abstract,,0,1
W4309271273,Functional characterization of the sugarcane (Saccharum spp.) ammonium transporter AMT2;1 suggests a role in ammonium root-to-shoot translocation,https://doi.org/10.3389/fpls.2022.1039041,2022-11-18,0.846973,0.775467,0.740554,0.071506,B,B,automatic,,B,1,1
W4309632487,Plant available water predicted by a flux-based approach,https://doi.org/10.1016/j.geoderma.2022.116253,2022-11-11,0.816307,0.847087,0.783586,0.030780,B+N,B+N,automatic,multiple_areas,N,1,1
W4309769936,Bioaccessibility and uptake/epithelial transport of vitamin E: Discoveries and challenges of in vitro and ex vivo assays,https://doi.org/10.1016/j.foodres.2022.112143,2022-11-19,0.756056,0.743697,0.787248,0.031192,B+N+Q,B+N+Q,automatic,multiple_areas,Q,1,1
W4309852374,"Antimicrobial Activity of Honey against Oral Microorganisms: Current Reality, Methodological Challenges and Solutions",https://doi.org/10.3390/microorganisms10122325,2022-11-24,0.726323,0.715271,0.757318,0.030995,B+N+Q,B+N+Q,automatic,multiple_areas,Q,1,1
W4309976130,NPOmix: A machine learning classifier to connect mass spectrometry fragmentation data to biosynthetic gene clusters,https://doi.org/10.1093/pnasnexus/pgac257,2022-11-01,0.814684,0.757717,0.781726,0.032958,B+Q,B+Q,automatic,multiple_areas,,1,1
W4310365800,Microbial communities in the rhizosphere of maize and cowpea respond differently to chromium contamination,https://doi.org/10.1016/j.chemosphere.2022.137417,2022-11-29,0.814919,0.774858,0.776990,0.037929,B+N+Q,B+N+Q,automatic,multiple_areas;no_abstract,B,0,1
W4310844701,"Propolis, a functional food with against inflammatory process markers: a docking study",https://doi.org/10.5281/zenodo.7407311,2022-12-06,0.777840,0.757681,0.782187,0.004346,B+N+Q,B+N+Q,automatic,multiple_areas,Q,1,1
W4311090916,Mineralization of soil organic matter from equatorial giant podzols submitted to drier pedoclimate: A drainage topochronosequence study,https://doi.org/10.1016/j.catena.2022.106837,2022-12-08,0.779214,0.796722,0.780763,0.015958,B+N+Q,B+N+Q,automatic,multiple_areas;no_abstract,Q,0,1
W4311135121,Changes in the bacterial rare biosphere after permanent application of composted tannery sludge in a tropical soil,https://doi.org/10.1016/j.chemosphere.2022.137487,2022-12-12,0.817797,0.806927,0.796851,0.010870,B+N+Q,B+N+Q,automatic,multiple_areas;no_abstract,B,0,1
W4311157631,Development of an Environmentally Friendly Extraction Method Using Smartphone-Based Digital Images for the Determination of Total Sulfonamides in Meat Samples,https://doi.org/10.21577/0103-5053.20220153,2022-12-12,0.729628,0.753364,0.825199,0.071835,Q,Q,automatic,,Q,1,1
W4311365881,Impacts of deforestation and forest regeneration on soil bacterial communities associated with phosphorus transformation processes in the Brazilian Amazon region,https://doi.org/10.1016/j.ecolind.2022.109779,2022-12-09,0.830905,0.799100,0.775436,0.031804,B+N,B+N,automatic,multiple_areas,B,1,1
W4311624468,Metaproteomic Analysis of the Anaerobic Community Involved in the Co-Digestion of Residues from Sugarcane Ethanol Production for Biogas Generation,https://doi.org/10.3390/biomass2040024,2022-12-05,0.808669,0.756550,0.781043,0.027626,B+Q,B+Q,automatic,multiple_areas,B,1,1
W4311659297,Impact of the fungal pathogen Fusarium oxysporum on the taxonomic and functional diversity of the common bean root microbiome,https://doi.org/10.5281/zenodo.7447086,2022-12-16,0.834270,0.802953,0.770988,0.031317,B+N,B+N,automatic,multiple_areas,B,1,1
W4311774883,Prediction of enteric methane emissions by sheep using an intercontinental database,https://doi.org/10.1016/j.jclepro.2022.135523,2022-12-09,0.777135,0.808075,0.782510,0.025564,B+N+Q,B+N+Q,automatic,multiple_areas,,1,1
W4311784791,Death and Regeneration of an Amazonian Mangrove Forest by Anthropic and Natural Forces,https://doi.org/10.3390/rs14246197,2022-12-07,0.761818,0.794978,0.732632,0.033160,B+N,B+N,automatic,multiple_areas,,1,1
W4311901311,Zinc speciation and desorption kinetics in a mining waste impacted tropical soil amended with phosphate,https://doi.org/10.1016/j.scitotenv.2022.161009,2022-12-19,0.744399,0.744580,0.771276,0.026696,B+N+Q,B+N+Q,automatic,multiple_areas;no_abstract,,0,1
W4311994942,Improving zinc supply enhances cotton nutritional phosphorus efficiency,https://doi.org/10.1080/01904167.2022.2155556,2022-12-09,0.827683,0.785999,0.776914,0.041684,B+N,B+N,automatic,multiple_areas,,1,1
W4312018484,Ecological co-occurrence and soil physicochemical factors drive the archaeal community in Amazonian soils,https://doi.org/10.1007/s00203-022-03372-0,2022-12-17,0.809174,0.780973,0.766711,0.028201,B+N+Q,B+N+Q,automatic,multiple_areas;no_abstract,,0,1
W4312051953,"Microprobe-XRF Assessment of Nutrient Distribution in Soybean, Cowpea, and Kidney Bean Seeds: A Fabaceae Family Case Study",https://doi.org/10.1021/acsagscitech.2c00260,2022-12-05,0.825985,0.805726,0.818571,0.007414,B+N+Q,B+N+Q,automatic,multiple_areas,B,1,1
W4312079713,Effects of gamma radiation on adults of Sitophilus zeamais Motschulsky (Coleoptera: Curculionidae) and Tribolium castaneum Herbst (Coleoptera: Tenebrionidae) collected in the retail trade in São Paulo/SP city,https://doi.org/10.15392/2319-0612.2022.2086,2022-12-20,0.734587,0.828088,0.761025,0.067063,N,N,automatic,,N,1,1
W4312200524,"Sustainable Control of Galinsoga parviflora with Oxyfluorfen, Flumioxazin, and Linuron Application in Two Soils Cultivated with Garlic",https://doi.org/10.3390/su142416637,2022-12-12,0.766710,0.776448,0.760607,0.009738,B+N+Q,B+N+Q,automatic,multiple_areas,,1,1
W4312208382,"Evaluation of the release, stability and antioxidant activity of Brazilian red propolis extract encapsulated by spray-drying, spray-chilling and using the combination of both techniques",https://doi.org/10.1016/j.foodres.2022.112423,2022-12-27,0.732991,0.748148,0.794439,0.046292,N+Q,N+Q,automatic,multiple_areas,Q,1,1
W4312727565,Animal welfare provisions in cattery: an observational study,https://doi.org/10.31893/avr.2022020,2022-01-01,0.665856,0.714779,0.694517,0.020262,B+N+Q,B+N+Q,automatic,multiple_areas,N,1,1
W4313259502,Cellulose Acetate Film Containing Bonechar for Removal of Metribuzin from Contaminated Drinking Water,https://doi.org/10.3390/pr11010053,2022-12-26,0.716452,0.737718,0.782085,0.044367,N+Q,N+Q,automatic,multiple_areas,,1,1
W4313260652,"Phenolic Profile and the Antioxidant, Anti-Inflammatory, and Antimicrobial Properties of Açaí (Euterpe oleracea) Meal: A Prospective Study",https://doi.org/10.3390/foods12010086,2022-12-24,0.775109,0.766713,0.806809,0.031701,B+N+Q,B+N+Q,automatic,multiple_areas,Q,1,1
W4313460892,SOYBEAN GENERATIONS UNDER GAMMA RAYS AND EFFECTS ON SEED QUALITY,https://doi.org/10.29393/chjaa38-27ksrd10027,2022-03-01,0.769903,0.813199,0.747768,0.043296,B+N,B+N,automatic,multiple_areas,N,1,1
W4313488143,"The full‐length Auxin Response Factor 8 isoform ARF8 .1 controls pollen cell wall formation and directly regulates TDF1 , AMS and MS188 expression",https://doi.org/10.1111/tpj.16089,2023-01-04,0.789304,0.728401,0.693142,0.060903,B,B,automatic,,B,1,1
W4313588658,In vivo therapeutic evaluation of a cellulose acetate hydrogel cross linked with ethylenediaminetetraacetic- dianhydride containing propolis,https://doi.org/10.22533/at.ed.159332303019,2023-01-04,0.748673,0.735585,0.775440,0.026767,B+N+Q,B+N+Q,automatic,multiple_areas,Q,1,1
W4313592790,Evaluation of calibration approaches for quantitative analysis of sludge by laser induced breakdown spectrometry,https://doi.org/10.1039/d2ja00292b,2022-10-29,0.733165,0.760125,0.794805,0.034681,N+Q,N+Q,automatic,multiple_areas,Q,1,1
W4313788592,Efeito da irradiação gama nas propriedades tecnológicas de amido misto de rizomas primário e secundário de cúrcuma,https://doi.org/10.33448/rsd-v12i1.39583,2023-01-08,0.775827,0.840259,0.831192,0.009068,N+Q,N+Q,automatic,multiple_areas,N,1,1
W4313888402,Oxyfluorfen and Linuron: Residual Effect of Pre-Emergence Herbicides in Three Tropical Soils,https://doi.org/10.3390/agrochemicals2010003,2023-01-09,0.742153,0.770718,0.752805,0.017913,B+N+Q,B+N+Q,automatic,multiple_areas,,1,1
W4313893464,Fermentation box cleaning can impair cacao seed fermentation,https://doi.org/10.1590/fst.109322,2023-01-01,0.825117,0.818187,0.812735,0.006930,B+N+Q,B+N+Q,automatic,multiple_areas,B,1,1
W4315476850,FluxPAW: A standalone software to calculate flux-based plant available water,https://doi.org/10.1016/j.simpa.2023.100464,2023-01-10,0.780052,0.811924,0.747530,0.031872,B+N,B+N,automatic,multiple_areas,N,1,1
W4315477625,Effect of selenium and soil pH on cadmium phytoextraction by Urochloa decumbens grown in Oxisol,https://doi.org/10.1016/j.jhazmat.2023.130771,2023-01-10,0.758351,0.737345,0.760001,0.001650,B+N+Q,B+N+Q,automatic,multiple_areas;no_abstract,B,0,1
W4315499100,Dynamic gastrointestinal digestion/intestinal permeability of encapsulated and nonencapsulated Brazilian red propolis: Active compounds stability and bioactivity,https://doi.org/10.1016/j.foodchem.2023.135469,2023-01-11,0.713769,0.709793,0.761625,0.047857,B+Q,B+Q,automatic,multiple_areas;no_abstract,Q,0,1
W4315703342,"Microbial enzymatic stoichiometry and the acquisition of C, N, and P in soils under different land-use types in Brazilian semiarid",https://doi.org/10.1007/s42832-022-0159-x,2023-01-12,0.811754,0.803585,0.783844,0.008170,B+N+Q,B+N+Q,automatic,multiple_areas;no_abstract,B,0,1
W4317107505,A morphological guide of neotropical freshwater sponge spicules for paleolimnological studies,https://doi.org/10.3389/fevo.2022.1067432,2023-01-18,0.711844,0.730224,0.700939,0.018379,B+N+Q,B+N+Q,automatic,multiple_areas,,1,1
W4317433938,Pasture management intensification shifts the soil microbiome composition and ecosystem functions,https://doi.org/10.1016/j.agee.2023.108355,2023-01-19,0.813106,0.785557,0.772810,0.027549,B+N+Q,B+N+Q,automatic,multiple_areas;no_abstract,B,0,1
W4317490026,"Computed tomography and radioactive 32P detected phosphorus impairment in metabolism, reduced bones density and animal performance caused by mixed infection of Haemonchus contortus and Trichostrongylus colubriformis in sheep",https://doi.org/10.1016/j.vetpar.2023.109887,2023-01-19,0.709337,0.720310,0.718910,0.001400,B+N+Q,B+N+Q,automatic,multiple_areas;no_abstract,,0,1
W4317521312,Trichostrongylus colubriformis infection damages intestine brush board cells and could negatively impact postabsorptive parameters of Santa Ines lambs,https://doi.org/10.1016/j.exppara.2023.108464,2023-01-20,0.720981,0.723823,0.717939,0.002843,B+N+Q,B+N+Q,automatic,multiple_areas;no_abstract,,0,1
W4317932362,Exploiting microdistillation and smartphone-based digital-image colorimetry for determination of protein in foods,https://doi.org/10.1016/j.microc.2023.108461,2023-01-25,0.739464,0.758218,0.828219,0.070001,Q,Q,automatic,no_abstract,Q,0,1
W4317934285,RNA-seq transcriptome profiling of pigs’ liver in response to diet with different sources of fatty acids,https://doi.org/10.3389/fgene.2023.1053021,2023-01-25,0.788339,0.738520,0.755057,0.033282,B+N+Q,B+N+Q,automatic,multiple_areas,Q,1,1
W4318027149,"New approaches to the effects of Si on sugarcane ratoon under irrigation in Quartzipsamments, Eutrophic Red Oxisol, and Dystrophic Red Oxisol",https://doi.org/10.1186/s12870-023-04077-2,2023-01-24,0.878823,0.871599,0.844929,0.007224,B+N+Q,B+N+Q,automatic,multiple_areas,B,1,1
W4318275229,Soybean sorting based on protein content using X-ray fluorescence spectrometry,https://doi.org/10.1016/j.foodchem.2023.135548,2023-01-28,0.764703,0.784278,0.792682,0.008404,B+N+Q,B+N+Q,automatic,multiple_areas;no_abstract,,0,1
W4318330211,LEVANTAMENTO FITOSSOCIOLÓGICO DE PLANTAS DANINHAS EM CULTIVOS DE ABACAXI EM DIFERENTES ÉPOCAS,https://doi.org/10.21206/rbas.v11i1.12723,2021-10-30,0.794760,0.808743,0.760569,0.013983,B+N+Q,B+N+Q,automatic,multiple_areas,,1,1
W4318472735,Evaluation of the Toxicity of Microcyclamide Produced by Microcystis aeruginosa in Danio rerio Embryos,https://doi.org/10.3390/toxics11020128,2023-01-29,0.753860,0.726727,0.757345,0.003485,B+N+Q,B+N+Q,automatic,multiple_areas,,1,1
W4318997593,Potential of Chloroleucon acacioides trees as an alternative feed supplement for grazing ruminants in a tropical silvopastoral system,https://doi.org/10.1016/j.jafr.2023.100524,2023-02-02,0.804514,0.802305,0.794798,0.002210,B+N+Q,B+N+Q,automatic,multiple_areas,,1,1
W4319034688,Exploring the Relationship between Biosynthetic Gene Clusters and Constitutive Production of Mycosporine-like Amino Acids in Brazilian Cyanobacteria,https://doi.org/10.3390/molecules28031420,2023-02-02,0.832316,0.777873,0.770654,0.054443,B,B,automatic,,,1,1
W4319159728,Functionality of methane cycling microbiome during methane flux hot moments from riparian buffer systems,https://doi.org/10.1016/j.scitotenv.2023.161921,2023-02-03,0.805807,0.783035,0.760165,0.022772,B+N+Q,B+N+Q,automatic,multiple_areas;no_abstract,,0,1
W4319298645,Organic C Fractions in Topsoil under Different Management Systems in Northeastern Brazil,https://doi.org/10.3390/soilsystems7010011,2023-02-05,0.819855,0.822661,0.807416,0.002806,B+N+Q,B+N+Q,automatic,multiple_areas,B,1,1
W4319318340,Closed-Vessel Conductively Heated Digestion System for the Elemental Analysis of Agricultural Materials by High-Resolution Continuum Source Flame Atomic Absorption Spectrometry (HR-CS FAAS),https://doi.org/10.1080/00032719.2023.2174133,2023-02-06,0.787438,0.801632,0.873276,0.071643,Q,Q,automatic,,Q,1,1
W4319442855,Germination and its role in phenolic compound bioaccessibility for black mustard grains: A study using INFOGEST protocol,https://doi.org/10.1016/j.foodchem.2023.135648,2023-02-07,0.767172,0.769294,0.799493,0.030200,B+N+Q,B+N+Q,automatic,multiple_areas;no_abstract,Q,0,1
W4320341382,Anthocyanin bioaccessibility and anti-inflammatory activity of a grape-based 3D printed food for dysphagia,https://doi.org/10.1016/j.ifset.2023.103289,2023-01-25,0.719401,0.723901,0.773520,0.049619,N+Q,N+Q,automatic,multiple_areas;no_abstract,Q,0,1
W4320493959,Macroalgae and Microalgae Biomass as Feedstock for Products Applied to Bioenergy and Food Industry: A Brief Review,https://doi.org/10.3390/en16041820,2023-02-11,0.790352,0.769955,0.805860,0.015508,B+N+Q,B+N+Q,automatic,multiple_areas,,1,1
W4321019949,StochHyProp: A software to generate stochastic realizations of correlated parameters dedicated to soil hydraulic properties,https://doi.org/10.1016/j.simpa.2023.100483,2023-02-16,0.704887,0.762880,0.687854,0.057993,N,N,automatic,,N,1,1
W4321372832,Silicon application influences the prokaryotic communities in the rhizosphere of sugarcane genotypes,https://doi.org/10.1016/j.apsoil.2023.104818,2023-02-20,0.843642,0.785308,0.782662,0.058334,B,B,automatic,no_abstract,B,0,1
W4321498454,Fungal identification in peanuts seeds through multispectral images: Technological advances to enhance sanitary quality,https://doi.org/10.3389/fpls.2023.1112916,2023-02-22,0.766372,0.799232,0.788925,0.010307,B+N+Q,B+N+Q,automatic,multiple_areas,N,1,1
W4322581227,Peanut and sorghum are excellent phytoremediators of 14C-tebuthiuron in herbicide-contaminated soil,https://doi.org/10.51694/advweedsci/2023;41:00002,2023-01-01,0.768130,0.777847,0.764000,0.009717,B+N+Q,B+N+Q,automatic,multiple_areas,,1,1
W4322619080,Brain fatty acid and transcriptome profiles of pig fed diets with different levels of soybean oil,https://doi.org/10.1186/s12864-023-09188-6,2023-02-28,0.807258,0.779838,0.788153,0.019105,B+N+Q,B+N+Q,automatic,multiple_areas,Q,1,1
W4322740779,"Content of Lipids, Fatty Acids, Carbohydrates, and Proteins in Continental Cyanobacteria: A Systematic Analysis and Database Application",https://doi.org/10.3390/app13053162,2023-03-01,0.831165,0.809215,0.829013,0.002151,B+N+Q,B+N+Q,automatic,multiple_areas,,1,1
W4323036239,Transcriptome profile of skeletal muscle using different sources of dietary fatty acids in male pigs,https://doi.org/10.1007/s10142-023-00997-2,2023-03-01,0.772908,0.725519,0.741077,0.031831,B+N+Q,B+N+Q,automatic,multiple_areas;no_abstract,Q,0,1
W4323315068,Soybean Seed Enrichment with Cobalt and Molybdenum as an Alternative to Conventional Seed Treatment,https://doi.org/10.3390/plants12051164,2023-03-03,0.808503,0.799677,0.797950,0.008826,B+N+Q,B+N+Q,automatic,multiple_areas,,1,1
W4323350766,Online sample preparation of milk samples for spectrophotometric determination of formaldehyde,https://doi.org/10.1016/j.jfca.2023.105271,2023-03-07,0.700492,0.729231,0.811707,0.082476,Q,Q,automatic,no_abstract,Q,0,1
W4323544607,Selenium Increases Ureide Metabolism and Yield of Cowpea Plants: Examining Se Distribution in Leaves and Seeds Using Microprobe X-Ray Fluorescence Spectroscopy,https://doi.org/10.1007/s10343-023-00840-5,2023-03-08,0.798746,0.770957,0.793889,0.004857,B+N+Q,B+N+Q,automatic,multiple_areas;no_abstract,,0,1
W4323664974,Physicochemical and bacterial changes during composting of vegetable and animal-derived agro-industrial wastes,https://doi.org/10.1016/j.biortech.2023.128842,2023-03-09,0.791006,0.785754,0.810116,0.019110,B+N+Q,B+N+Q,automatic,multiple_areas;no_abstract,B,0,1
W4323811909,Shifts in functional traits and interactions patterns of soil methane‐cycling communities following forest‐to‐pasture conversion in the Amazon Basin,https://doi.org/10.1111/mec.16912,2023-03-10,0.821571,0.803237,0.758142,0.018334,B+N,B+N,automatic,multiple_areas,B,1,1
W4323928561,Isotopic characterization of Brazilian ketchup: Is tomato its main ingredient?,https://doi.org/10.1016/j.jfca.2023.105275,2023-03-11,0.762420,0.785095,0.796721,0.011625,B+N+Q,B+N+Q,automatic,multiple_areas;no_abstract,N,0,1
W4324057452,Constructed Technosols as a Soil Rebuilding Technique to Reclaim Abandoned Limestone Quarries in the Mediterranean Region: A Field Study,https://doi.org/10.3390/su15065036,2023-03-12,0.780672,0.785554,0.787594,0.002041,B+N+Q,B+N+Q,automatic,multiple_areas,,1,1
W4324141097,Cellulose Acetate Microbeads for Controlled Delivery of Essential Micronutrients,https://doi.org/10.1021/acssuschemeng.2c07269,2023-03-14,0.818177,0.811243,0.845957,0.027779,B+N+Q,B+N+Q,automatic,multiple_areas,,1,1
W4324355698,"Soil management effects of extensive pastures, intensive pastures and sugarcane crops on the availability of metals and nutrients in freshwater: A realistic mesocosm approach",https://doi.org/10.1016/j.agee.2023.108473,2023-03-14,0.809233,0.814812,0.799419,0.005579,B+N+Q,B+N+Q,automatic,multiple_areas;no_abstract,N,0,1
W4327574725,Hypoglycemic effect of Coffea arabica leaf extracts and major bioactive constituents,https://doi.org/10.1080/07391102.2023.2188421,2023-03-16,0.736504,0.720876,0.767211,0.030707,B+N+Q,B+N+Q,automatic,multiple_areas,Q,1,1
W4327591896,Masked diversity and contrasting soil processes in tropical seagrass meadows: the control of environmental settings,https://doi.org/10.5194/soil-9-189-2023,2023-03-16,0.828559,0.824689,0.813814,0.003870,B+N+Q,B+N+Q,automatic,multiple_areas,B,1,1
W4327693045,Environmental forensics evaluation of residual soybean sludge using trees of Brazilian savannah,https://doi.org/10.1016/j.enmm.2023.100814,2023-03-17,0.791993,0.829481,0.820573,0.008908,B+N+Q,B+N+Q,automatic,multiple_areas;no_abstract,,0,1
W4327698559,Practical Knowledge of Injuries Caused by Simulated Herbicide Drift in Young Tomato Plants,https://doi.org/10.3390/agrochemicals2010011,2023-03-16,0.766242,0.776926,0.747201,0.010684,B+N+Q,B+N+Q,automatic,multiple_areas,,1,1
W4360814713,Cocoa powder and fermented jackfruit seed flour: A comparative cell‐based study on their potential antioxidant and anti‐inflammatory activities after simulated gastrointestinal digestion,https://doi.org/10.1002/jsfa.12568,2023-03-24,0.745356,0.742078,0.797268,0.051912,Q,Q,automatic,,Q,1,1
W4360939760,Amazon Biobank: a collaborative genetic database for bioeconomy development,https://doi.org/10.1007/s10142-023-01015-1,2023-03-25,0.800041,0.767378,0.738678,0.032664,B+N,B+N,automatic,multiple_areas;no_abstract,B,0,1
W4360955148,Toxicological effects of cyanobacterial metabolites on zebrafish larval development,https://doi.org/10.1016/j.hal.2023.102430,2023-03-25,0.747795,0.717977,0.748395,0.000600,B+N+Q,B+N+Q,automatic,multiple_areas;no_abstract,,0,1
W4361253344,Residual effect of pyroxasulphone and pyroxasulphone + flumioxazin on contrasting soils,https://doi.org/10.53660/clm-1034-23c50,2023-03-30,0.767453,0.787786,0.776866,0.010919,B+N+Q,B+N+Q,automatic,multiple_areas,,1,1
W4361285496,Authentication of beef cuts by multielement and machine learning approaches,https://doi.org/10.1016/j.jtemb.2023.127164,2023-03-29,0.723772,0.752741,0.784412,0.031671,N+Q,N+Q,automatic,multiple_areas;no_abstract,,0,1
W4362464870,Competitive skill of Paspalum virgatum L.e o Panicum maximum cv. Mombaça in different soil fertilities,https://doi.org/10.53660/clm-1048-23c61,2023-03-31,0.757621,0.772392,0.730318,0.014771,B+N+Q,B+N+Q,automatic,multiple_areas,,1,1
W4362467286,In Vitro Degradability and Methane Production from By-Products Fed to Ruminants,https://doi.org/10.3390/agronomy13041043,2023-03-31,0.789996,0.802137,0.823400,0.021264,B+N+Q,B+N+Q,automatic,multiple_areas,,1,1
W4362467497,Growth and development of Paspalum virgatum L.,https://doi.org/10.53660/clm-1066-23c69,2023-03-31,0.755506,0.769413,0.726454,0.013906,B+N+Q,B+N+Q,automatic,multiple_areas,,1,1
W4362472649,Effect of sowing depth and soil cover on Paspalum virgatum L. seedling emergence,https://doi.org/10.53660/clm-1065-23c68,2023-03-31,0.757179,0.776995,0.725375,0.019816,B+N,B+N,automatic,multiple_areas,,1,1
W4362518729,"Ozone processing of peanut “milk”: Degradation of aflatoxins, impact on quality attributes and the potential effect on peanut allergens",https://doi.org/10.1016/j.jclepro.2023.136950,2023-03-30,0.722832,0.749570,0.784006,0.034436,N+Q,N+Q,automatic,multiple_areas;no_abstract,Q,0,1
W4362576799,Short-term responses of plant growth-promoting bacterial community to the herbicides imazethapyr and flumioxazin,https://doi.org/10.1016/j.chemosphere.2023.138581,2023-04-03,0.787294,0.754664,0.738467,0.032630,B+N+Q,B+N+Q,automatic,multiple_areas;no_abstract,B,0,1
W4362582858,Intracellular microcystins degradation and acute toxicity decrease towards Daphnia similis by low electron-beam irradiation doses,https://doi.org/10.1016/j.algal.2023.103086,2023-04-03,0.706208,0.725600,0.723887,0.001713,B+N+Q,B+N+Q,automatic,multiple_areas;no_abstract,,0,1
W4362591337,Analysis of Total Soil Nutrient Content with X-ray Fluorescence Spectroscopy (XRF): Assessing Different Predictive Modeling Strategies and Auxiliary Variables,https://doi.org/10.3390/agriengineering5020043,2023-04-01,0.807508,0.823199,0.835129,0.011931,B+N+Q,B+N+Q,automatic,multiple_areas,,1,1
W4362630950,Photosynthetic pigments and photoprotective metabolites of Colombian pacific marine macroalgae in response to contrasting ultraviolet-index periods,https://doi.org/10.1016/j.jembe.2023.151908,2023-04-05,0.775804,0.764012,0.773742,0.002063,B+N+Q,B+N+Q,automatic,multiple_areas;no_abstract,,0,1
W4362636670,Chronic alcohol administration alters metabolomic profile of murine bone marrow,https://doi.org/10.3389/fimmu.2023.1128352,2023-04-05,0.744035,0.710504,0.746392,0.002357,B+N+Q,B+N+Q,automatic,multiple_areas,,1,1
W4362660482,Environmentally friendly and novel solid–liquid phase microextraction of maneb fungicide in fruits and vegetables,https://doi.org/10.1016/j.foodres.2023.112800,2023-04-07,0.730394,0.752429,0.800107,0.047678,N+Q,N+Q,automatic,multiple_areas;no_abstract,Q,0,1
W4363677215,Exploiting chemometrics for screening analysis by near-infrared spectroscopy without the support of reference analytical methods: Application to bulk sweeteners,https://doi.org/10.1016/j.microc.2023.108732,2023-04-10,0.736087,0.763948,0.825419,0.061471,Q,Q,automatic,,Q,1,1
W4365448570,Goosegrass ( Eleusine indica ) resistant to multiple herbicide modes of action in Brazil,https://doi.org/10.1017/wsc.2023.18,2023-04-13,0.806282,0.777580,0.759370,0.028702,B+N+Q,B+N+Q,automatic,multiple_areas,,1,1
W4365452028,Spatial and seasonal variation of arsenic speciation in Pantanal soda lakes,https://doi.org/10.1016/j.chemosphere.2023.138672,2023-04-13,0.760208,0.764914,0.782199,0.017285,B+N+Q,B+N+Q,automatic,multiple_areas;no_abstract,Q,0,1
W4366418495,Digital mapping of the soil available water capacity: tool for the resilience of agricultural systems to climate change,https://doi.org/10.1016/j.scitotenv.2023.163572,2023-04-19,0.764654,0.809361,0.741952,0.044707,B+N,B+N,automatic,multiple_areas;no_abstract,N,0,1
W4366506444,Natural grassland conversion to cultivated pastures increases soil microbial niche specialization with consequences for ecological processes,https://doi.org/10.1016/j.apsoil.2023.104913,2023-04-20,0.796061,0.776508,0.743686,0.019552,B+N,B+N,automatic,multiple_areas;no_abstract,B,0,1
W4366688265,"Assessment the Impacts of Sea-Level Changes on Mangroves of Ceará-Mirim Estuary, Northeastern Brazil, during the Holocene and Anthropocene",https://doi.org/10.3390/plants12081721,2023-04-20,0.764785,0.790370,0.738965,0.025585,B+N,B+N,automatic,multiple_areas,,1,1
W4367043175,Fine root dynamics in a tropical integrated crop-livestock-forestry system,https://doi.org/10.1016/j.rhisph.2023.100695,2023-04-26,0.795817,0.806082,0.747657,0.010265,B+N,B+N,automatic,multiple_areas;no_abstract,B,0,1
W4367172761,Resolving Confusion Surrounding d ‐Ala‐ d ‐Ala Ligase Catalysis in Cyanobacterial Mycosporine‐Like Amino Acid (MAA) Biosynthesis,https://doi.org/10.1002/cbic.202300158,2023-04-27,0.811012,0.749846,0.766591,0.044420,B+Q,B+Q,automatic,multiple_areas,,1,1
W4367847736,Ecotoxicological assessment of guanitoxin-producing cyanobacteria in Danio rerio and Daphnia similis,https://doi.org/10.1016/j.chemosphere.2023.138846,2023-05-03,0.758461,0.744845,0.761137,0.002675,B+N+Q,B+N+Q,automatic,multiple_areas;no_abstract,,0,1
W4372194348,Purine derivatives and creatinine urine excretion as a tool to estimate sheep feed intake,https://doi.org/10.1016/j.anifeedsci.2023.115666,2023-05-05,0.728513,0.742133,0.764993,0.022861,B+N+Q,B+N+Q,automatic,multiple_areas;no_abstract,,0,1
W4372403988,Community reorganization stabilizes freshwater ecosystems in intensively managed agricultural fields,https://doi.org/10.1111/1365-2664.14423,2023-05-05,0.826129,0.835367,0.770450,0.009238,B+N,B+N,automatic,multiple_areas,N,1,1
W4375859425,Mycorrhizal symbiosis alleviates Mn toxicity and downregulates Mn transporter genes in Eucalyptus tereticornis under contrasting soil phosphorus,https://doi.org/10.1007/s11104-023-06024-4,2023-05-08,0.814455,0.759380,0.754242,0.055075,B,B,automatic,no_abstract,,0,1
W4375866995,Drought-triggered leaf transcriptional responses disclose key molecular pathways underlying leaf water use efficiency in sugarcane (Saccharum spp.),https://doi.org/10.3389/fpls.2023.1182461,2023-05-08,0.843615,0.779899,0.743575,0.063716,B,B,automatic,,B,1,1
W4376149560,"3,4-Dimethylpyrazole Phosphate Applied on Ammonium Sulfate Nitrate and Urea Reduces the Nitrification Process in Three Tropical Soils: An Incubation Study",https://doi.org/10.1080/00103624.2023.2211092,2023-05-11,0.794480,0.789539,0.785576,0.004941,B+N+Q,B+N+Q,automatic,multiple_areas,,1,1
W4376253629,Sustainable irrigation management in tropical lowland rice in Brazil,https://doi.org/10.1016/j.agwat.2023.108345,2023-05-12,0.784828,0.822439,0.754654,0.037612,B+N,B+N,automatic,multiple_areas,N,1,1
W4376609037,Measuring water retention in undisturbed samples of stony soils,https://doi.org/10.1590/1678-992x-2022-0145,2023-01-01,0.752683,0.807247,0.779423,0.027824,N+Q,N+Q,automatic,multiple_areas,N,1,1
W4376611836,From Feasting to Fasting: The Arginine Pathway as a Metabolic Switch in Nitrogen-Deprived Chlamydomonas reinhardtii,https://doi.org/10.3390/cells12101379,2023-05-13,0.832592,0.748427,0.757194,0.075398,B,B,automatic,,B,1,1
W4376649202,Forest restoration rehabilitates soil multifunctionality in riparian zones of sugarcane production landscapes,https://doi.org/10.1016/j.scitotenv.2023.164175,2023-05-16,0.786166,0.788990,0.750269,0.002824,B+N+Q,B+N+Q,automatic,multiple_areas;no_abstract,B,0,1
W4377097328,Evaluation of the Quality and Antioxidant Activity of Dehydrated Medicinal Herbs,https://doi.org/10.3390/horticulturae9050597,2023-05-18,0.731128,0.763596,0.795758,0.032163,N+Q,N+Q,automatic,multiple_areas,Q,1,1
W4377164052,Particle arrangement and internal porosity of coarse fragments affect water retention in stony soils,https://doi.org/10.1111/ejss.13382,2023-05-01,0.745226,0.775440,0.741758,0.030214,B+N+Q,B+N+Q,automatic,multiple_areas,N,1,1
W4377236291,RELEASE OF POTASSIUM FERTILIZER COATED WITH POLYMER,https://doi.org/10.22533/at.ed.9732162230112,2022-12-01,0.771124,0.791800,0.803647,0.011846,B+N+Q,B+N+Q,automatic,multiple_areas,Q,1,1
W4377565557,"Physiological responses of plants to in vivo X-ray damage from X-ray fluorescence measurements: insights from anatomical, elemental, histochemical, and ultrastructural analyses",https://doi.org/10.1093/mtomcs/mfad034,2023-05-22,0.819142,0.807140,0.799572,0.012003,B+N+Q,B+N+Q,automatic,multiple_areas,,1,1
W4377694875,The concept of mineral plant nutrient in the light of evolution,https://doi.org/10.1016/j.plantsci.2023.111747,2023-05-23,0.829157,0.801848,0.788368,0.027310,B+N+Q,B+N+Q,automatic,multiple_areas;no_abstract,,0,1
W4377696386,Mineral bioaccessibility in 3D printed gels based on milk/starch/ĸ-carrageenan for dysphagic people,https://doi.org/10.1016/j.foodres.2023.113010,2023-05-24,0.709573,0.719152,0.777212,0.058060,Q,Q,automatic,no_abstract,Q,0,1
W4377968901,Response of two cyanobacterial strains to non-biodegradable glitter particles,https://doi.org/10.1016/j.aquatox.2023.106590,2023-05-24,0.786734,0.768987,0.792600,0.005865,B+N+Q,B+N+Q,automatic,multiple_areas;no_abstract,,0,1
W4378072205,Microbial metabolic activity in Amazon floodplain forest and agricultural soils,https://doi.org/10.3389/fmicb.2023.1144062,2023-05-24,0.843143,0.831398,0.804335,0.011745,B+N+Q,B+N+Q,automatic,multiple_areas,,1,1
W4378450615,Towards rapid analysis with XRF sensor for assessing soil fertility attributes: Effects of dwell time reduction,https://doi.org/10.1016/j.still.2023.105768,2023-05-23,0.773254,0.800113,0.817215,0.017102,B+N+Q,B+N+Q,automatic,multiple_areas;no_abstract,,0,1
W4378473725,Extraction of Non-Volatile Chemical Compounds in High-Quality and Traditional Coffee,https://doi.org/10.30744/brjac.2179-3425.ar-106-2022,2023-05-25,0.743705,0.760424,0.839622,0.079199,Q,Q,automatic,,Q,1,1
W4378530248,A cost-effective microfluidic device for determination of biodiesel content in diesel blends,https://doi.org/10.1016/j.snb.2023.134033,2023-05-27,0.754280,0.761459,0.824198,0.062739,Q,Q,automatic,,Q,1,1
W4378832589,Effect of pre-chlorination on Microcystis aeruginosa cell integrity and microcystins removal,https://doi.org/10.1080/1573062x.2023.2218347,2023-05-30,0.739338,0.725394,0.760561,0.021223,B+N+Q,B+N+Q,automatic,multiple_areas,,1,1
W4378981372,Soil microbes under threat in the Amazon Rainforest,https://doi.org/10.1016/j.tree.2023.04.014,2023-06-01,0.807584,0.804538,0.774098,0.003046,B+N+Q,B+N+Q,automatic,multiple_areas;no_abstract,,0,1
W4380225192,Common Bean Productivity and Micronutrients in the Soil–Plant System under Residual Applications of Composted Sewage Sludge,https://doi.org/10.3390/plants12112153,2023-05-30,0.817194,0.802157,0.818478,0.001284,B+N+Q,B+N+Q,automatic,multiple_areas,,1,1
W4380537217,Avaliação do Uso Integrado de Imagens de Nanossatélites e Classificadores baseados em Aprendizado de Máquina para Estudos da Dinâmica Hidrológica na Região da Nhecolândia (Pantanal),https://doi.org/10.14393/rbcv75n0a-67656,2023-06-12,0.762762,0.811025,0.770401,0.040624,B+N+Q,B+N+Q,automatic,multiple_areas,Q,1,1
W4380570779,In‐house manufactured benchtop XRF spectrometer,https://doi.org/10.1002/xrs.3375,2023-06-14,0.777286,0.803319,0.838939,0.035620,N+Q,N+Q,automatic,multiple_areas,Q,1,1
W4380742347,Exploring the diversity and composition of soil microbial communities in different soybean-maize management systems,https://doi.org/10.1016/j.micres.2023.127435,2023-06-15,0.809475,0.777699,0.756417,0.031776,B+N,B+N,automatic,multiple_areas;no_abstract,B,0,1
W4380997907,Closed-Vessel Conductively Heated Digestion of Dry Dog Food for Spectrometric Determination of Essential Nutrients,https://doi.org/10.30744/brjac.2179-3425.ar-4-2023,2023-06-02,0.751845,0.777324,0.847011,0.069687,Q,Q,automatic,,Q,1,1
W4381485889,"Application of spray drying, spray chilling and the combination of both methods to produce tucumã oil microparticles: characterization, stability, and β-carotene bioaccessibility",https://doi.org/10.1016/j.foodres.2023.113174,2023-06-21,0.752203,0.765040,0.804733,0.039693,N+Q,N+Q,automatic,multiple_areas;no_abstract,Q,0,1
W4381664474,Environmental adaptations by the intertidal Antarctic cyanobacterium Halotia branconii CENA392 as revealed using long‐read genome sequencing,https://doi.org/10.1002/lol2.10337,2023-06-20,0.822517,0.765310,0.756943,0.057207,B,B,automatic,,,1,1
W4381684527,Diversity of viruses and viroids in the rhizosphere of common bean cultivars differing in resistance to the fungal root pathogen Fusarium oxysporum,https://doi.org/10.1016/j.apsoil.2023.105018,2023-06-22,0.839710,0.793617,0.757240,0.046093,B+N,B+N,automatic,multiple_areas,B,1,1
W4381929523,Interkingdom interaction: the soil isopod Porcellio scaber stimulates the methane-driven bacterial and fungal interaction,https://doi.org/10.1038/s43705-023-00271-3,2023-06-24,0.808720,0.790947,0.755561,0.017773,B+N,B+N,automatic,multiple_areas,B,1,1
W4381930968,Influence of Chemical Control on the Floristic Composition of Weeds in the Initial and Pre-Harvest Development Stages of the Sunflower Crop,https://doi.org/10.3390/agrochemicals2020014,2023-05-15,0.764622,0.765266,0.748958,0.000644,B+N+Q,B+N+Q,automatic,multiple_areas,,1,1
W4381943751,Nanosilica modulates C:N:P stoichiometry attenuating phosphorus toxicity more than deficiency in Megathyrsus maximus cultivated in an Oxisol and Entisol,https://doi.org/10.1038/s41598-023-37504-3,2023-06-24,0.845106,0.806751,0.825800,0.019306,B+N+Q,B+N+Q,automatic,multiple_areas,B,1,1
W4382007801,Amazonian dark earths enhance the establishment of tree species in forest ecological restoration,https://doi.org/10.3389/fsoil.2023.1161627,2023-05-05,0.846288,0.826613,0.787200,0.019675,B+N,B+N,automatic,multiple_areas,,1,1
W4382334892,"Draft Genome Sequences of representative Paenibacillus Polymyxa, Bacillus cereus, Fictibacillus sp., and Brevibacillus agri Strains Isolated from Amazonian Dark Earth",https://doi.org/10.5281/zenodo.8087953,2023-06-27,0.819172,0.779582,0.755223,0.039589,B+N,B+N,automatic,multiple_areas,B,1,1
W4382405140,Bioaccumulation and speciation of arsenic in plankton from tropical soda lakes along a salinity gradient,https://doi.org/10.1016/j.scitotenv.2023.165189,2023-06-28,0.744736,0.750030,0.760048,0.010018,B+N+Q,B+N+Q,automatic,multiple_areas;no_abstract,,0,1
W4382449070,Weed Control and Selectivity of Four Herbicides Applied in Pre-Emergence on Two Sunflower Cultivars,https://doi.org/10.3390/crops3020014,2023-05-04,0.749502,0.755138,0.742416,0.005636,B+N+Q,B+N+Q,automatic,multiple_areas,,1,1
W4382654406,Resource recovery of biological residues from the Brazilian poultry industry in mitigating environmental impacts: A life cycle assessment (LCA) approach,https://doi.org/10.1016/j.jclepro.2023.137895,2023-06-30,0.783213,0.812595,0.799878,0.012716,B+N+Q,B+N+Q,automatic,multiple_areas,,1,1
W4382988702,A cylindrospermopsin-producing cyanobacterium isolated from a microbial mat in the Baltic Sea,https://doi.org/10.1016/j.toxicon.2023.107205,2023-07-03,0.801411,0.767853,0.777502,0.023908,B+N+Q,B+N+Q,automatic,multiple_areas,,1,1
W4383103729,"Diuron, hexazinone, and sulfometuron-methyl applied alone and in mixture in soils: Distribution of extractable residue, bound residue, biodegradation, and mineralization",https://doi.org/10.1016/j.heliyon.2023.e17817,2023-07-01,0.757103,0.762664,0.766194,0.003530,B+N+Q,B+N+Q,automatic,multiple_areas,,1,1
W4383186818,Reshaping the research landscape in Brazil,https://doi.org/10.7554/elife.90533,2023-06-28,0.673151,0.666378,0.636103,0.006773,B+N+Q,B+N+Q,automatic,multiple_areas,B,1,1
W4383368440,Digital-image photometry and salting-out assisted liquid-liquid microextraction for determination of flavonols in berries,https://doi.org/10.1016/j.jfca.2023.105515,2023-07-06,0.733050,0.750179,0.819010,0.068830,Q,Q,automatic,no_abstract,Q,0,1
W4383503720,Multi-energy calibration for determining critical metals in nickel-metal hydride battery residues by microwave-induced plasma atomic emission spectrometry,https://doi.org/10.1039/d3ay01035j,2023-01-01,0.718569,0.736165,0.807653,0.071488,Q,Q,automatic,,Q,1,1
W4383549952,Pyrolysis Temperature vs. Application Rate of Biochar Amendments: Impacts on Soil Microbiota and Metribuzin Degradation,https://doi.org/10.3390/ijms241311154,2023-07-06,0.794471,0.778660,0.788106,0.006365,B+N+Q,B+N+Q,automatic,multiple_areas,,1,1
W4383710071,Oxidation of chlortetracycline and its isomers by Botrytis aclada laccase in the absence of mediators: pH dependence and identification of transformation products by LC–MS,https://doi.org/10.1007/s10532-023-10046-1,2023-07-10,0.739598,0.723028,0.755911,0.016314,B+N+Q,B+N+Q,automatic,multiple_areas;no_abstract,,0,1
W4383817592,Foliar Calcium Absorption by Tomato Plants: Comparing the Effects of Calcium Sources and Adjuvant Usage,https://doi.org/10.3390/plants12142587,2023-07-08,0.839792,0.812934,0.830669,0.009124,B+N+Q,B+N+Q,automatic,multiple_areas,,1,1
W4383873173,Egeria densa remediates the aquatic environment and reduces 14C-deltamethrin bioaccumulation in Danio rerio,https://doi.org/10.1080/03601234.2023.2232277,2023-06-03,0.766604,0.779011,0.759538,0.012407,B+N+Q,B+N+Q,automatic,multiple_areas,,1,1
W4383875873,Mechanistic and Structural Insights into a Divergent PLP-Dependent l -Enduracididine Cyclase from a Toxic Cyanobacterium,https://doi.org/10.1021/acscatal.3c01294,2023-07-11,0.804272,0.734141,0.761599,0.042673,B+Q,B+Q,automatic,multiple_areas,,1,1
W4384436163,"Linking above and belowground carbon sequestration, soil organic matter properties, and soil health in Brazilian Atlantic Forest restoration",https://doi.org/10.1016/j.jenvman.2023.118573,2023-07-15,0.822570,0.832403,0.791227,0.009833,B+N+Q,B+N+Q,automatic,multiple_areas,B,1,1
W4384659194,Effects of Tillage and Cover Crops on Total Carbon and Nitrogen Stocks and Particle-Size Fractions of Soil Organic Matter under Onion Crop,https://doi.org/10.3390/horticulturae9070822,2023-07-17,0.830439,0.825027,0.821456,0.005412,B+N+Q,B+N+Q,automatic,multiple_areas,B,1,1
W4384937056,Computed tomography revealed that bone density in lambs was affected by Trichostrongylus colubriformis infection,https://doi.org/10.1016/j.smallrumres.2023.107044,2023-07-20,0.672388,0.704212,0.693214,0.010998,B+N+Q,B+N+Q,automatic,multiple_areas;no_abstract,,0,1
W4385012128,Unfolding the Dynamics of Mineral Nutrients and Major Storage Protein Fractions during Soybean Seed Development,https://doi.org/10.1021/acsagscitech.3c00125,2023-07-21,0.833713,0.791113,0.800621,0.033092,B+N+Q,B+N+Q,automatic,multiple_areas,B,1,1
W4385240998,Improved calculation of soil hydraulic conductivity with the simplified evaporation method,https://doi.org/10.1002/vzj2.20267,2023-07-25,0.712178,0.778113,0.711517,0.065935,N,N,automatic,,N,1,1
W4385421408,Bioaccumulation and Depletion of the Antibiotic Sulfadiazine 14C in Lambari (Astyanax bimaculatus),https://doi.org/10.3390/ani13152464,2023-07-30,0.791658,0.813188,0.818846,0.005658,B+N+Q,B+N+Q,automatic,multiple_areas,,1,1
W4385458473,Spatial variability mapping of indaziflam and metribuzin sorption–desorption for precision weed control,https://doi.org/10.1007/s11119-023-10056-2,2023-08-01,0.746188,0.776398,0.769410,0.006988,B+N+Q,B+N+Q,automatic,multiple_areas;no_abstract,,0,1
W4385502173,Impact of the fungal pathogen Fusarium oxysporum on the taxonomic and functional diversity of the common bean root microbiome,https://doi.org/10.1186/s40793-023-00524-7,2023-08-03,0.853558,0.794028,0.764963,0.059530,B,B,automatic,,B,1,1
W4385552479,Biochar and Trichoderma as an Eco-friendly and Low-Cost Alternative to Improve Soil Chemical and Biological Properties,https://doi.org/10.1007/s12649-023-02240-2,2023-08-03,0.790467,0.775974,0.789392,0.001075,B+N+Q,B+N+Q,automatic,multiple_areas;no_abstract,B,0,1
W4385569224,"P6 In vitro degradability, gas and methane production of brewery residues and its potential in small ruminants[StQuote] diets",https://doi.org/10.1016/j.anscip.2023.04.101,2023-07-01,0.758273,0.770491,0.794105,0.023613,B+N+Q,B+N+Q,automatic,multiple_areas;no_abstract,,0,1
W4385605235,Effects of simulated gastrointestinal digestion/epithelial transport on phenolics and bioactivities of particles of brewer’s spent yeasts loaded with Brazilian red propolis,https://doi.org/10.1016/j.foodres.2023.113345,2023-08-05,0.753354,0.743371,0.791162,0.037808,B+N+Q,B+N+Q,automatic,multiple_areas;no_abstract,Q,0,1
W4385880192,Digital-image eco-friendly spot test with liquid–liquid microextraction for selective determination of flavonols in berries,https://doi.org/10.1016/j.microc.2023.109207,2023-08-16,0.731094,0.749729,0.817869,0.068140,Q,Q,automatic,no_abstract,Q,0,1
W4385897280,Making sense of complexity: Advances in bioinformatics for plant biology,https://doi.org/10.1002/aps3.11538,2023-07-01,0.894955,0.836546,0.792439,0.058410,B,B,automatic,,B,1,1
W4385988013,Food-grade delivery systems of Brazilian propolis from Apis mellifera: From chemical composition to bioactivities in vivo,https://doi.org/10.1016/j.foodchem.2023.137175,2023-08-18,0.751078,0.747945,0.792698,0.041620,B+N+Q,B+N+Q,automatic,multiple_areas,Q,1,1
W4386052804,Changes in phenolic profile and anti-inflammatory activity of Baccharis beebread during gastrointestinal digestion/intestinal permeability in vitro,https://doi.org/10.1016/j.foodchem.2023.137234,2023-08-22,0.749675,0.735272,0.792670,0.042995,B+Q,B+Q,automatic,multiple_areas;no_abstract,Q,0,1
W4386085732,Investigating the effects of Brachiaria (Syn. Urochloa) varieties on soil properties and microbiome,https://doi.org/10.1007/s11104-023-06225-x,2023-08-23,0.835971,0.810003,0.794532,0.025968,B+N+Q,B+N+Q,automatic,multiple_areas;no_abstract,B,0,1
W4386134181,"Sorption, leaching, and degradation of dicamba in two Brazilian soils: A study into soil layers",https://doi.org/10.1016/j.cropro.2023.106393,2023-08-24,0.771328,0.791447,0.793328,0.001881,B+N+Q,B+N+Q,automatic,multiple_areas;no_abstract,,0,1
W4386246739,"Impact of Leifsonia xyli subsp. xyli titer on nutritional status, and metabolism of sugar cane",https://doi.org/10.1007/s11104-023-06230-0,2023-08-29,0.817849,0.784282,0.777584,0.033567,B+N+Q,B+N+Q,automatic,multiple_areas;no_abstract,,0,1
W4386263013,Feasibility of laser-induced breakdown spectroscopy for determination of neodymium in magnet alloys,https://doi.org/10.1039/d3ja00152k,2023-01-01,0.672337,0.703318,0.763506,0.060188,Q,Q,automatic,,Q,1,1
W4386368680,Efeito do ambiente sobre as respostas fisiológicas de caprinos criados em clima quente recebendo diferentes fontes de volumoso,https://doi.org/10.33448/rsd-v12i8.42657,2023-08-30,0.759919,0.826244,0.787355,0.038889,N+Q,N+Q,automatic,multiple_areas,,1,1
W4386424292,Abomasal RNA-seq reveals a strong local cellular response in suckling lambs with resistance against Haemonchus contortus,https://doi.org/10.1016/j.ijpara.2023.06.008,2023-09-04,0.738594,0.709298,0.698155,0.029296,B+N+Q,B+N+Q,automatic,multiple_areas;no_abstract,,0,1
W4386447238,A rapid LC-MS/MS method for multi-class identification and quantification of cyanotoxins,https://doi.org/10.1016/j.toxicon.2023.107282,2023-09-05,0.731213,0.725060,0.785776,0.054563,Q,Q,automatic,no_abstract,,0,1
W4386466087,Direct Determination of the Aluminum Content in Antiperspirants Using Digital Image Colorimetry,https://doi.org/10.1002/slct.202301322,2023-09-04,0.702801,0.738849,0.807198,0.068349,Q,Q,automatic,,Q,1,1
W4386574127,Lethal and sublethal effects towards zebrafish larvae of microcystins and other cyanopeptides produced by cyanobacteria,https://doi.org/10.1016/j.aquatox.2023.106689,2023-09-09,0.758241,0.726881,0.744760,0.013481,B+N+Q,B+N+Q,automatic,multiple_areas,,1,1
W4386627836,A novel approach for lactose determination in cow's milk exploiting smartphone-based digital-image photometry,https://doi.org/10.1039/d3ay01250f,2023-01-01,0.687391,0.717920,0.783811,0.065891,Q,Q,automatic,,Q,1,1
W4386647660,Distinct sources of silicon shape differently the rhizospheric microbial community in sugarcane,https://doi.org/10.1016/j.apsoil.2023.105131,2023-09-12,0.842287,0.778890,0.782250,0.060037,B,B,automatic,no_abstract,B,0,1
W4386827342,"Smartphone-based digital images in analytical chemistry: Why, when, and how to use",https://doi.org/10.1016/j.trac.2023.117284,2023-09-18,0.741073,0.762657,0.835512,0.072854,Q,Q,automatic,no_abstract,Q,0,1
W4386929590,"Microalgal co-cultivation -recent methods, trends in omic-studies, applications, and future challenges",https://doi.org/10.3389/fbioe.2023.1193424,2023-09-20,0.835677,0.785456,0.791473,0.044204,B+Q,B+Q,automatic,multiple_areas,B,1,1
W4386956353,Total Carbon and Nitrogen and Granulometric Fractions of Soil Organic Matter Under No-Till System and Conventional Tillage with Onion Cultivation,https://doi.org/10.24857/rgsa.v17n9-010,2023-09-21,0.820733,0.824600,0.805361,0.003868,B+N+Q,B+N+Q,automatic,multiple_areas,B,1,1
W4387014209,Soil and foliar Si fertilization alters elemental stoichiometry and increases yield of sugarcane cultivars,https://doi.org/10.1038/s41598-023-43351-z,2023-09-25,0.839274,0.802441,0.793968,0.036833,B+N+Q,B+N+Q,automatic,multiple_areas,B,1,1
W4387017080,Bimodal unsaturated hydraulic conductivity derived from water retention parameters by accounting for clay-water interactions: Deriving a plausible set of hydraulic parameters,https://doi.org/10.1016/j.jhydrol.2023.130227,2023-09-25,0.680012,0.737815,0.697244,0.040572,N+Q,N+Q,automatic,multiple_areas;no_abstract,N,0,1
W4387020861,"Molecular, morphological and ecological studies of Limnospira platensis (Cyanobacteria), from saline and alkaline lakes, Pantanal Biome, Brazil",https://doi.org/10.3389/fenvs.2023.1204787,2023-09-25,0.771615,0.755222,0.740456,0.016393,B+N+Q,B+N+Q,automatic,multiple_areas,,1,1
W4387046796,Sensitivity analysis of land and water productivities predicted with an empirical and a process-based root water uptake function,https://doi.org/10.1016/j.jhydrol.2023.130241,2023-09-26,0.754148,0.781109,0.708314,0.026961,B+N,B+N,automatic,multiple_areas;no_abstract,N,0,1
W4387059431,Potential Soil Remineralizers from Silicate Rock Powders (SRP) as Alternative Sources of Nutrients for Agricultural Production (Amazon Region),https://doi.org/10.3390/min13101255,2023-09-25,0.804139,0.825135,0.839945,0.014810,B+N+Q,B+N+Q,automatic,multiple_areas,,1,1
W4387187532,Rheological and Physical Properties Affected by the Thermal Processing of Fruit: A Bibliometric Analysis,https://doi.org/10.3390/pr11102874,2023-09-29,0.764969,0.790792,0.814968,0.024177,B+N+Q,B+N+Q,automatic,multiple_areas,Q,1,1
W4387219782,Crop-livestock-forestry systems as a strategy for mitigating greenhouse gas emissions and enhancing the sustainability of forage-based livestock systems in the Amazon biome,https://doi.org/10.1016/j.scitotenv.2023.167396,2023-09-30,0.824316,0.835394,0.790313,0.011078,B+N+Q,B+N+Q,automatic,multiple_areas,,1,1
W4387363803,Feeding efficiency of sheep as a strategy for mitigating greenhouse gas emissions,https://doi.org/10.21708/avb.2023.17.2.11599,2023-10-05,0.782396,0.797451,0.778129,0.015055,B+N+Q,B+N+Q,automatic,multiple_areas,,1,1
W4387421571,Exploiting digital images and videos for urea determination in milk based on enzymatic hydrolysis monitoring,https://doi.org/10.1016/j.jfca.2023.105745,2023-10-07,0.718634,0.746142,0.793436,0.047293,N+Q,N+Q,automatic,multiple_areas;no_abstract,Q,0,1
W4387439567,"Draft genome sequences of representative Paenibacillus polymyxa , Bacillus cereus , Fictibacillus sp., and Brevibacillus agri strains isolated from Amazonian dark earth",https://doi.org/10.1128/mra.00574-23,2023-10-09,0.802064,0.767124,0.750609,0.034940,B+N,B+N,automatic,multiple_areas,B,1,1
W4387459846,Isótopos estáveis de oxigênio e carbono em anéis de crescimento: Uma comparação entre diferentes tempos de reação para obtenção de alfa-celulose,https://doi.org/10.36524/ric.v9i3.2165,2023-10-07,0.788696,0.830114,0.820445,0.009669,B+N+Q,B+N+Q,automatic,multiple_areas,N,1,1
W4387530600,The ORGAN SIZE (ORG) locus modulates both vegetative and reproductive gigantism in domesticated tomato,https://doi.org/10.1093/aob/mcad150,2023-10-11,0.796097,0.753894,0.691975,0.042202,B+N,B+N,automatic,multiple_areas,B,1,1
W4387692480,Nanosilica enhances morphogenic and chemical parameters of Megathyrsus maximus grass under conditions of phosphorus deficiency and excess stress in different soils,https://doi.org/10.1186/s12870-023-04521-3,2023-10-16,0.849166,0.820388,0.829092,0.020074,B+N+Q,B+N+Q,automatic,multiple_areas,B,1,1
W4387820499,Residual effects of composted sewage sludge on nitrogen cycling and plant metabolism in a no-till common bean-palisade grass-soybean rotation,https://doi.org/10.3389/fpls.2023.1281670,2023-10-20,0.835730,0.803955,0.796674,0.031775,B+N+Q,B+N+Q,automatic,multiple_areas,,1,1
W4387964817,Estimating plant-available nutrients with XRF sensors: Towards a versatile analysis tool for soil condition assessment,https://doi.org/10.1016/j.geoderma.2023.116701,2023-10-25,0.820944,0.836232,0.843136,0.006904,B+N+Q,B+N+Q,automatic,multiple_areas,,1,1
W4387965745,Spectrophotometry and chromatography analyses combined with chemometrics tools to differentiate green coffee beans into special or traditional,https://doi.org/10.1111/1750-3841.16807,2023-10-27,0.749760,0.760191,0.823706,0.063515,Q,Q,automatic,,Q,1,1
W4388011972,Combined effects of Limonene and Ivermectin on P-glycoprotein-9 gene expression of lambs Infected with Haemonchus contortus,https://doi.org/10.1016/j.vetpar.2023.110069,2023-10-29,0.726948,0.725788,0.731997,0.005049,B+N+Q,B+N+Q,automatic,multiple_areas;no_abstract,,0,1
W4388035147,Can herbicides of different mode of action cause injury symptoms in non-herbicide-tolerant young soybean due to simulated drift?,https://doi.org/10.1080/03601234.2023.2275512,2023-10-30,0.773355,0.777598,0.754618,0.004242,B+N+Q,B+N+Q,automatic,multiple_areas,,1,1
W4388129289,Domestication of the Amazonian fruit tree cupuaçu may have stretched over the past 8000 years,https://doi.org/10.1038/s43247-023-01066-z,2023-11-01,0.829377,0.814736,0.768471,0.014642,B+N,B+N,automatic,multiple_areas,B,1,1
W4388194184,"Early and long-distance uptake by Eucalyptus grandis of N, K and Ca tracers injected down to a depth of 7 m",https://doi.org/10.1016/j.foreco.2023.121507,2023-10-25,0.803211,0.799822,0.795206,0.003389,B+N+Q,B+N+Q,automatic,multiple_areas;no_abstract,,0,1
W4388197267,Lime and copper plus zinc fertilization to eucalyptus: consequences for metallic micronutrient status and eucalyptus growth,https://doi.org/10.1007/s11056-023-10010-0,2023-10-27,0.792629,0.761033,0.778117,0.014512,B+N+Q,B+N+Q,automatic,multiple_areas;no_abstract,,0,1
W4388248459,Special issue: Advances in green analytical chemistry,https://doi.org/10.1016/j.talo.2023.100268,2023-11-02,0.730994,0.735743,0.827111,0.091367,Q,Q,automatic,no_abstract,Q,0,1
W4388333576,Tithonia diversifolia Improves In Vitro Rumen Microbial Synthesis of Sheep Diets without Changes in Total Gas and Methane Production,https://doi.org/10.3390/agronomy13112768,2023-11-04,0.851454,0.848350,0.851830,0.000376,B+N+Q,B+N+Q,automatic,multiple_areas,,1,1
W4388499650,The process of domestication shapes the plant growth-promoting bacteria community in the rhizosphere of lima bean (Phaseolus lunatus),https://doi.org/10.1016/j.rhisph.2023.100810,2023-11-08,0.833574,0.781426,0.758618,0.052148,B,B,automatic,no_abstract,B,0,1
W4388510370,"Desorption kinetic and sequential extraction of Pb and Zn in a contaminated soil amended with phosphate, lime, biochar, and biosolids",https://doi.org/10.1007/s11356-023-30643-0,2023-11-09,0.748852,0.753914,0.795118,0.041204,B+N+Q,B+N+Q,automatic,multiple_areas;no_abstract,,0,1
W4388549899,STABLE ISOTOPES AND MERCURY AS TOOLS TO DEPICT AQUATIC FOOD WEBS,https://doi.org/10.21577/0100-4042.20230125,2023-11-09,0.773445,0.794547,0.774780,0.019767,B+N+Q,B+N+Q,automatic,multiple_areas,N,1,1
W4388562429,Adsorption and thermal stability of dissolved organic matter on Ca- and Mg-exchanged montmorillonite: Implications for persistence in soils and sediments,https://doi.org/10.1016/j.chemgeo.2023.121813,2023-11-10,0.745116,0.754528,0.794075,0.039547,B+N+Q,B+N+Q,automatic,multiple_areas;no_abstract,Q,0,1
W4388569520,Responses of bacterial and archaeal communities to nitrogen fertilization in a compost-amended soil,https://doi.org/10.1016/j.pedobi.2023.150915,2023-11-10,0.802191,0.761146,0.765606,0.036585,B+N+Q,B+N+Q,automatic,multiple_areas;no_abstract,B,0,1
W4388687483,Canavalia ensiformis enhances the phytoremediation of remineralized and sulfentrazone-contaminated tropical soils,https://doi.org/10.1016/j.chemosphere.2023.140725,2023-11-15,0.764760,0.766927,0.768976,0.002049,B+N+Q,B+N+Q,automatic,multiple_areas;no_abstract,,0,1
W4388741769,Filming a hidden resource: The soil in the seventh art narrative,https://doi.org/10.1016/j.geoderma.2023.116710,2023-11-16,0.750901,0.762790,0.750666,0.011889,B+N+Q,B+N+Q,automatic,multiple_areas,,1,1
W4388775318,Exploration of Eco-Friendly Hydrochar’s Potential in Advanced Oxidative Processes for Dicamba Degradation within a Circular Bio-Economy Framework,https://doi.org/10.3390/pr11113244,2023-11-17,0.780444,0.788165,0.836915,0.048750,N+Q,N+Q,automatic,multiple_areas,,1,1
W4388796197,"Plant Extracts for the Control of Sitophilus zeamais (Motschulsky, 1895) (Coleoptera: Curculionidae)",https://doi.org/10.51963/jers.v25i3.2337,2023-11-17,0.761765,0.806325,0.793234,0.013090,B+N+Q,B+N+Q,automatic,multiple_areas,N,1,1
W4388820977,"Holocene limnological changes in saline and freshwater lakes, Lower Nhecolândia, Pantanal, Brazil",https://doi.org/10.1007/s10750-023-05411-3,2023-11-20,0.722481,0.750712,0.724918,0.025794,B+N+Q,B+N+Q,automatic,multiple_areas;no_abstract,Q,0,1
W4388845251,Phosphonate consumers potentially contributing to methane production in Brazilian soda lakes,https://doi.org/10.1007/s00792-023-01318-y,2023-11-21,0.806984,0.798692,0.791963,0.008292,B+N+Q,B+N+Q,automatic,multiple_areas;no_abstract,,0,1
W4388883789,Climate-growth relation and isotopic △13carbon responses of field-grown Pinus caribaea var. hondurensis and Pinus taeda to nutrient availability,https://doi.org/10.1016/j.foreco.2023.121548,2023-11-21,0.775202,0.789546,0.736473,0.014344,B+N,B+N,automatic,multiple_areas;no_abstract,,0,1
W4388912481,Cucumber Bioassay and HPLC Analysis to Detect Diuron Residues in Remineralized Soils Following Canavalia ensiformis Cultivation as a Phytoremediator,https://doi.org/10.3390/horticulturae9121251,2023-11-22,0.781729,0.785776,0.799983,0.014207,B+N+Q,B+N+Q,automatic,multiple_areas,,1,1
W4388968168,Automatic classification of parasitized fruit fly pupae from X-ray images by convolutional neural networks,https://doi.org/10.1016/j.ecoinf.2023.102382,2023-11-24,0.683030,0.743199,0.676425,0.060169,N,N,automatic,no_abstract,N,0,1
W4388991436,Optimizing foliar N‐fertilization in sugarcane depends on plant genotype and nitrogen concentration,https://doi.org/10.1111/ppl.14085,2023-11-01,0.836359,0.796043,0.766438,0.040316,B+N,B+N,automatic,multiple_areas,B,1,1
W4389045010,Tolerance of Brazilian Bean Cultivars to S-Metolachlor and Poaceae Weed Control in Two Agricultural Soils,https://doi.org/10.3390/agronomy13122919,2023-11-27,0.796923,0.802077,0.774423,0.005155,B+N+Q,B+N+Q,automatic,multiple_areas,,1,1
W4389203578,Osmotic Stress Alleviation in Saccharomyces cerevisiae for High Ethanol Fermentations with Different Wort Substrates,https://doi.org/10.3390/stresses3040055,2023-11-29,0.795619,0.775203,0.780684,0.014935,B+N+Q,B+N+Q,automatic,multiple_areas,N,1,1
W4389203925,Identification and functional characterization of the sugarcane (Saccharum spp.) AMT2-type ammonium transporter ScAMT3;3 revealed a presumed role in shoot ammonium remobilization,https://doi.org/10.3389/fpls.2023.1299025,2023-11-30,0.848264,0.771740,0.740370,0.076524,B,B,automatic,,B,1,1
W4389247892,Gamma Irradiation of Plukenetia volubilis L. Seeds Promotes Several Changes during Its Germination and Vegetative Growth,https://doi.org/10.1155/2023/9737125,2023-12-01,0.797876,0.823322,0.763252,0.025445,B+N,B+N,automatic,multiple_areas,N,1,1
W4389317571,Multifunctional polyetheramine–epoxide gels and their prospective applications in health and agriculture,https://doi.org/10.1039/d3nj04983c,2023-12-04,0.774932,0.771804,0.797256,0.022324,B+N+Q,B+N+Q,automatic,multiple_areas,,1,1
W4389338882,Repeated exposure of wheat to the fungal root pathogen Bipolaris sorokiniana modulates rhizosphere microbiome assembly and disease suppressiveness,https://doi.org/10.1186/s40793-023-00529-2,2023-12-05,0.836077,0.776533,0.761233,0.059543,B,B,automatic,,B,1,1
W4389511915,From desertification to restoration in the Brazilian semiarid region: Unveiling the potential of land restoration on soil microbial properties,https://doi.org/10.1016/j.jenvman.2023.119746,2023-12-09,0.806149,0.806701,0.771877,0.000552,B+N+Q,B+N+Q,automatic,multiple_areas;no_abstract,B,0,1
W4389537887,"Study of the Oxidative and Microbiological Stability of Nitrite-Reduced, Vacuum-Packed, Refrigerated Lamb Sausages Supplemented with Red Propolis Extract",https://doi.org/10.3390/foods12244419,2023-12-09,0.715957,0.733448,0.787107,0.053659,Q,Q,automatic,,Q,1,1
W4389915570,Lipid supplementation with macadamia by-product reduces methane emissions by sheep,https://doi.org/10.1016/j.smallrumres.2023.107174,2023-12-18,0.773678,0.781413,0.787086,0.005673,B+N+Q,B+N+Q,automatic,multiple_areas;no_abstract,,0,1
W4389936371,Selected cachaça yeast strains share a genomic profile related to traits relevant to industrial fermentation processes,https://doi.org/10.1128/aem.01759-23,2023-12-19,0.831170,0.792089,0.783571,0.039082,B+N+Q,B+N+Q,automatic,multiple_areas,B,1,1
W4390004973,A convective heated digestion system with closed vessels: a new digestor for elemental inorganic analysis,https://doi.org/10.1039/d3ja00328k,2023-12-20,0.742520,0.773258,0.851247,0.077989,Q,Q,automatic,,Q,1,1
W4390063524,The interplay between Azospirillum brasilense and the native bacterial communities in the soil and rhizosphere of maize (Zea mays L.),https://doi.org/10.1016/j.soilbio.2023.109292,2023-12-21,0.819246,0.771686,0.753078,0.047560,B+N,B+N,automatic,multiple_areas;no_abstract,B,0,1
W4390095057,Enzymatic stoichiometry in degraded soils after two decades of restoration in a Brazilian semiarid region,https://doi.org/10.1016/j.catena.2023.107768,2023-12-22,0.800896,0.801646,0.783011,0.000750,B+N+Q,B+N+Q,automatic,multiple_areas;no_abstract,B,0,1
W4390298768,"Micronúcleos e anomalias nucleares em peixes como biomarcadores de citotoxicidade e genotoxicidade da radiação gama, cromo 51, em ambiente aquático",https://doi.org/10.17271/1980082719520234183,2023-12-27,0.795593,0.841309,0.817869,0.023440,B+N+Q,B+N+Q,automatic,multiple_areas,,1,1
W4390350757,"Soils surrounding saline-alkaline lakes of Nhecolândia, Pantanal, Brazil: Toposequences, mineralogy and chemistry",https://doi.org/10.1016/j.geodrs.2023.e00746,2023-12-28,0.760395,0.761953,0.768860,0.006907,B+N+Q,B+N+Q,automatic,multiple_areas;no_abstract,Q,0,1
W4390863567,Impacts of cyanobacterial metabolites on fish: Socioeconomic and environmental considerations,https://doi.org/10.1111/raq.12891,2024-01-14,0.777384,0.762692,0.786492,0.009108,B+N+Q,B+N+Q,automatic,multiple_areas,,1,1
W4390904039,Laser-Induced Breakdown Spectroscopy Optimization Using Response Surface Methodology,https://doi.org/10.55747/bjedis.v3i1.57177,2024-01-12,0.696221,0.721146,0.767425,0.046278,N+Q,N+Q,automatic,multiple_areas,Q,1,1
W4390954842,Application of cyanobacteria in radioactive waste,https://doi.org/10.34117/bjdv10n1-084,2024-01-17,0.773242,0.789402,0.788493,0.000909,B+N+Q,B+N+Q,automatic,multiple_areas,,1,1
W4391091393,"Obtenção da intensidade das chuvas a partir de dados pluviométricos coletados numa estação automatizada: o caso de Piracicaba, SP",https://doi.org/10.31062/agrom.v32.e027452,2024-01-22,0.749148,0.829812,0.767831,0.061981,N,N,automatic,,N,1,1
W4391177797,"Exploring AMH levels, homeostasis parameters, and ovarian primordial follicle activation in pubertal infected sheep on a high-protein diet",https://doi.org/10.1016/j.rvsc.2024.105158,2024-01-24,0.739286,0.718140,0.715641,0.021145,B+N+Q,B+N+Q,automatic,multiple_areas;no_abstract,,0,1
W4391286457,Application of silicate changes the network complexity of plant growth-promoting rhizobacteria in the rhizosphere of sugarcane genotypes,https://doi.org/10.1016/j.rhisph.2024.100855,2024-01-27,0.864853,0.792375,0.789383,0.072478,B,B,automatic,no_abstract,B,0,1
W4391353114,Soil microbial diversity plays an important role in resisting and restoring degraded ecosystems,https://doi.org/10.1007/s11104-024-06489-x,2024-01-30,0.800007,0.782528,0.748712,0.017479,B+N,B+N,automatic,multiple_areas;no_abstract,B,0,1
W4391369496,Herbicide resistance status of sourgrass,https://doi.org/10.51694/advweedsci/2023;41:00024,2023-01-01,0.808369,0.773856,0.748245,0.034513,B+N,B+N,automatic,multiple_areas,,1,1
W4391430053,Assessing Ionizing Radiation and Chlorine Dioxide (ClO2) as Potential Aseptization Treatments for Yeast Recycling on Mixed Wort of Corn and Sugarcane in Brazil,https://doi.org/10.3390/stresses4010009,2024-02-01,0.767972,0.792587,0.779808,0.012779,B+N+Q,B+N+Q,automatic,multiple_areas,N,1,1
W4391451534,The pros and cons of axenic cultures in cyanobacterial research,https://doi.org/10.1016/j.algal.2024.103415,2024-02-01,0.773250,0.743099,0.752653,0.020596,B+N+Q,B+N+Q,automatic,multiple_areas;no_abstract,,0,1
W4391515275,Exploiting multi-signal calibration to circumvent matrix effects in flow injection analysis,https://doi.org/10.1016/j.microc.2024.110082,2024-02-03,0.716461,0.739217,0.804045,0.064828,Q,Q,automatic,no_abstract,Q,0,1
W4391612221,Nitrogen fertilization regulates crosstalk between marandu palisadegrass and Herbaspirillum seropedicae: An investigation based on 15N isotopic analysis and root morphology,https://doi.org/10.1016/j.envres.2024.118345,2024-02-07,0.811164,0.767095,0.736005,0.044069,B+N,B+N,automatic,multiple_areas;no_abstract,,0,1
W4391616039,Genomic Insights into the Taxonomy and Metabolism of the Cyanobacterium Pannus brasiliensis CCIBt3594,https://doi.org/10.3390/taxonomy4010010,2024-02-05,0.824606,0.760530,0.762791,0.061814,B,B,automatic,,,1,1
W4391682520,Stochastic analysis of plant available water estimates and soil water balance components simulated by a hydrological model,https://doi.org/10.1002/vzj2.20306,2024-02-09,0.743687,0.809876,0.714590,0.066190,N,N,automatic,,N,1,1
W4391722815,Human influence on the distribution of cacao: insights from remote sensing and biogeography,https://doi.org/10.1007/s10531-023-02777-7,2024-02-10,0.802288,0.824208,0.772254,0.021920,B+N,B+N,automatic,multiple_areas,B,1,1
W4391787742,Fast multispectral imaging analysis as phenotyping platform: Effect of titanium dioxide nanoparticles on microalgae physiology,https://doi.org/10.1016/j.algal.2024.103433,2024-02-13,0.771281,0.751292,0.780322,0.009040,B+N+Q,B+N+Q,automatic,multiple_areas;no_abstract,B,0,1
W4391807580,Plant diversity and root traits shape rhizosphere microbial communities in natural grasslands and cultivated pastures,https://doi.org/10.1016/j.rhisph.2024.100864,2024-02-14,0.782479,0.742558,0.724368,0.039921,B+N,B+N,automatic,multiple_areas;no_abstract,B,0,1
W4391841382,"Genomic insights of Fictibacillus terranigra sp. nov., a versatile metabolic bacterium from Amazonian Dark Earths",https://doi.org/10.1007/s42770-024-01268-3,2024-02-15,0.830559,0.789300,0.788846,0.041259,B+N+Q,B+N+Q,automatic,multiple_areas;no_abstract,B,0,1
W4391878654,Soil fertility impact on recruitment and diversity of the soil microbiome in sub-humid tropical pastures in Northeastern Brazil,https://doi.org/10.1038/s41598-024-54221-7,2024-02-16,0.851643,0.821284,0.790831,0.030359,B+N,B+N,automatic,multiple_areas,B,1,1
W4391958041,A review of organic and inorganic amendments to treat saline-sodic soils: Emphasis on waste valorization for a circular economy approach,https://doi.org/10.1016/j.scitotenv.2024.171087,2024-02-20,0.762270,0.754749,0.770757,0.008487,B+N+Q,B+N+Q,automatic,multiple_areas;no_abstract,,0,1
W4391972127,Draft genome sequences of 13 putatively novel Haemophilus species and strains assembled from human saliva,https://doi.org/10.1128/mra.00945-23,2024-02-20,0.744937,0.711787,0.705489,0.033150,B+N+Q,B+N+Q,automatic,multiple_areas,,1,1
W4392028987,Salt-assisted liquid-liquid extraction and on-column concentration for chromatographic determination of phenolic compounds in beer,https://doi.org/10.1016/j.sampre.2024.100107,2024-02-01,0.741423,0.748824,0.835421,0.086597,Q,Q,automatic,,Q,1,1
W4392058424,Modified technique for recovery of nematode infective larvae in different grass genera,https://doi.org/10.55905/oelv22n2-185,2024-02-21,0.770861,0.799714,0.758016,0.028853,B+N+Q,B+N+Q,automatic,multiple_areas,,1,1
W4392106580,"Integrated Ca, Mg, Cu, and Zn supply upregulates leaf anatomy and metabolic adjustments in Eucalyptus seedlings",https://doi.org/10.1016/j.plaphy.2024.108446,2024-02-23,0.832031,0.772468,0.779375,0.052656,B,B,automatic,no_abstract,B,0,1
W4392109218,Accurate identification of Helicoverpa armigera–Helicoverpa zea hybrids using genome admixture analysis: implications for genomic surveillance,https://doi.org/10.3389/finsc.2024.1339143,2024-02-23,0.783538,0.785041,0.719214,0.001503,B+N,B+N,automatic,multiple_areas,N,1,1
W4392359874,Effects of pasture intensification and sugarcane cultivation on non-target species: A realistic evaluation in pesticide-contaminated mesocosms,https://doi.org/10.1016/j.scitotenv.2024.171425,2024-03-01,0.792471,0.810504,0.770664,0.018033,B+N+Q,B+N+Q,automatic,multiple_areas;no_abstract,N,0,1
W4392631329,Income Analysis Of Coffee Farmers In The Albizia Forest Area Based On Agroforestry,https://doi.org/10.51601/ijse.v3i3.78,2023-08-28,0.709320,0.732394,0.712904,0.019489,B+N+Q,B+N+Q,automatic,multiple_areas,B,1,1
W4392717316,Unravelling the fate of foliar-applied nickel in soybean: a comprehensive investigation,https://doi.org/10.1007/s11104-024-06567-0,2024-03-12,0.853029,0.821122,0.821473,0.031556,B+N+Q,B+N+Q,automatic,multiple_areas,,1,1
W4392881434,Eco-friendly alternatives for propoxur extraction from meat,https://doi.org/10.1016/j.jfca.2024.106171,2024-03-16,0.690116,0.722899,0.769931,0.047032,N+Q,N+Q,automatic,multiple_areas;no_abstract,Q,0,1
W4393006280,Soil Quality Evaluation in Mono and Mixed Eucalypt Plantation,https://doi.org/10.3390/su16062534,2024-03-20,0.814589,0.816964,0.796140,0.002376,B+N+Q,B+N+Q,automatic,multiple_areas,B,1,1
W4393035283,Short-term restoration practices change the bacterial community in degraded soil from the Brazilian semiarid,https://doi.org/10.1038/s41598-024-57690-y,2024-03-21,0.825008,0.801481,0.770270,0.023527,B+N,B+N,automatic,multiple_areas,B,1,1
W4393100479,Temporal evaluation of soil chemical quality using VNIR and XRF spectroscopies,https://doi.org/10.1016/j.still.2024.106087,2024-03-22,0.777207,0.806279,0.814181,0.007903,B+N+Q,B+N+Q,automatic,multiple_areas;no_abstract,,0,1
W4393108908,Spatializing soil elemental concentration as measured by X-ray fluorescence analysis using remote sensing data,https://doi.org/10.1016/j.catena.2024.107988,2024-03-23,0.733142,0.767838,0.767120,0.000718,B+N+Q,B+N+Q,automatic,multiple_areas;no_abstract,,0,1
W4393235524,Yellow Nutsedge (Cyperus esculentus L.) as an Agricultural Crop in Brazil: Tuber Dormancy Breaking,https://doi.org/10.3390/agronomy14040688,2024-03-27,0.781152,0.781857,0.760213,0.000705,B+N+Q,B+N+Q,automatic,multiple_areas,,1,1
W4393306688,The interplay between the inoculation of plant growth-promoting rhizobacteria and the rhizosphere microbiome and their impact on plant phenotype,https://doi.org/10.1016/j.micres.2024.127706,2024-03-29,0.844212,0.779159,0.772319,0.065053,B,B,automatic,no_abstract,B,0,1
W4393386880,An In-House X-ray Fluorescence Spectrometer Development for In Vivo Analysis of Plants,https://doi.org/10.1021/acsagscitech.4c00003,2024-04-01,0.814623,0.811213,0.822232,0.007609,B+N+Q,B+N+Q,automatic,multiple_areas,,1,1
W4393387720,Electron Beam on Fermentation Medium as an Alternative Disinfection Method for Ethanol Distilleries: A Comprehensive Review,https://doi.org/10.3390/fermentation10040193,2024-04-01,0.765519,0.795289,0.788919,0.006370,B+N+Q,B+N+Q,automatic,multiple_areas,N,1,1
W4393430788,Superior bioavailability of the calcium salt form of β-hydroxy-β-methylbutyrate compared with the free acid form,https://doi.org/10.1007/s00726-023-03369-z,2024-04-02,0.740826,0.747941,0.800539,0.052598,Q,Q,automatic,,,1,1
W4393859719,Phosphorus Dynamics in Stressed Soil Systems: Is There a Chemical and Biological Compensating Effect?,https://doi.org/10.3390/stresses4020015,2024-04-02,0.849020,0.820560,0.810261,0.028460,B+N+Q,B+N+Q,automatic,multiple_areas,,1,1
W4393905375,Endophytic Aspergillii and Penicillii from medicinal plants: a focus on antimicrobial and multidrug resistant pathogens inhibitory activity,https://doi.org/10.5114/bta.2024.135644,2024-03-29,0.767067,0.732686,0.757973,0.009094,B+N+Q,B+N+Q,automatic,multiple_areas,B,1,1
W4393945202,"Biochar obtained from eucalyptus, rice hull, and native bamboo as an alternative to decrease mobility of hexazinone, metribuzin, and quinclorac in a tropical soil",https://doi.org/10.1007/s10661-024-12589-z,2024-04-04,0.742843,0.745677,0.770037,0.024360,B+N+Q,B+N+Q,automatic,multiple_areas;no_abstract,,0,1
W4394008834,Hurricanes are limiting the mangrove canopy heights in the Gulf of Mexico,https://doi.org/10.1016/j.scitotenv.2024.172284,2024-04-06,0.692853,0.698986,0.658577,0.006133,B+N+Q,B+N+Q,automatic,multiple_areas;no_abstract,,0,1
W4394060345,Soil management shapes bacterial and archaeal communities in soybean rhizosphere: Comparison of no-tillage and integrated crop-livestock systems,https://doi.org/10.1016/j.rhisph.2024.100886,2024-04-07,0.827664,0.784216,0.767738,0.043448,B+N,B+N,automatic,multiple_areas;no_abstract,B,0,1
W4394096560,Estimating lateral flow in double ring infiltrometer measurements,https://doi.org/10.6084/m9.figshare.19944472,2022-01-01,0.714472,0.770859,0.737818,0.033042,N+Q,N+Q,automatic,multiple_areas,N,1,1
W4394145894,Physiological and hematological parameters of sheep reared in the tropics and subtropics,https://doi.org/10.6084/m9.figshare.19968710,2022-01-01,0.719930,0.765402,0.739495,0.025907,B+N+Q,B+N+Q,automatic,multiple_areas,,1,1
W4394259025,"Soil Carbon Fractions in Rubber Trees, Pasture, and Secondary Forest Areas",https://doi.org/10.6084/m9.figshare.14328993,2021-01-01,0.796008,0.810308,0.787584,0.014300,B+N+Q,B+N+Q,automatic,multiple_areas,B,1,1
W4394272941,Structure of Humic Substances from Some Regions of the Amazon Assessed Coupling 3D Fluorescence Spectroscopy and CP/PARAFAC,https://doi.org/10.6084/m9.figshare.14303805,2021-01-01,0.796161,0.797144,0.821596,0.024453,B+N+Q,B+N+Q,automatic,multiple_areas,Q,1,1
W4394305789,"Trichostrongylus colubriformis infection in Santa Inês lambs: impact on feed digestibility, blood markers, and nitrogen balance",https://doi.org/10.6084/m9.figshare.14328188,2021-01-01,0.711108,0.727430,0.708191,0.016322,B+N+Q,B+N+Q,automatic,multiple_areas,,1,1
W4394401783,Effect of alternate and simultaneous grazing on endoparasite infection in sheep and cattle,https://doi.org/10.6084/m9.figshare.14328060,2021-01-01,0.731543,0.752465,0.714288,0.020922,B+N+Q,B+N+Q,automatic,multiple_areas,,1,1
W4394558568,Temporal and spatial patterns in the detection of veterinary drug residues in poultry and swine in Brazil,https://doi.org/10.6084/m9.figshare.20290832,2022-01-01,0.755307,0.793171,0.810005,0.016834,N+Q,N+Q,automatic,multiple_areas,,1,1
W4394602282,Greener Route for Recovery of High-Purity Lanthanides from the Waste of Nickel Metal Hydride Battery Using a Hydrophobic Deep Eutectic Solvent,https://doi.org/10.1021/acssuschemeng.3c07784,2024-04-09,0.690702,0.703738,0.774472,0.070734,Q,Q,automatic,,Q,1,1
W4394724436,Impact of nitrogen fertilizer sustainability on corn crop yield: the role of beneficial microbial inoculation interactions,https://doi.org/10.1186/s12870-024-04971-3,2024-04-11,0.854342,0.827908,0.798740,0.026434,B+N,B+N,automatic,multiple_areas,,1,1
W4394823896,Redox conditions and biochar pyrolysis temperature affecting As and Pb biogeochemical cycles and bacterial community of sediment from mining tailings,https://doi.org/10.1016/j.jhazmat.2024.134303,2024-04-15,0.749666,0.732720,0.758332,0.008666,B+N+Q,B+N+Q,automatic,multiple_areas;no_abstract,B,0,1
W4394857986,Gamma irradiation was able to degrade the glyphosate and aminomethylphosphonic acid (AMPA) from drinking water analyzed by LC-MS/MS,https://doi.org/10.1016/j.radphyschem.2024.111768,2024-04-14,0.715336,0.761147,0.766273,0.005126,N+Q,N+Q,automatic,multiple_areas;no_abstract,,0,1
W4394872117,Low zinc availability limits the response to phosphorus fertilization in cotton,https://doi.org/10.1002/jpln.202300453,2024-04-17,0.832436,0.799377,0.790499,0.033059,B+N+Q,B+N+Q,automatic,multiple_areas,,1,1
W4394873540,"Bioactives of Melipona rufiventris Propolis: Exploring its Antimicrobial, Anti‐Inflammatory, and Antioxidant Activities",https://doi.org/10.1002/cbdv.202302084,2024-04-17,0.766178,0.752045,0.780777,0.014599,B+N+Q,B+N+Q,automatic,multiple_areas,Q,1,1
W4394873801,How does active yeast supplementation reduce the deleterious effects of aflatoxins in Wistar rats? A radiolabeled assay and histopathological study,https://doi.org/10.1007/s11274-024-03981-5,2024-04-17,0.778008,0.776074,0.782803,0.004794,B+N+Q,B+N+Q,automatic,multiple_areas,,1,1
W4394928790,Do hurricanes or freezing events regulate the sustainability of subtropical mangroves on the Gulf of Mexico coast?,https://doi.org/10.1007/s10113-024-02225-4,2024-04-18,0.728382,0.734582,0.679061,0.006200,B+N,B+N,automatic,multiple_areas;no_abstract,,0,1
W4394984977,Enhancing plant resilience to pathogens through strategic breeding: Harnessing beneficial bacteria from the rhizosphere for progeny protection,https://doi.org/10.1016/j.rhisph.2024.100890,2024-04-21,0.861184,0.813149,0.780227,0.048035,B+N,B+N,automatic,multiple_areas,B,1,1
W4395005150,Stable isotopic composition of Bothrops atrox (common lancehead) in four distinct land covers in eastern Amazonia,https://doi.org/10.1111/btp.13325,2024-04-22,0.756241,0.792103,0.747007,0.035862,B+N+Q,B+N+Q,automatic,multiple_areas,N,1,1
W4395452712,GC-Olfactometric Analysis as a Tool for Comprehensive Characterization of Aromatic Profiles in Cocoa-Based Beverages with a Natural Chocolate Substitute,https://doi.org/10.3390/fermentation10050228,2024-04-25,0.760869,0.764822,0.810286,0.045464,B+N+Q,B+N+Q,automatic,multiple_areas,Q,1,1
W4395465925,"Growth and carbon turnover of Piaractus mesopotamicus Holmberg, 1887 (Osteicthyes: Characidae): contribution of extruded feed and natural food",https://doi.org/10.1590/0001-3765202420220805,2024-01-01,0.789145,0.806940,0.790130,0.016810,B+N+Q,B+N+Q,automatic,multiple_areas,N,1,1
W4395958841,Cyanopeptides occurrence and diversity in a Brazilian tropical reservoir: Exploring relationships with water quality,https://doi.org/10.1016/j.envpol.2024.124051,2024-04-28,0.819066,0.818054,0.819840,0.000774,B+N+Q,B+N+Q,automatic,multiple_areas,,1,1
W4396238528,New records on toxic cyanobacteria from Brazil: Exploring their occurrence and geography,https://doi.org/10.1016/j.scitotenv.2024.172689,2024-04-29,0.748778,0.739560,0.751003,0.002224,B+N+Q,B+N+Q,automatic,multiple_areas;no_abstract,,0,1
W4396569172,"Vadose Zone Journal Special Section: Soil physics in agricultural production, water resources, and waste management",https://doi.org/10.1002/vzj2.20343,2024-05-01,0.786345,0.809790,0.785258,0.023445,B+N+Q,B+N+Q,automatic,multiple_areas,N,1,1
W4396746192,A study on nickel application methods for optimizing soybean growth,https://doi.org/10.1038/s41598-024-58149-w,2024-05-08,0.849933,0.823835,0.818452,0.026098,B+N+Q,B+N+Q,automatic,multiple_areas,B,1,1
W4396831486,Different oil sources impacting brain lipid and transcriptome profiles of pigs,https://doi.org/10.1016/j.livsci.2024.105490,2024-05-11,0.778760,0.744393,0.760259,0.018501,B+N+Q,B+N+Q,automatic,multiple_areas,Q,1,1
W4396920622,Grazing exclusion-induced changes in soil fungal communities in a highly desertified Brazilian dryland,https://doi.org/10.1016/j.micres.2024.127763,2024-05-15,0.787761,0.768590,0.727303,0.019171,B+N,B+N,automatic,multiple_areas;no_abstract,B,0,1
W4396921972,Antimicrobial and antibiofilm activities of Brazilian organic honey against oral microorganisms,https://doi.org/10.1007/s42770-024-01343-9,2024-05-15,0.707706,0.709794,0.743797,0.034003,B+N+Q,B+N+Q,automatic,multiple_areas;no_abstract,Q,0,1
W4396999483,SWAP 50 years: Advances in modelling soil-water-atmosphere-plant interactions,https://doi.org/10.1016/j.agwat.2024.108883,2024-05-16,0.780503,0.805032,0.728190,0.024529,B+N,B+N,automatic,multiple_areas,N,1,1
W4398223084,Silicon-Mediated Adjustments in C:N:P Ratios for Improved Beetroot Yield under Ammonium-Induced Stress,https://doi.org/10.3390/agronomy14061104,2024-05-22,0.847138,0.795434,0.796291,0.050847,B,B,automatic,,B,1,1
W4398250089,PGPg_finder: A comprehensive and user-friendly pipeline for identifying plant growth-promoting genes in genomic and metagenomic data,https://doi.org/10.1016/j.rhisph.2024.100905,2024-05-23,0.862064,0.797639,0.777301,0.064424,B,B,automatic,no_abstract,B,0,1
W4398254464,"Unveiling the aluminum tolerance by Tithonia diversifolia grown in acid soil: Insights from morphological, anatomical, and nutritional analysis",https://doi.org/10.1002/ldr.5170,2024-05-23,0.839372,0.825908,0.804288,0.013464,B+N+Q,B+N+Q,automatic,multiple_areas,,1,1
W4399021811,Assessing nutritional quality and gas production kinetics: incorporating Tithonia diversifolia into sugarcane silage,https://doi.org/10.1007/s10457-024-01007-5,2024-05-25,0.772213,0.759921,0.762573,0.009640,B+N+Q,B+N+Q,automatic,multiple_areas;no_abstract,,0,1
W4399212333,Systems biology: from the fundamentals of complexity to applications in plant biology,https://doi.org/10.53660/clm-3569-24j22,2024-05-31,0.863777,0.816671,0.783284,0.047105,B+N,B+N,automatic,multiple_areas,B,1,1
W4399258728,"Lethal and behavioral effects of semi-purified microcystins, Micropeptin and apolar compounds from cyanobacteria on freshwater microcrustacean Thamnocephalus platyurus",https://doi.org/10.1016/j.aquatox.2024.106983,2024-06-01,0.761194,0.746248,0.762537,0.001343,B+N+Q,B+N+Q,automatic,multiple_areas,,1,1
W4399271698,Interaction between methanotrophy and gastrointestinal nematodes infection on the rumen microbiome of lambs,https://doi.org/10.1093/femsec/fiae083,2024-05-14,0.778961,0.741184,0.723154,0.037777,B+N,B+N,automatic,multiple_areas,B,1,1
W4399280792,The double-edged sword of potassium and sodium fertilization in xylem embolism resistance of two Eucalyptus species under drought stress,https://doi.org/10.1093/jxb/erae258,2024-06-01,0.820046,0.786216,0.761129,0.033829,B+N,B+N,automatic,multiple_areas,,1,1
W4399290630,Greenhouse gas fluxes in brazilian climate-smart agricultural and livestock systems: A systematic and critical overview,https://doi.org/10.1016/j.jclepro.2024.142782,2024-06-03,0.786415,0.809104,0.752469,0.022690,B+N,B+N,automatic,multiple_areas;no_abstract,,0,1
W4399327018,Bacterial genomes recovered from litter’s metagenomes in Amazonian Dark Earths,https://doi.org/10.1128/mra.00422-24,2024-06-04,0.794965,0.758377,0.739496,0.036588,B+N,B+N,automatic,multiple_areas,,1,1
W4399401237,Genomic decoding of Theobroma grandiflorum (cupuassu) at chromosomal scale: evolutionary insights for horticultural innovation,https://doi.org/10.1093/gigascience/giae027,2024-01-01,0.843362,0.794213,0.753018,0.049149,B+N,B+N,automatic,multiple_areas,B,1,1
W4399445982,BRAZILIAN ORGANIC PROPOLIS FOR PREVENTION AND TREATMENT OF RADIATION-RELATED ORAL ACUTE TOXICITIES: A CLINICAL TRIAL.,https://doi.org/10.1016/j.oooo.2023.12.625,2024-06-01,0.709210,0.736690,0.746724,0.010033,B+N+Q,B+N+Q,automatic,multiple_areas;no_abstract,Q,0,1
W4399463946,Interactive Effects of Bacterial Consortia and Basal Nitrogen Fertilization on Initial Maize Growth: an Investigation Based on Physiological Parameters and 15N Isotopic Analysis,https://doi.org/10.1007/s00344-024-11365-0,2024-06-08,0.814138,0.794257,0.755434,0.019881,B+N,B+N,automatic,multiple_areas;no_abstract,,0,1
W4399490745,Agronomic Biofortification Increases Concentrations of Zinc and Storage Proteins in Cowpea Grains,https://doi.org/10.3390/agriculture14060911,2024-06-09,0.843649,0.809353,0.813377,0.030272,B+N+Q,B+N+Q,automatic,multiple_areas,,1,1
W4399576971,A single-step microdistillation procedure for the determination of total vicinal diketones in beers,https://doi.org/10.1016/j.microc.2024.110969,2024-06-12,0.697838,0.714724,0.787704,0.072980,Q,Q,automatic,no_abstract,Q,0,1
W4399661757,Understanding the complexities in glyphosate and ametryn interactions: Soil retention and transformation as influenced by their applications alone and mixture,https://doi.org/10.1016/j.cropro.2024.106803,2024-06-14,0.767685,0.768232,0.763129,0.000547,B+N+Q,B+N+Q,automatic,multiple_areas;no_abstract,,0,1
W4399675250,The impact of land-use changes and management intensification on bacterial communities in the last decade: a review,https://doi.org/10.1128/aem.00309-24,2024-06-14,0.866756,0.843013,0.807379,0.023744,B+N,B+N,automatic,multiple_areas,B,1,1
W4399782906,Facilitating Seed Iron Uptake through Amine-Epoxide Microgels: A Novel Approach to Enhance Cucumber ( Cucumis sativus ) Germination,https://doi.org/10.1021/acs.jafc.4c01522,2024-06-18,0.821578,0.805403,0.825424,0.003845,B+N+Q,B+N+Q,automatic,multiple_areas,,1,1
W4399786887,Ecological transcriptomics reveals stress response pathways of a ground‐herb species in a waterlogging gradient of Amazonian riparian forests,https://doi.org/10.1111/mec.17437,2024-06-17,0.848400,0.812348,0.766227,0.036052,B+N,B+N,automatic,multiple_areas,B,1,1
W4399922247,What is the most effective analytical method for quantification and identification of microplastics in contaminated soils?,https://doi.org/10.1007/s10653-024-02082-4,2024-06-22,0.712188,0.748899,0.779271,0.030372,N+Q,N+Q,automatic,multiple_areas;no_abstract,,0,1
W4400085057,Ruminant Grazing Lands in the Tropics: Silvopastoral Systems and Tithonia diversifolia as Tools with Potential to Promote Sustainability,https://doi.org/10.3390/agronomy14071386,2024-06-27,0.808880,0.815758,0.768355,0.006878,B+N+Q,B+N+Q,automatic,multiple_areas,,1,1
W4400102275,Fine root production and decomposition of integrated plants under intensified farming systems in Brazil,https://doi.org/10.1016/j.rhisph.2024.100930,2024-06-26,0.839089,0.837101,0.789473,0.001988,B+N+Q,B+N+Q,automatic,multiple_areas,B,1,1
W4400294546,Pre-emergence herbicides mixture in soybeans:Amaranthus hybriduscontrol and crop selectivity on cover crops soil,https://doi.org/10.1080/03601234.2024.2372920,2024-07-03,0.739338,0.752833,0.727401,0.013495,B+N+Q,B+N+Q,automatic,multiple_areas,,1,1
W4400347889,The importance of model structure and soil data detail on the simulations of crop growth and water use: A case study for sugarcane,https://doi.org/10.1016/j.agwat.2024.108938,2024-07-05,0.802572,0.825233,0.746528,0.022661,B+N,B+N,automatic,multiple_areas,N,1,1
W4400460142,The role of microbial communities in biogeochemical cycles and greenhouse gas emissions within tropical soda lakes,https://doi.org/10.1016/j.scitotenv.2024.174646,2024-07-08,0.781623,0.771652,0.755520,0.009971,B+N+Q,B+N+Q,automatic,multiple_areas;no_abstract,B,0,1
W4400475773,How can the inflection point of the water retention curve and the soil physical attributes be used to forecast field capacity?1,https://doi.org/10.1590/1983-40632024v5478125,2024-01-01,0.744829,0.792895,0.741105,0.048066,B+N,B+N,automatic,multiple_areas,,1,1
W4400580503,Development and characterization of enhanced urea through micronutrients and established technology addition,https://doi.org/10.1002/agj2.21635,2024-07-12,0.800448,0.798656,0.825900,0.025452,B+N+Q,B+N+Q,automatic,multiple_areas,,1,1
W4400620897,Profile of mineral nutrients and proteins in soybean seeds (Glycine max (L.) Merrill): Insights from 95 varieties cultivated in Brazil,https://doi.org/10.1016/j.jfca.2024.106536,2024-07-14,0.798797,0.776779,0.798203,0.000593,B+N+Q,B+N+Q,automatic,multiple_areas;no_abstract,,0,1
W4400668243,Exploring the biodiversity of Antarctic cyanobacteria: A review of secondary metabolites and their applications,https://doi.org/10.1016/j.algal.2024.103617,2024-07-15,0.792544,0.757760,0.788279,0.004265,B+N+Q,B+N+Q,automatic,multiple_areas,,1,1
W4400734788,Methane-cycling microbial communities from Amazon floodplains and upland forests respond differently to simulated climate change scenarios,https://doi.org/10.1186/s40793-024-00596-z,2024-07-17,0.808362,0.800919,0.750323,0.007443,B+N,B+N,automatic,multiple_areas,B,1,1
W4400803994,Organic matter decay and bacterial community succession in mangroves under simulated climate change scenarios,https://doi.org/10.1007/s42770-024-01455-2,2024-07-19,0.799092,0.781374,0.759927,0.017718,B+N+Q,B+N+Q,automatic,multiple_areas,,1,1
W4400948324,NUTRITIONAL VALUE AND IN VITRO DRY MATTER DEGRADABILITY IN MEXICAN SUNFLOWER: Tithonia diversifolia Helms (Gray),https://doi.org/10.56369/tsaes.5211,2024-07-15,0.838044,0.838399,0.839005,0.000607,B+N+Q,B+N+Q,automatic,multiple_areas,,1,1
W4401013560,Açai seed biochar improves soil quality and black pepper seedling development in the Amazon region,https://doi.org/10.1016/j.jenvman.2024.121752,2024-07-26,0.817890,0.809215,0.799940,0.008675,B+N+Q,B+N+Q,automatic,multiple_areas;no_abstract,,0,1
W4401097597,Hydro-pedotransfer functions: a roadmap for future development,https://doi.org/10.5194/hess-28-3391-2024,2024-07-29,0.794409,0.824787,0.764701,0.030378,B+N,B+N,automatic,multiple_areas,N,1,1
W4401132942,Canopy-Radiation Balance Method to Assess Daily Actual Evapotranspiration: Applications in Brazil’s Caatinga Forest,https://doi.org/10.1061/jhyeff.heeng-6210,2024-07-30,0.763033,0.822183,0.734560,0.059150,N,N,automatic,,N,1,1
W4401317269,Utilising free comments and textual analysis to identify knowledge and acceptance of functional dairy products: A Brazilian perspective,https://doi.org/10.1111/1471-0307.13126,2024-08-04,0.725492,0.724723,0.769649,0.044157,B+N+Q,B+N+Q,automatic,multiple_areas,Q,1,1
W4401392393,Unlocking Biological Activity and Metabolomics Insights: Primary Screening of Cyanobacterial Biomass from a Tropical Reservoir,https://doi.org/10.1002/etc.5962,2024-08-07,0.815767,0.784947,0.821396,0.005629,B+N+Q,B+N+Q,automatic,multiple_areas,,1,1
W4401411802,Phosphorus cycling from residual pools underlying efficient P fertilization in rotation systems in tropical agriculture,https://doi.org/10.1016/j.still.2024.106255,2024-08-08,0.791328,0.786210,0.766042,0.005118,B+N+Q,B+N+Q,automatic,multiple_areas;no_abstract,,0,1
W4401533122,"Understanding the effects of lithium exposure on castor bean (Ricinus communis) plants, a potential bioindicator of lithium-contaminated areas",https://doi.org/10.1007/s11356-024-34680-1,2024-08-13,0.792001,0.784755,0.781453,0.007246,B+N+Q,B+N+Q,automatic,multiple_areas;no_abstract,,0,1
W4401545567,Differential recruitment of plant growth-promoting bacteria community by soybean rhizosphere in no-tillage and integrated crop-livestock,https://doi.org/10.1016/j.rhisph.2024.100948,2024-08-13,0.824059,0.771115,0.760577,0.052943,B,B,automatic,no_abstract,B,0,1
W4401586709,Biodiversity and community structures of fungi and bacteria in soils under a crop-livestock integration system,https://doi.org/10.1016/j.apsoil.2024.105565,2024-08-14,0.812591,0.800593,0.767455,0.011998,B+N+Q,B+N+Q,automatic,multiple_areas;no_abstract,B,0,1
W4401761836,Influence of soil properties on 14C-Saflufenacil behavior: Sorption and mobility study,https://doi.org/10.51694/advweedsci/2024;42:00013,2024-01-01,0.773352,0.805104,0.796869,0.008235,B+N+Q,B+N+Q,automatic,multiple_areas,,1,1
W4401843347,Chronology of colonization of the nematophagous fungus Duddingtonia flagrans in sheep pastures,https://doi.org/10.54033/cadpedv21n8-215,2024-08-23,0.753707,0.773103,0.728599,0.019396,B+N+Q,B+N+Q,automatic,multiple_areas,,1,1
W4401851204,Does the inclusion of crop and forestry components in forage‐based systems affect the ruminal fermentation and methane production of Marandu palisadegrass?,https://doi.org/10.1111/gfs.12690,2024-08-23,0.789927,0.784014,0.760438,0.005913,B+N+Q,B+N+Q,automatic,multiple_areas,,1,1
W4401914232,The effect of substrate concentration on the methane-driven interaction network,https://doi.org/10.1016/j.ejsobi.2024.103665,2024-08-27,0.826818,0.790815,0.765739,0.036003,B+N,B+N,automatic,multiple_areas,B,1,1
W4401931038,Evaluation of physicochemical parameters as indicators of diesel adulteration,https://doi.org/10.1016/j.heliyon.2024.e36945,2024-08-26,0.704201,0.754228,0.785063,0.030835,N+Q,N+Q,automatic,multiple_areas,N,1,1
W4402080173,Immunohistochemistry analyses of the abomasal mucosa show differences in cellular-mediated immune responses to Haemonchus contortus infection in resistant and susceptible young lambs,https://doi.org/10.1016/j.dci.2024.105259,2024-08-30,0.697720,0.687802,0.677184,0.009918,B+N+Q,B+N+Q,automatic,multiple_areas;no_abstract,,0,1
W4402131077,The use of infrared thermography as an indicator of methane production in hair sheep,https://doi.org/10.1007/s11250-024-04096-7,2024-09-01,0.718989,0.764228,0.746985,0.017244,B+N+Q,B+N+Q,automatic,multiple_areas;no_abstract,,0,1
W4402216747,Spectrophotometric determination of bisphenol A in beverages using multi-dispersion calibration,https://doi.org/10.1016/j.foodcont.2024.110851,2024-09-04,0.699294,0.739679,0.815772,0.076093,Q,Q,automatic,no_abstract,Q,0,1
W4402347825,Neutron activation analysis for development of organic coffee leaves reference material,https://doi.org/10.1007/s10967-024-09745-7,2024-09-09,0.720669,0.759423,0.802911,0.043488,N+Q,N+Q,automatic,multiple_areas;no_abstract,,0,1
W4402449671,Exploring the toxicity profile of coriander ( C. sativum L.) essential oil: implications for translational toxicological research,https://doi.org/10.1080/01480545.2024.2397708,2024-09-10,0.778689,0.773191,0.797003,0.018314,B+N+Q,B+N+Q,automatic,multiple_areas,Q,1,1
W4402487063,Optimization of Ultrasonic-Assisted Extraction of Phenolic Compounds and Antioxidant Activity from Araticum Peel Using Response Surface Methodology,https://doi.org/10.3390/plants13182560,2024-09-12,0.753936,0.763020,0.812124,0.049104,N+Q,N+Q,automatic,multiple_areas,Q,1,1
W4402536981,Glyphosate isolado e em associação com herbicida para o controle e seletividade de plantas daninhas na cultura do algodão RF,https://doi.org/10.56238/levv15n39-131,2024-09-03,0.801672,0.815965,0.806440,0.009525,B+N+Q,B+N+Q,automatic,multiple_areas,,1,1
W4402541268,"PSXI-13 Effects of corn containing gene for high concentration of alpha amylase (Enogen Feed corn) on fermentative parameters, digestibility and methane in vitro",https://doi.org/10.1093/jas/skae234.851,2024-09-01,0.798171,0.807609,0.814785,0.007176,B+N+Q,B+N+Q,automatic,multiple_areas,,1,1
W4402541735,"PSXI-12 Effects of Flint corn with or without high concentration of amylase and particle size on in vitro fermentation parameters, gas production and methane emission",https://doi.org/10.1093/jas/skae234.871,2024-09-01,0.794981,0.806995,0.817609,0.010613,B+N+Q,B+N+Q,automatic,multiple_areas,,1,1
W4402541740,PSXI-14 Effects of diets with high and low inclusion of corn with or without high concentration of amylase on in vitro fermentative parameters and gas production,https://doi.org/10.1093/jas/skae234.850,2024-09-01,0.803717,0.812169,0.814916,0.002748,B+N+Q,B+N+Q,automatic,multiple_areas,,1,1
W4402564883,In situ determination of soybean leaves nutritional status by portable X-ray fluorescence: An initial approach for data collection and predictive modelling,https://doi.org/10.1016/j.biosystemseng.2024.09.011,2024-09-17,0.801280,0.813929,0.824978,0.011049,B+N+Q,B+N+Q,automatic,multiple_areas;no_abstract,,0,1
W4402627271,Potential functional profiling of soil microbial communities under long-term application of tannery sludge,https://doi.org/10.1016/j.soilad.2024.100021,2024-09-19,0.829621,0.804137,0.814874,0.014747,B+N+Q,B+N+Q,automatic,multiple_areas,B,1,1
W4402649950,Do XRF local models have temporal stability for predicting plant-available nutrients in different years? A long-term study showing the effect of soil fertility management in a tropical field,https://doi.org/10.1016/j.still.2024.106307,2024-09-19,0.811835,0.832743,0.805740,0.020908,B+N+Q,B+N+Q,automatic,multiple_areas;no_abstract,,0,1
W4402660658,Yogurt enriched with nanoencapsulated anthocyanins: Effects on the modulation of the gut microbiota and its influence on health,https://doi.org/10.1016/j.crfs.2024.100857,2024-01-01,0.727887,0.703783,0.756627,0.028740,B+Q,B+Q,automatic,multiple_areas,Q,1,1
W4402664745,Fermentation and Nutritive Value of Pineapple Stubble Silage Supplemented with Leucaena Hay,https://doi.org/10.3390/agronomy14092140,2024-09-20,0.765961,0.764796,0.771040,0.005079,B+N+Q,B+N+Q,automatic,multiple_areas,,1,1
W4402747013,Association of NBPT and Zinc Sources into Urea: A New Approach to Slow Down Nitrogen Releasing and Reduce Losses,https://doi.org/10.1007/s42729-024-02017-z,2024-09-23,0.797154,0.786084,0.805235,0.008082,B+N+Q,B+N+Q,automatic,multiple_areas;no_abstract,,0,1
W4402749336,Effect of Physical Separation with Ultrasound Application on Brewers’ Spent Grain to Obtain Powders for Potential Application in Foodstuffs,https://doi.org/10.3390/foods13183000,2024-09-22,0.754153,0.791174,0.837804,0.046629,N+Q,N+Q,automatic,multiple_areas,Q,1,1
W4402758024,Elemental profile of Ipê species to support timber tracing in Amazon Rainforest,https://doi.org/10.1016/j.tfp.2024.100689,2024-09-24,0.792728,0.818978,0.821475,0.002497,B+N+Q,B+N+Q,automatic,multiple_areas,,1,1
W4402883665,Bee pollen from bracatinga (Mimosa scabrella): Effects of gastrointestinal digestion and epithelial transport in vitro on phenolic profile and bioactivities,https://doi.org/10.1016/j.foodres.2024.115142,2024-09-26,0.754106,0.739971,0.778911,0.024804,B+N+Q,B+N+Q,automatic,multiple_areas;no_abstract,Q,0,1
W4402970091,Influence of livelihood functional diversity on agro-food systems in rural communities from different macro regions of Brazil,https://doi.org/10.1016/j.indic.2024.100495,2024-09-30,0.783260,0.802789,0.761031,0.019529,B+N+Q,B+N+Q,automatic,multiple_areas,N,1,1
W4403116706,A multicommuted flow system with a solid–liquid extraction chamber to extract and quantify total phenolic compounds from solid samples,https://doi.org/10.1016/j.microc.2024.111852,2024-10-05,0.738986,0.764717,0.847149,0.082431,Q,Q,automatic,no_abstract,Q,0,1
W4403134441,"First report of infestation by Planococcus citri (Risso, 1813) (Hemiptera: Pseudococcidae) on Cyperus esculentus (Poales: Cyperaceae)",https://doi.org/10.1590/1519-6984.284933,2024-01-01,0.763094,0.771366,0.736529,0.008272,B+N+Q,B+N+Q,automatic,multiple_areas,,1,1
W4403193536,Phthalocyanine derivative attenuates TNF ‐α production in macrophage culture and prevents alveolar bone loss in experimental periodontitis,https://doi.org/10.1111/jre.13341,2024-10-07,0.737359,0.715047,0.760189,0.022830,B+N+Q,B+N+Q,automatic,multiple_areas,Q,1,1
W4403255371,Caatinga Microbiome Initiative: disentangling the soil microbiome across areas under desertification and restoration in the Brazilian drylands,https://doi.org/10.1111/rec.14298,2024-10-09,0.827985,0.809108,0.767833,0.018877,B+N,B+N,automatic,multiple_areas,B,1,1
W4403439306,Raw feedstock vs. biochar from olive stone: Impact on the sorption–desorption of diclosulam and tropical soil improvement,https://doi.org/10.1080/03601234.2024.2414360,2024-10-14,0.779689,0.791700,0.814109,0.022409,B+N+Q,B+N+Q,automatic,multiple_areas,,1,1
W4403634051,Geographic variability of carbon and nitrogen isotope ratios of nonvolant terrestrial small mammals (Rodentia) across 3 Brazilian biomes,https://doi.org/10.1093/jmammal/gyae115,2024-10-22,0.782644,0.794422,0.751848,0.011779,B+N+Q,B+N+Q,automatic,multiple_areas,N,1,1
W4403663797,Bioinformatic insights into sugar signaling pathways in sugarcane growth,https://doi.org/10.1038/s41598-024-75220-8,2024-10-22,0.843776,0.766750,0.735639,0.077027,B,B,automatic,,B,1,1
W4403695639,Genetic variability increase by gamma irradiation of soybean seeds,https://doi.org/10.1016/j.apradiso.2024.111563,2024-10-23,0.753324,0.791314,0.732357,0.037990,B+N,B+N,automatic,multiple_areas;no_abstract,N,0,1
W4403765458,"VEGETABLE COVERAGE, ANTHROPOGENIC ACTION, AND PALEOCLIMATES IN THE CAATINGA",https://doi.org/10.4215/rm2023.e22011,2023-12-31,0.802459,0.819525,0.760672,0.017066,B+N,B+N,automatic,multiple_areas,,1,1
W4403908464,ÍNDICE DE RISCO AMBIENTAL DOS PRINCIPAIS HERBICIDAS UTILIZADOS NO ESTADO DE MATO GROSSO,https://doi.org/10.56238/arev6n2-151,2024-10-17,0.783931,0.820864,0.813029,0.007835,B+N+Q,B+N+Q,automatic,multiple_areas,,1,1
W4403909105,Genetic resistance to Fusarium wilt shapes rhizospheric beneficial microbiota in four banana cultivars,https://doi.org/10.1016/j.rhisph.2024.100988,2024-10-30,0.824747,0.780115,0.746402,0.044632,B+N,B+N,automatic,multiple_areas;no_abstract,B,0,1
W4403922294,"Gamma ray irradiation on Swiss cheese estates ( Monstera adansonii ): growth, development, and variation",https://doi.org/10.1080/09553002.2024.2418509,2024-10-30,0.763931,0.800532,0.750294,0.036600,B+N,B+N,automatic,multiple_areas,,1,1
W4403935530,Differential effects of fresh and composted organic wastes on soil bacterial community and maize growth,https://doi.org/10.1016/j.apsoil.2024.105715,2024-10-31,0.799565,0.778032,0.772636,0.021533,B+N+Q,B+N+Q,automatic,multiple_areas;no_abstract,B,0,1
W4403971220,Novel apocynin regulates TRPV1 activity in the trigeminal system and controls pain in a temporomandibular joint neurogenic model,https://doi.org/10.1016/j.ejphar.2024.177093,2024-11-01,0.715193,0.679445,0.696063,0.019131,B+N+Q,B+N+Q,automatic,multiple_areas;no_abstract,Q,0,1
W4403999777,Unveiling contribution and fate of nitrogen with 15N techniques affected by microbial co-inoculation on field-grown maize: A novel approach to optimize N-fertilizer use efficiency,https://doi.org/10.1016/j.plaphy.2024.109261,2024-11-02,0.817711,0.797501,0.774617,0.020210,B+N+Q,B+N+Q,automatic,multiple_areas;no_abstract,,0,1
W4404047810,Treating Tropical Soils with Composted Sewage Sludge Reduces the Mineral Fertilizer Requirements in Sugarcane Production,https://doi.org/10.3390/land13111820,2024-11-02,0.812462,0.804070,0.795155,0.008392,B+N+Q,B+N+Q,automatic,multiple_areas,,1,1
W4404092093,Phytoremediation of microcystins using Myriophyllum aquaticum can prevent sublethal effects in a Neotropical freshwater catfish,https://doi.org/10.5327/z2176-94782172,2024-11-06,0.782232,0.769639,0.788183,0.005951,B+N+Q,B+N+Q,automatic,multiple_areas,,1,1
W4404122363,Florida mangrove dieback on a decadal and centennial timescales,https://doi.org/10.1016/j.scitotenv.2024.177345,2024-11-07,0.747077,0.770043,0.723923,0.022966,B+N+Q,B+N+Q,automatic,multiple_areas;no_abstract,,0,1
W4404198264,Ultrasound technology supplements zinc in soybean seeds and increases the photosynthetic efficiency of seedlings,https://doi.org/10.1016/j.compag.2024.109619,2024-11-09,0.817841,0.790709,0.796324,0.021517,B+N+Q,B+N+Q,automatic,multiple_areas;no_abstract,N,0,1
W4404277036,"Soil Dynamics in Carbon, Nitrogen, and Enzyme Activity Under Maize–Green Manure Cropping Sequences",https://doi.org/10.3390/soilsystems8040115,2024-11-12,0.833119,0.820501,0.790636,0.012618,B+N+Q,B+N+Q,automatic,multiple_areas,,1,1
W4404429995,Quality control material of bovine tail hair for multi-element analysis,https://doi.org/10.1007/s10967-024-09856-1,2024-11-15,0.716374,0.754644,0.797192,0.042548,N+Q,N+Q,automatic,multiple_areas;no_abstract,,0,1
W4404509019,Environmentally friendly LLME-LTP of the bisphenol A from bovine milk samples,https://doi.org/10.1080/00387010.2024.2429462,2024-11-18,0.723124,0.748803,0.825006,0.076203,Q,Q,automatic,,Q,1,1
W4404517403,The effect of Tithonia diversifolia in a silvopastoral system with Urochloa brizantha cv. Xaraés,https://doi.org/10.1071/cp24148,2024-11-19,0.795040,0.793757,0.760067,0.001283,B+N+Q,B+N+Q,automatic,multiple_areas,,1,1
W4404518686,Effects of sugarcane cultivation on the carbon dioxide dynamics of tropical headwater streams,https://doi.org/10.1080/20442041.2024.2431400,2024-11-19,0.829828,0.837550,0.787612,0.007721,B+N+Q,B+N+Q,automatic,multiple_areas,N,1,1
W4404578039,Field dissipation and leaching potential of indaziflam in soil columns from coffee-cultivated areas with different soil cover materials,https://doi.org/10.51694/advweedsci/2024;42:00030,2024-01-01,0.750465,0.779431,0.770652,0.008779,B+N+Q,B+N+Q,automatic,multiple_areas,,1,1
W4404629863,Forage ecology of Neotropical fish in Brazilian biomes using stable isotopes,https://doi.org/10.1016/j.scitotenv.2024.177682,2024-11-23,0.750612,0.784636,0.735296,0.034024,B+N+Q,B+N+Q,automatic,multiple_areas;no_abstract,N,0,1
W4404676267,Education of 21st century: A proposal of flipped classroom strategy to teach Soil Biology,https://doi.org/10.36783/18069657rbcs20240062,2024-01-01,0.754756,0.737634,0.727391,0.017122,B+N+Q,B+N+Q,automatic,multiple_areas,B,1,1
W4404744319,Bridging the Python Training Gap for Bioscientists in Brazil: Improvements and Challenges,https://doi.org/10.1002/bmb.70071,2026-07-01,0.791055,0.765590,0.729724,0.025466,B+N,B+N,automatic,multiple_areas,B,1,1
W4404772858,Combined use of NBPT and micronutrients in granulated or coated urea: A new approach to reduce ammonia volatilization losses from soil,https://doi.org/10.1111/sum.13148,2024-10-01,0.795709,0.787479,0.801684,0.005975,B+N+Q,B+N+Q,automatic,multiple_areas,,1,1
W4404850926,A gist of current understanding about soil-plant boron nutritional status in eucalyptus: a bibliometric review,https://doi.org/10.1590/1678-992x-2023-0186,2024-11-29,0.844832,0.823173,0.816044,0.021659,B+N+Q,B+N+Q,automatic,multiple_areas,,1,1
W4404890764,Breeding-induced changes in the rhizosphere microbial communities in Lima bean (Phaseolus lunatus),https://doi.org/10.1016/j.apsoil.2024.105782,2024-12-01,0.833437,0.798763,0.771589,0.034673,B+N,B+N,automatic,multiple_areas;no_abstract,B,0,1
W4405142688,Slash-and-burn agriculture disrupts the carbon storage potential and ecosystem multifunctionality of Amazon's secondary forests,https://doi.org/10.1016/j.agee.2024.109413,2024-12-07,0.786666,0.789056,0.746368,0.002390,B+N+Q,B+N+Q,automatic,multiple_areas;no_abstract,B,0,1
W4405280936,Disguised Blessings: A Mechanistic Understanding of the Beneficial Outcomes Triggered by Partial K Replacement With Na in Two Eucalyptus Species Under Drought Stress,https://doi.org/10.1111/pce.15316,2024-12-11,0.858798,0.806651,0.783535,0.052147,B,B,automatic,,B,1,1
W4405500503,Does Microplastic Contamination in Agricultural Soils Decrease the Efficiency of Herbicides for Weed Control?,https://doi.org/10.3390/microplastics3040048,2024-12-17,0.797704,0.798237,0.802724,0.004487,B+N+Q,B+N+Q,automatic,multiple_areas,,1,1
W4405532009,Flow-based determination of total mercury in waters by flameless atomic absorption spectrometry,https://doi.org/10.15343/0104-7809.202448e16392024i,2024-01-01,0.701566,0.740465,0.794681,0.054216,Q,Q,automatic,,,1,1
W4405534610,Determinação de mercúrio total em águas por espectrometria de absorção atômica sem chama baseada em fluxo,https://doi.org/10.15343/0104-7809.202448e16392024p,2024-01-01,0.732027,0.782928,0.824180,0.041252,N+Q,N+Q,automatic,multiple_areas,,1,1
W4405565163,Environmentally friendly procedure for determination of total furfurals in coffees exploiting digital image photometry,https://doi.org/10.1016/j.microc.2024.112543,2024-12-19,0.767510,0.792191,0.843497,0.051306,Q,Q,automatic,no_abstract,Q,0,1
W4405573689,Effect of chemical weed control in the soybean and maize production system in the floristic community in the Cerrado regions of central Minas Gerais state,https://doi.org/10.51694/advweedsci/2024;42:00032,2024-01-01,0.783547,0.788836,0.744434,0.005289,B+N+Q,B+N+Q,automatic,multiple_areas,,1,1
W4405583117,Soil pH modulates the activity of low-affinity methane oxidation in soils from the Amazon region,https://doi.org/10.1093/jambio/lxae303,2024-12-17,0.833131,0.815671,0.794626,0.017460,B+N+Q,B+N+Q,automatic,multiple_areas,,1,1
W4405736697,"Residual Effect of Silicate Agromineral Application on Soil Acidity, Mineral Availability, and Soybean Anatomy",https://doi.org/10.3390/agronomy15010005,2024-12-24,0.821944,0.808811,0.809217,0.012727,B+N+Q,B+N+Q,automatic,multiple_areas,,1,1
W4405821122,Balancing productivity and emissions: the role of Tithonia diversifolia in tropical silvopastoral system,https://doi.org/10.1007/s10457-024-01108-1,2024-12-26,0.799343,0.803855,0.758010,0.004511,B+N+Q,B+N+Q,automatic,multiple_areas;no_abstract,,0,1
W4405898656,UNIVERSIDADE DE VOLTA A ESCOLA,https://doi.org/10.31417/nexus.v10i15.320,2024-12-30,0.782336,0.798828,0.776666,0.016492,B+N+Q,B+N+Q,automatic,multiple_areas,,1,1
W4406192553,Phytoplankton composition and metabolomic profiles in aquaculture systems: A case study in Brazil's natural lakes,https://doi.org/10.1016/j.aquaculture.2025.742135,2025-01-08,0.820639,0.795553,0.811484,0.009155,B+N+Q,B+N+Q,automatic,multiple_areas;no_abstract,,0,1
W4406225941,Land uses modify isotopic composition in aquatic macroinvertebrates from semideciduous Atlantic Forest stream sites,https://doi.org/10.1007/s10201-024-00776-3,2025-01-09,0.770983,0.804036,0.754302,0.033054,B+N+Q,B+N+Q,automatic,multiple_areas;no_abstract,N,0,1
W4406240466,Harnessing plant growth-promoting bacteria (Herbaspirillum seropedicae) from an optimal mineral nitrogen supply: A study on improving nitrogen use efficiency in marandu palisadegrass,https://doi.org/10.1016/j.plaphy.2025.109497,2025-01-10,0.824820,0.779527,0.776196,0.045293,B+N+Q,B+N+Q,automatic,multiple_areas;no_abstract,,0,1
W4406311654,Field-scale modeling of root water uptake and crop growth in a tropical scenario,https://doi.org/10.1016/j.fcr.2025.109749,2025-01-13,0.759211,0.791854,0.706918,0.032643,B+N,B+N,automatic,multiple_areas;no_abstract,N,0,1
W4406378366,Root Development of Tomato Plants Infected by the Cacao Pathogen Moniliophthora perniciosa Is Affected by Limited Sugar Availability,https://doi.org/10.1111/pce.15385,2025-01-13,0.851531,0.800251,0.760652,0.051280,B,B,automatic,,B,1,1
W4406506867,Nitrogen uptake and physiological use efficiency in Brazilian sugarcane (Saccharum × spp.) cultivars: A gist of current understanding,https://doi.org/10.1016/j.sajb.2025.01.014,2025-01-17,0.813815,0.782543,0.763896,0.031272,B+N+Q,B+N+Q,automatic,multiple_areas;no_abstract,B,0,1
W4406526603,Foliar Application and Translocation of Radiolabeled Zinc Oxide Suspension vs. Zinc Sulfate Solution by Soybean Plants,https://doi.org/10.3390/agriculture15020197,2025-01-17,0.805767,0.807059,0.785747,0.001291,B+N+Q,B+N+Q,automatic,multiple_areas,,1,1
W4406538084,Harnessing the synergy of Urochloa brizantha and Amazonian Dark Earth microbiomes for enhanced pasture recovery,https://doi.org/10.1186/s12866-024-03741-3,2025-01-17,0.871846,0.834891,0.813485,0.036954,B+N,B+N,automatic,multiple_areas,,1,1
W4406606794,Collection of optimizations for untargeted metabolomics analysis of Leishmania promastigotes using gas chromatography-mass spectrometry,https://doi.org/10.1016/j.talanta.2025.127603,2025-01-20,0.744460,0.727306,0.762724,0.018264,B+N+Q,B+N+Q,automatic,multiple_areas;no_abstract,,0,1
W4406741345,Co-inoculation with Bacillus thuringiensis RZ2MS9 and rhizobia improves the soybean development and modulates soil functional diversity,https://doi.org/10.1093/femsec/fiaf013,2025-01-22,0.843972,0.789831,0.754643,0.054141,B,B,automatic,,B,1,1
W4406791080,Key genotype and soil parameters for sugarcane growth: A sensitivity analysis of the SAMUCA model in Brazilian agroecosystems,https://doi.org/10.1016/j.fcr.2025.109754,2025-01-24,0.800719,0.813753,0.753549,0.013033,B+N,B+N,automatic,multiple_areas;no_abstract,N,0,1
W4406822005,Development of a rapid X-ray fluorescence method for protein determination in soybean grains,https://doi.org/10.1016/j.foodchem.2025.143095,2025-01-25,0.770606,0.784580,0.800585,0.016005,B+N+Q,B+N+Q,automatic,multiple_areas;no_abstract,,0,1
W4406878025,Methodological tests using Amazonian soil samples for 14 C-AMS dating,https://doi.org/10.1017/rdc.2024.102,2025-01-27,0.761127,0.797227,0.786897,0.010330,B+N+Q,B+N+Q,automatic,multiple_areas,,1,1
W4407023628,Effect of roasting on chemical composition of coffee,https://doi.org/10.1016/j.foodchem.2025.143169,2025-01-31,0.728531,0.735819,0.796863,0.061045,Q,Q,automatic,no_abstract,Q,0,1
W4407071437,Assessing bimodal water retention functions of stony soils using curve fitting and inverse modeling,https://doi.org/10.1016/j.jhydrol.2025.132773,2025-02-02,0.704734,0.761131,0.716066,0.045065,N+Q,N+Q,automatic,multiple_areas;no_abstract,N,0,1
W4407071589,"Relationship between body temperature measured by infrared thermography and performance, feed efficiency and enteric gas emission of hair lambs",https://doi.org/10.1016/j.jtherbio.2025.104070,2025-01-01,0.692762,0.742138,0.736011,0.006127,B+N+Q,B+N+Q,automatic,multiple_areas;no_abstract,,0,1
W4407085877,Predicting bulk density in Brazilian soils for carbon stocks calculation: a comparative study of multiple linear regression and Random Forest models using continuous and categorical variables,https://doi.org/10.1007/s44378-025-00035-6,2025-02-03,0.805311,0.830168,0.785657,0.024857,B+N+Q,B+N+Q,automatic,multiple_areas,N,1,1
W4407142481,"Genotype-Specific Physiological Responses of Sugarcane to Potassium Deficiency: Integrating K Nutritional Efficiency, Photosynthesis-Related Parameters and Sugar Partitioning",https://doi.org/10.1007/s12355-025-01538-w,2025-02-04,0.811695,0.779069,0.753847,0.032626,B+N,B+N,automatic,multiple_areas;no_abstract,B,0,1
W4407151693,Evaluation of Grape Pomace Supplementation in Lamb Diets to Mitigate Haemonchus contortus Infection,https://doi.org/10.3390/agriculture15030341,2025-02-05,0.734853,0.754664,0.759181,0.004516,B+N+Q,B+N+Q,automatic,multiple_areas,,1,1
W4407219273,Trends in determining carbamates and dithiocarbamates in food samples,https://doi.org/10.1016/j.jfca.2025.107330,2025-02-06,0.708134,0.739479,0.804513,0.065034,Q,Q,automatic,no_abstract,Q,0,1
W4407243414,Differential stimulation of phosphorus-mobilizing bacteria by common bean genotypes in Amazonian Dark Earth and Agricultural Soils with varying fertility levels,https://doi.org/10.1016/j.rhisph.2025.101026,2025-02-08,0.841346,0.808829,0.809354,0.031991,B+N+Q,B+N+Q,automatic,multiple_areas;no_abstract,B,0,1
W4407428115,ICP OES combined with chemometric tools to differentiate green coffee beans in special or traditional,https://doi.org/10.1007/s00217-025-04664-7,2025-02-13,0.764033,0.784676,0.838906,0.054229,Q,Q,automatic,no_abstract,Q,0,1
W4407534490,Restoring unbalanced rhizosphere: microbiome transplants combatting leaf diseases,https://doi.org/10.1016/j.tplants.2025.01.011,2025-02-13,0.835900,0.782717,0.762312,0.053183,B,B,automatic,no_abstract,B,0,1
W4407591128,High Potassium Supply Detrimentally affects Nutrient use Efficiency and Photochemistry in Pinus spp. Seedlings,https://doi.org/10.1007/s42729-025-02306-1,2025-02-14,0.830469,0.797621,0.785487,0.032848,B+N+Q,B+N+Q,automatic,multiple_areas;no_abstract,,0,1
W4407597993,Potassium organomineral fertilizer alters the microbiome of a sandy loam tropical soil,https://doi.org/10.1016/j.apsoil.2025.105960,2025-02-15,0.835347,0.800617,0.806858,0.028489,B+N+Q,B+N+Q,automatic,multiple_areas;no_abstract,B,0,1
W4407821098,Biodiesel as a green alternative solvent in dispersive liquid-liquid microextraction,https://doi.org/10.1016/j.sampre.2025.100163,2025-02-01,0.763333,0.766382,0.832456,0.066075,Q,Q,automatic,,Q,1,1
W4407858071,"Ecological responses of the Atlantic Forest biodiversity hotspot to Holocene climate change: Insights from the Lagoa Canto Grande pollen record, Espirito Santo, coastal Brazil",https://doi.org/10.1002/jqs.3698,2025-02-22,0.742457,0.766392,0.709632,0.023935,B+N,B+N,automatic,multiple_areas,,1,1
W4407928716,Origin and rupture of a podzolized pedological system in the dissected coastal tablelands of the North coast of the state of Bahia,https://doi.org/10.1016/j.geodrs.2025.e00940,2025-02-26,0.744449,0.773702,0.745701,0.028001,B+N+Q,B+N+Q,automatic,multiple_areas;no_abstract,Q,0,1
W4407971227,Nano-Enabled Seed Treatment Using Bisepoxide-Polyoxypropylenetriamine Polymeric Gel with Different Embedded Zinc Sources,https://doi.org/10.3390/gels11030167,2025-02-26,0.828406,0.804975,0.837978,0.009572,B+N+Q,B+N+Q,automatic,multiple_areas,,1,1
W4408058976,The carbon-14 bomb peak as a turning point in dendrochronology in tropics: A literature review and case study with Araucaria angustifolia,https://doi.org/10.1016/j.dendro.2025.126310,2025-02-28,0.735284,0.768874,0.723337,0.033589,B+N+Q,B+N+Q,automatic,multiple_areas;no_abstract,,0,1
W4408091593,Identity Transitions of Tapetum Phases: Insights into Vesicular Dynamics and in Mortem Support During Pollen Maturation,https://doi.org/10.3390/plants14050749,2025-03-01,0.801554,0.753956,0.726241,0.047598,B+N,B+N,automatic,multiple_areas,B,1,1
W4408216032,Selectivity of herbicides applied in the post-emergence of industrial hemp ( Cannabis sativa L.),https://doi.org/10.1080/03601234.2025.2475647,2025-03-07,0.744493,0.746768,0.743519,0.002275,B+N+Q,B+N+Q,automatic,multiple_areas,,1,1
W4408219078,Linking soil microbial genomic features to forest-to-pasture conversion in the Amazon,https://doi.org/10.1128/spectrum.01561-24,2025-03-05,0.857890,0.821723,0.781369,0.036166,B+N,B+N,automatic,multiple_areas,,1,1
W4408251298,Kinetic determination of ethyl carbamate in sugarcane spirits exploiting digital videos,https://doi.org/10.1016/j.talanta.2025.127897,2025-03-05,0.744829,0.767784,0.819988,0.052204,Q,Q,automatic,no_abstract,Q,0,1
W4408262068,Alfalfa seeds biofortification with zinc for production of enriched sprouts,https://doi.org/10.1016/j.jtemin.2025.100230,2025-03-09,0.838067,0.826985,0.847189,0.009122,B+N+Q,B+N+Q,automatic,multiple_areas,,1,1
W4408346897,Restoration of soil health by Amazonian secondary forests is severely eroded by slash-and-burn recurrence,https://doi.org/10.1016/j.catena.2025.108925,2025-03-12,0.801906,0.805173,0.770504,0.003268,B+N+Q,B+N+Q,automatic,multiple_areas;no_abstract,B,0,1
W4408397881,RISCO AMBIENTAL DOS HERBICIDAS UTILIZADOS NA CULTURA DA SOJA EM MATO GROSSO,https://doi.org/10.56238/arev7n3-116,2025-03-13,0.802389,0.847905,0.823881,0.024024,B+N+Q,B+N+Q,automatic,multiple_areas,,1,1
W4408405888,Genetic consequences of domestication and refreshment on colonies of the South American fruit fly,https://doi.org/10.1111/1744-7917.70007,2025-03-13,0.784127,0.819338,0.746934,0.035211,B+N,B+N,automatic,multiple_areas,N,1,1
W4408408318,Metagenome-assembled bacterial genomes from long accurate reads associated with Capilliphycus salinus ALCB114379,https://doi.org/10.1128/mra.00807-24,2025-03-13,0.784300,0.727497,0.723779,0.056803,B,B,automatic,,,1,1
W4408490693,Thirsty for solutions: How potassium drives sugarcane's varietal-specific strategies for drought tolerance,https://doi.org/10.1016/j.plaphy.2025.109791,2025-03-16,0.845357,0.799728,0.773367,0.045629,B+N,B+N,automatic,multiple_areas;no_abstract,,0,1
W4408518113,Brazilian Organic Honeydew Reduces In Vitro and In Vivo Periodontal Disease-Related Subgingival Biofilm,https://doi.org/10.3390/foods14060997,2025-03-14,0.791527,0.772174,0.801745,0.010218,B+N+Q,B+N+Q,automatic,multiple_areas,Q,1,1
W4408530807,The addition of molybdenum to urea changes its characteristics and can react with N-(n-butyl) thiophosphoric triamide,https://doi.org/10.1590/1678-992x-2023-0295,2025-01-01,0.765324,0.774204,0.804185,0.029981,B+N+Q,B+N+Q,automatic,multiple_areas,,1,1
W4408665515,"Amine-Polyether-Epoxide Nanoplatform-Driven Seed Germination, Plant Growth, and Nutrient Uptake for Sustainable Agriculture",https://doi.org/10.1021/acsomega.4c11661,2025-03-20,0.827206,0.804971,0.826504,0.000702,B+N+Q,B+N+Q,automatic,multiple_areas,,1,1
W4408713542,"Indaziflam performance in coffee cultivation under different soil cover materials: agronomic efficacy, residual effect, and weed community",https://doi.org/10.1080/03601234.2025.2480476,2025-03-21,0.769163,0.788299,0.766733,0.019136,B+N+Q,B+N+Q,automatic,multiple_areas,,1,1
W4408763478,Co-occurrence network and predicted functions of bacterial community in soil from Brazilian Cerrado under distinct types of vegetation cover,https://doi.org/10.1007/s42974-025-00246-5,2025-03-22,0.804320,0.772913,0.751752,0.031407,B+N,B+N,automatic,multiple_areas;no_abstract,B,0,1
W4409183123,Short‐term effects of restoration on soil biological properties in degraded lands of the Brazilian semiarid region,https://doi.org/10.1111/rec.70060,2025-04-04,0.807710,0.821523,0.775713,0.013814,B+N+Q,B+N+Q,automatic,multiple_areas,B,1,1
W4409203498,"In vitro, field, and in vivo trials of Metarhizium anisopliae isolate IBCB425 against Haemonchus contortus",https://doi.org/10.1016/j.vetpar.2025.110460,2025-04-07,0.724699,0.734014,0.704473,0.009314,B+N+Q,B+N+Q,automatic,multiple_areas;no_abstract,,0,1
W4409252648,Use of energy dispersive X-ray fluorescence (EDXRF) spectrometry to determine external markers in animal intake estimation trials,https://doi.org/10.1016/j.microc.2025.113582,2025-04-08,0.747702,0.784654,0.821252,0.036598,N+Q,N+Q,automatic,multiple_areas;no_abstract,,0,1
W4409273794,Synergism of Bacillus subtilis and Azospirillum brasilense for enhanced N‐use efficiency and maize growth: Evidence from 15 N isotopic and physiological responses,https://doi.org/10.1111/ppl.70205,2025-03-01,0.857585,0.824242,0.793928,0.033343,B+N,B+N,automatic,multiple_areas,,1,1
W4409340098,Lima bean breeding changes the community of plant growth-promoting rhizobacteria in the rhizosphere,https://doi.org/10.1007/s13199-025-01048-z,2025-04-01,0.842703,0.789132,0.770615,0.053571,B,B,automatic,no_abstract,B,0,1
W4409345922,Leaf carbon isotope composition: a key proxy for scaling up the best candidates,https://doi.org/10.1093/jxb/eraf007,2025-04-09,0.829761,0.826867,0.773800,0.002893,B+N,B+N,automatic,multiple_areas,,1,1
W4409351938,Multi-isotope calibration strategy for trace elements determination in whole blood by inductively coupled plasma mass spectrometry,https://doi.org/10.1016/j.microc.2025.113628,2025-04-11,0.712723,0.729068,0.789530,0.060462,Q,Q,automatic,no_abstract,Q,0,1
W4409358787,Multivalent vaccine candidate from conserved immunogenic peptides in entry or exit proteins of Orthopoxvirus genus,https://doi.org/10.1038/s41598-025-96755-4,2025-04-11,0.693409,0.679177,0.680368,0.013041,B+N+Q,B+N+Q,automatic,multiple_areas,Q,1,1
W4409382539,Solid-liquid phase microextraction coupled to digital images for determination of dithiocarbamates in food samples,https://doi.org/10.1016/j.microc.2025.113614,2025-04-12,0.721905,0.761733,0.826355,0.064622,Q,Q,automatic,no_abstract,Q,0,1
W4409498258,Mechanistic modeling of root water uptake in tropical agriculture: a sensitivity analysis of drought stress dynamics,https://doi.org/10.1007/s11104-025-07452-0,2025-04-16,0.786281,0.804925,0.737502,0.018644,B+N,B+N,automatic,multiple_areas;no_abstract,N,0,1
W4409526913,How does in vitro gastrointestinal digestion affect the biological activities and phenolic profile of açaí (Euterpe oleracea) and inajá (Maximiliana maripa) by-products?,https://doi.org/10.1016/j.foodchem.2025.144364,2025-04-17,0.771084,0.770326,0.801365,0.030281,B+N+Q,B+N+Q,automatic,multiple_areas,Q,1,1
W4409534085,Effectiveness of red propolis extract as a natural antioxidant in frozen lamb burgers,https://doi.org/10.1016/j.meatsci.2025.109829,2025-04-17,0.709351,0.726568,0.787778,0.061210,Q,Q,automatic,no_abstract,Q,0,1
W4409546436,Functional adaptations of the rhizosphere microbiome for drought-tolerance promotion in common bean,https://doi.org/10.1016/j.stress.2025.100860,2025-04-17,0.864905,0.807493,0.780761,0.057412,B,B,automatic,,B,1,1
W4409588975,Holocene vegetation and soil changes in the driest region of caatinga dry forest – phytolith contribution,https://doi.org/10.1016/j.catena.2025.109016,2025-04-18,0.752461,0.769832,0.740455,0.017371,B+N+Q,B+N+Q,automatic,multiple_areas;no_abstract,,0,1
W4409677432,From policy to practice: the role of integrated systems in mitigating climate change in Brazil,https://doi.org/10.36560/18320252062,2025-04-22,0.803266,0.818569,0.759624,0.015304,B+N,B+N,automatic,multiple_areas,,1,1
W4409726270,"Alginate-based microcapsules loaded with Brazilian green propolis decrease reactive oxygen species production, reduce inflammatory cytokines, and mitigate intestinal inflammation",https://doi.org/10.1016/j.ijbiomac.2025.143357,2025-04-23,0.741513,0.722845,0.771087,0.029574,B+N+Q,B+N+Q,automatic,multiple_areas,Q,1,1
W4409733873,"Atmospheric herbicide contamination: sources, long-range transport, and health-environmental risks",https://doi.org/10.1007/s11869-025-01733-4,2025-04-24,0.750307,0.780490,0.784601,0.004111,B+N+Q,B+N+Q,automatic,multiple_areas;no_abstract,,0,1
W4409768838,Plant–microbe interactions: plants modulating their defenses,https://doi.org/10.1016/j.tplants.2025.04.001,2025-04-24,0.834895,0.778541,0.758405,0.056354,B,B,automatic,no_abstract,B,0,1
W4409802858,Production of tempe koro benguk using local starter and its implementation as a biotechnology module for high school students,https://doi.org/10.30821/biolokus.v7i2.3748,2024-12-15,0.785875,0.785681,0.792202,0.006327,B+N+Q,B+N+Q,automatic,multiple_areas,B,1,1
W4409859841,Mating compatibility among different wild and laboratory strains of the Brazil‐1 morphotype of Anastrepha fraterculus (Diptera: Tephritidae),https://doi.org/10.1111/1744-7917.70055,2025-04-27,0.729323,0.783770,0.707161,0.054447,N,N,automatic,,N,1,1
W4409964755,"Correlation Analysis Between Physical–Chemical and Biological Conditions in the River and the Incidence of Diseases in the City of Piracicaba, Brazil",https://doi.org/10.3390/toxics13050359,2025-04-30,0.750094,0.774248,0.772329,0.001919,B+N+Q,B+N+Q,automatic,multiple_areas,,1,1
W4410004869,"Haematococcus pluvialis bionanoparticles boost maize seedling health, serving as a sustainable seed priming agent and biostimulant for agriculture",https://doi.org/10.1111/ppl.70245,2025-05-01,0.864352,0.824589,0.831791,0.032561,B+N+Q,B+N+Q,automatic,multiple_areas,B,1,1
W4410049557,Soil carbon and nutrient stocks under intensified pasture and sugarcane expansion,https://doi.org/10.1007/s10705-025-10408-6,2025-05-03,0.788567,0.783066,0.756301,0.005501,B+N+Q,B+N+Q,automatic,multiple_areas;no_abstract,N,0,1
W4410071036,Bacterial Community in Sugarcane Rhizosphere Under Bacillus subtilis Inoculation and Straw Return,https://doi.org/10.3390/soilsystems9020044,2025-05-04,0.858461,0.800454,0.776303,0.058008,B,B,automatic,,B,1,1
W4410119461,"Vitamin D3 encapsulated in brewer's spent yeast through vacuum biosorption: Studies on the sorption isotherm, release kinetics into the gastrointestinal system, and colon fermentation",https://doi.org/10.1016/j.foodres.2025.116597,2025-05-06,0.760060,0.754091,0.810417,0.050357,Q,Q,automatic,no_abstract,Q,0,1
W4410414712,Bionematicides shape plant growth-promoting bacteria community in the sugarcane rhizosphere,https://doi.org/10.1016/j.rhisph.2025.101100,2025-05-15,0.819916,0.761197,0.735810,0.058719,B,B,automatic,no_abstract,B,0,1
W4410430048,Bacterial and nematode communities associated with soybean-cultivated soils from two native Brazilian biomes,https://doi.org/10.1016/j.apsoil.2025.106179,2025-05-16,0.800011,0.787857,0.743075,0.012155,B+N,B+N,automatic,multiple_areas;no_abstract,B,0,1
W4410431035,Efeitos da precipitação e da palhada no potencial de lixiviação de pyroxasulfone + flumioxazin,https://doi.org/10.54033/cadpedv22n7-161,2025-05-15,0.835895,0.871040,0.850164,0.020876,B+N+Q,B+N+Q,automatic,multiple_areas,,1,1
W4410610588,Bacillus species suppress Pratylenchus in roots and shape the bacterial community in the rhizosphere of lima bean,https://doi.org/10.1016/j.pmpp.2025.102753,2025-05-22,0.815498,0.778890,0.754067,0.036608,B+N,B+N,automatic,multiple_areas;no_abstract,B,0,1
W4410645244,Bacterial communities in the rhizosphere of common bean and maize respond distinctly to water deficit,https://doi.org/10.1007/s11104-025-07562-9,2025-05-23,0.836521,0.790120,0.761407,0.046401,B+N,B+N,automatic,multiple_areas;no_abstract,B,0,1
W4410734044,"Physicochemical characterization, determination of total concentration and estimation of bioaccessible fraction of elements in fruit functional flours",https://doi.org/10.1016/j.focha.2025.101016,2025-05-26,0.774210,0.801418,0.862935,0.061517,Q,Q,automatic,,Q,1,1
W4410747478,Microbial communities in the rhizosphere of tropical soils cultivated with maize as a function of nitrogen and phosphorus fertilizers,https://doi.org/10.1007/s42770-025-01695-w,2025-05-26,0.810587,0.773226,0.761750,0.037361,B+N+Q,B+N+Q,automatic,multiple_areas;no_abstract,B,0,1
W4410782578,Characterization of the absorption and translocation of 14C-glyphosate in Machaerium hirtum: a problematic arboreal weed in Brazilian pasture,https://doi.org/10.1007/s10967-025-10161-8,2025-05-27,0.766234,0.771289,0.755638,0.005055,B+N+Q,B+N+Q,automatic,multiple_areas;no_abstract,,0,1
W4410865643,Polyamine-Mediated Growth Regulation in Microalgae: Integrating Redox Balance and Amino Acids Pathway into Metabolic Engineering,https://doi.org/10.3390/synbio3020008,2025-05-28,0.813895,0.733286,0.746138,0.067757,B,B,automatic,,B,1,1
W4410893566,Araçá-Boi Extract and Gallic Acid Reduce Cell Viability and Modify the Expression of Tumor Suppressor Genes and Genes Involved in Epigenetic Processes in Ovarian Cancer,https://doi.org/10.3390/plants14111671,2025-05-30,0.749627,0.723702,0.760912,0.011285,B+N+Q,B+N+Q,automatic,multiple_areas,Q,1,1
W4410956890,Evaluating emerging contaminant removal efficiency: analytical methodology and implications for water treatment in the southeastern Brazilian Reservoir,https://doi.org/10.1080/1573062x.2025.2513549,2025-06-02,0.773381,0.804471,0.843386,0.038915,N+Q,N+Q,automatic,multiple_areas,,1,1
W4411014692,A progressive knowledge strategy for monitoring soil microbiological activity by microscale spectroscopic detection,https://doi.org/10.1016/j.soilad.2025.100058,2025-06-04,0.818065,0.808374,0.829434,0.011368,B+N+Q,B+N+Q,automatic,multiple_areas,,1,1
W4411018254,Flux-based plant water availability in tropical soils from Brazil,https://doi.org/10.1007/s44378-025-00066-z,2025-06-04,0.795490,0.839810,0.761684,0.044320,B+N,B+N,automatic,multiple_areas,N,1,1
W4411027690,Effect of Grape Pomace Inclusion in the Diet of Ewes Naturally Infected with Gastrointestinal Nematodes During Lactation,https://doi.org/10.3390/pathogens14060560,2025-06-04,0.750337,0.757911,0.771830,0.013918,B+N+Q,B+N+Q,automatic,multiple_areas,,1,1
W4411044455,Root architecture and the rhizosphere microbiome: Shaping sustainable agriculture,https://doi.org/10.1016/j.plantsci.2025.112599,2025-06-05,0.831962,0.788903,0.773877,0.043059,B+N,B+N,automatic,multiple_areas;no_abstract,B,0,1
W4411081630,Twelve-year residual effect of sewage sludge on the biogeochemical cycling of potentially toxic elements in tropical Eucalyptus plantation,https://doi.org/10.1016/j.foreco.2025.122863,2025-06-06,0.776536,0.770778,0.772509,0.004027,B+N+Q,B+N+Q,automatic,multiple_areas;no_abstract,,0,1
W4411100497,Gaps and strategies for accurate simulation of waterlogging impacts on crop productivity,https://doi.org/10.1038/s43016-025-01179-y,2025-06-06,0.750547,0.787366,0.712423,0.036819,B+N,B+N,automatic,multiple_areas;no_abstract,N,0,1
W4411149069,Frontiers in earth observation for global soil properties assessment linked to environmental and socio-economic factors,https://doi.org/10.1016/j.xinn.2025.100985,2025-06-09,0.806517,0.824232,0.792075,0.017715,B+N+Q,B+N+Q,automatic,multiple_areas,N,1,1
W4411255157,Modified wheat starch for the development of 3D-printed red propolis gels for dysphagic diets: phenolic content and bioactivities during in vitro gastrointestinal digestion,https://doi.org/10.1016/j.ijbiomac.2025.145240,2025-06-13,0.737813,0.739924,0.786221,0.046297,B+N+Q,B+N+Q,automatic,multiple_areas,Q,1,1
W4411257316,Optimizing Greenhouse Gas Emissions Studies with Functional Data Analysis in Tropical Land Uses,https://doi.org/10.1021/acsagscitech.4c00810,2025-06-13,0.797139,0.825314,0.785067,0.028175,B+N+Q,B+N+Q,automatic,multiple_areas,N,1,1
W4411382308,Genotypic-specific silicon uptake kinetics and ionomic modulation in common beans: implications for drought tolerance,https://doi.org/10.1007/s40626-025-00374-3,2025-06-17,0.841772,0.795723,0.804088,0.037684,B+N+Q,B+N+Q,automatic,multiple_areas;no_abstract,,0,1
W4411404815,Consumption of yogurts containing buriti pulp and fermented milks containing orange bagasse increases the response of the endogenous antioxidant system and the expression of heat shock proteins in healthy rats,https://doi.org/10.1016/j.foodres.2025.116904,2025-06-18,0.758039,0.748221,0.789957,0.031918,B+N+Q,B+N+Q,automatic,multiple_areas;no_abstract,Q,0,1
W4411407040,Photo-potentiometry: Sensing of sugars using a pH-probe coated with a film of intrinsically microporous polyamine containing graphitic carbon nitride photocatalyst,https://doi.org/10.1016/j.talanta.2025.128461,2025-06-18,0.737739,0.730877,0.787326,0.049588,B+Q,B+Q,automatic,multiple_areas,Q,1,1
W4411435107,Timing of Selenium Application Modulates Antioxidant Performance and Nutrient Balance in Micro-tom Plants Under Cadmium Stress,https://doi.org/10.1007/s00344-025-11754-z,2025-06-19,0.815154,0.766676,0.789071,0.026083,B+N+Q,B+N+Q,automatic,multiple_areas;no_abstract,,0,1
W4411437308,Insoluble-bound phenolics from calafate byproducts: Impact on redox status and oxidative protection in Caco-2 cells,https://doi.org/10.1016/j.foodres.2025.116878,2025-06-19,0.750029,0.724036,0.795529,0.045500,B+Q,B+Q,automatic,multiple_areas;no_abstract,Q,0,1
W4411483831,Spatial variation of stable hydrogen and oxygen isotopes in tap water in Brazil,https://doi.org/10.1016/j.scitotenv.2025.179952,2025-06-20,0.737366,0.793708,0.767548,0.026160,N+Q,N+Q,automatic,multiple_areas;no_abstract,N,0,1
W4411504150,Red propolis cream and its therapeutic potential for skin lesions caused by burns,https://doi.org/10.1016/j.burns.2025.107583,2025-06-21,0.676066,0.670910,0.714224,0.038158,B+N+Q,B+N+Q,automatic,multiple_areas;no_abstract,Q,0,1
W4411529396,Understanding the impacts of intensity and harvest frequency on Tithonia diversifolia for use in tropical silvopastoral systems,https://doi.org/10.1111/grs.70007,2025-06-22,0.797019,0.805877,0.765520,0.008858,B+N+Q,B+N+Q,automatic,multiple_areas,,1,1
W4411590476,Kinetics of 65Zn in Sheep Supplemented with Micro- and Nanoparticles of Zinc Oxide,https://doi.org/10.1007/s12011-025-04710-1,2025-06-24,0.758304,0.773878,0.802315,0.028436,B+N+Q,B+N+Q,automatic,multiple_areas,,1,1
W4411611362,Unraveling the Toxicity of a Non-Microcystin-Producing Strain (CCIBt3106) of Microcystis aeruginosa: Ecotoxicological Effects on Aquatic Invertebrates,https://doi.org/10.3390/toxins17070321,2025-06-24,0.790196,0.765126,0.787125,0.003070,B+N+Q,B+N+Q,automatic,multiple_areas,,1,1
W4411735433,Unfolding boron dynamics at the scale of soil-water-fertilizer-crop systems in the tropics: from soil availability to plant requirements,https://doi.org/10.1590/1678-992x-2023-0294,2025-01-01,0.849082,0.833524,0.813236,0.015558,B+N+Q,B+N+Q,automatic,multiple_areas,,1,1
W4411871595,Closed-vessel conductively heated digestion system with diluted nitric acid for the preparation of biomass and biochar samples,https://doi.org/10.1016/j.talanta.2025.128488,2025-07-01,0.781434,0.783232,0.846069,0.062838,Q,Q,automatic,no_abstract,Q,0,1
W4411933409,"Basalt rock dust as a soil remineralizer in upland rice grown in tropical soils: residual effects on soil fertility, Si availability, and leaf anatomy",https://doi.org/10.1016/j.jclepro.2025.146063,2025-07-02,0.814565,0.811180,0.812495,0.002071,B+N+Q,B+N+Q,automatic,multiple_areas;no_abstract,,0,1
W4411954839,Bioavailable strontium isoscape for the Amazon region using tree wood,https://doi.org/10.1016/j.foreco.2025.122963,2025-07-02,0.747998,0.788942,0.775191,0.013751,B+N+Q,B+N+Q,automatic,multiple_areas;no_abstract,N,0,1
W4412020466,Versatile LIBS calibration approach using metal:SPADNS/DTAB ion pairs immobilized on photographic paper,https://doi.org/10.1016/j.talanta.2025.128551,2025-07-04,0.710588,0.736222,0.798542,0.062320,Q,Q,automatic,no_abstract,Q,0,1
W4412041564,Genetic and biochemical diversity of terpene biosynthesis in cyanobacterial strains from tropical soda lakes,https://doi.org/10.3389/fmicb.2025.1582103,2025-07-04,0.835213,0.779318,0.782610,0.052603,B,B,automatic,,,1,1
W4412151493,Doxorubicin Stability-indicating Method and its Main Degradation Products In vitro Toxicity,https://doi.org/10.1208/s12248-025-01104-y,2025-07-08,0.649572,0.663968,0.727676,0.063708,Q,Q,automatic,no_abstract,,0,1
W4412380682,Impacts of Fertilization Management on Stand Development: a Tree-Ring Analysis of Pinus caribaea var. Hondurensis and Pinus taeda,https://doi.org/10.3959/trr2024-7,2025-07-14,0.779750,0.799755,0.749478,0.020005,B+N,B+N,automatic,multiple_areas,,1,1
W4412594217,The Rise of Eleusine indica as Brazil’s Most Troublesome Weed,https://doi.org/10.3390/agronomy15081759,2025-07-23,0.820095,0.801570,0.779733,0.018525,B+N+Q,B+N+Q,automatic,multiple_areas,,1,1
W4412617890,Wild or Introduced? Investigating the Genetic Landscape of Cacao Populations in South America,https://doi.org/10.1002/ece3.71746,2025-07-01,0.807663,0.796602,0.752216,0.011062,B+N,B+N,automatic,multiple_areas,B,1,1
W4412655035,Design and application of a solid-phase extraction device in disposable pipette tips for the quantification of carbaryl pesticide in water samples,https://doi.org/10.1016/j.chroma.2025.466231,2025-07-18,0.721063,0.761404,0.810771,0.049367,N+Q,N+Q,automatic,multiple_areas;no_abstract,Q,0,1
W4412694258,How does soil contamination by microplastics interferes the sorption and desorption processes of three herbicides?,https://doi.org/10.1016/j.chemosphere.2025.144583,2025-07-28,0.715112,0.730181,0.742060,0.011879,B+N+Q,B+N+Q,automatic,multiple_areas;no_abstract,,0,1
W4412899978,"Subsurface Gaseous Hydrocarbons and Carbon Dioxide Recorded During the Trans‐Amazon Drilling Project (TADP) in the Acre Basin, Western Amazon",https://doi.org/10.1155/gfl/6658750,2025-01-01,0.772200,0.805047,0.791866,0.013181,B+N+Q,B+N+Q,automatic,multiple_areas,,1,1
W4413006811,Multi-Elemental Analysis for the Determination of the Geographic Origin of Tropical Timber from the Brazilian Legal Amazon,https://doi.org/10.3390/f16081284,2025-08-06,0.772116,0.801953,0.827410,0.025457,N+Q,N+Q,automatic,multiple_areas,N,1,1
W4413036135,Physical and Chemical Compatibility between Fungicides (Emulsifiable Concentrate and Suspension Concentrate) and Soluble Manganese and Zinc Fertilizers,https://doi.org/10.1021/acsagscitech.5c00393,2025-08-07,0.776366,0.775305,0.808073,0.031707,B+N+Q,B+N+Q,automatic,multiple_areas,,1,1
W4413055056,Enteric methane emissions and thermal comfort indexes of Nellore steers in a livestock-forestry system in the Amazon biome,https://doi.org/10.1007/s11250-025-04607-0,2025-08-08,0.773395,0.814833,0.764626,0.041439,B+N,B+N,automatic,multiple_areas;no_abstract,,0,1
W4413109425,Partnering with the Enemy: How Partial Potassium Substitution by Sodium Optimizes Eucalyptus Nutrient Dynamics and Resilience to Drought Stress,https://doi.org/10.1007/s42729-025-02645-z,2025-07-29,0.827216,0.782068,0.768866,0.045148,B+N,B+N,automatic,multiple_areas;no_abstract,,0,1
W4413189222,Salicylic acid mitigates photosynthetic damage and oxidative stress in wheat (Triticum aestivum L.) induced by combination of mesosulfuron-methyl and iodosulfuron-methyl herbicide,https://doi.org/10.1007/s42976-025-00707-7,2025-08-12,0.763888,0.742241,0.749687,0.014201,B+N+Q,B+N+Q,automatic,multiple_areas;no_abstract,,0,1
W4413270450,Plant community and fine-root growth under preserved and passively restored Cerrado sites in southeast Brazil,https://doi.org/10.1016/j.jenvman.2025.126871,2025-08-18,0.770620,0.770133,0.710854,0.000487,B+N,B+N,automatic,multiple_areas;no_abstract,B,0,1
W4413301603,"Foliar Absorption and Translocation of Metal-Amino Acid Complexes in Soybean: A Case Study of Manganese, Zinc, Glutamate, and Histidine",https://doi.org/10.1021/acsagscitech.5c00364,2025-08-18,0.842601,0.804720,0.822680,0.019921,B+N+Q,B+N+Q,automatic,multiple_areas,,1,1
W4413391342,Reviewing Manganese and Zinc Foliar Fertilization Approaches and Results through a Quantitative Metadata Analysis,https://doi.org/10.1021/acsagscitech.5c00420,2025-08-21,0.825858,0.804343,0.801111,0.021515,B+N+Q,B+N+Q,automatic,multiple_areas,,1,1
W4413439360,"Reducing NaCl in beef burgers using ultrasound and micronized salt: Effects on hedonic and sensory perception, technological, and textural characteristics",https://doi.org/10.1016/j.foodres.2025.117381,2025-08-22,0.690345,0.714003,0.767901,0.053898,Q,Q,automatic,no_abstract,Q,0,1
W4413441895,Recovery of below-ground associations in restored Brazilian Atlantic Forest,https://doi.org/10.1016/j.apsoil.2025.106408,2025-08-23,0.818880,0.811508,0.761822,0.007372,B+N,B+N,automatic,multiple_areas,B,1,1
W4413448278,Plant-soil microbiome feedback under post-pasture tropical ecotone forest regeneration,https://doi.org/10.1016/j.apsoil.2025.106381,2025-08-14,0.832449,0.797231,0.761868,0.035218,B+N,B+N,automatic,multiple_areas;no_abstract,,0,1
W4413463177,Microbiome-driven machine learning for predicting suppressiveness to Rhizoctonia solani in organic-amended soils,https://doi.org/10.1016/j.apsoil.2025.106409,2025-08-23,0.802636,0.783932,0.757561,0.018704,B+N+Q,B+N+Q,automatic,multiple_areas;no_abstract,B,0,1
W4413604274,Increase in CH 4 Emissions in a Pantanal Wetland Lagoon Due to Extreme Drought and Sediment Exposure,https://doi.org/10.1002/iroh.70021,2025-08-25,0.793329,0.815453,0.780533,0.022123,B+N+Q,B+N+Q,automatic,multiple_areas,Q,1,1
W4413774797,Combined effects of guanitoxin and insecticides on the health of Oreochromis niloticus (Teleostei: Cichlidae): A comprehensive toxicological study,https://doi.org/10.1016/j.scitotenv.2025.180350,2025-08-27,0.748731,0.750233,0.757606,0.007373,B+N+Q,B+N+Q,automatic,multiple_areas;no_abstract,,0,1
W4413795700,Soil CO2 fluxes and carbon storage in livestock systems with native trees in pastures in the subhumid tropics of Mexico,https://doi.org/10.1007/s10457-025-01288-4,2025-08-28,0.783317,0.801762,0.749967,0.018445,B+N,B+N,automatic,multiple_areas;no_abstract,,0,1
W4413860390,Effects of heat stress on feeding and drinking behavior of confined Texel sheep in a tropical environment,https://doi.org/10.1016/j.applanim.2025.106807,2025-08-30,0.699048,0.739317,0.707613,0.031704,B+N+Q,B+N+Q,automatic,multiple_areas;no_abstract,,0,1
W4413970941,In-vitro and bioinformatic studies of bioactive compounds from Oceanimonas sp. JM-AZM31 and Lysinibacillus fusiformis JM-AZM37 of sponge-associated marine bacteria from a mangrove habitat in Southeast Sulawesi,https://doi.org/10.1016/j.jgeb.2025.100538,2025-07-18,0.802119,0.766764,0.786047,0.016073,B+N+Q,B+N+Q,automatic,multiple_areas,B,1,1
W4414071757,Combination of neovestitol and vestitol impair the subgingival multispecies biofilm development,https://doi.org/10.1080/08927014.2025.2551066,2025-09-07,0.724143,0.719157,0.749349,0.025206,B+N+Q,B+N+Q,automatic,multiple_areas,Q,1,1
W4414115065,Effects of zinc oxide nanoparticle supplementation in young sheep naturally infected with gastrointestinal nematodes,https://doi.org/10.1016/j.vprsr.2025.101340,2025-09-01,0.715842,0.708717,0.732405,0.016563,B+N+Q,B+N+Q,automatic,multiple_areas;no_abstract,,0,1
W4414237396,Revisiting the Role of Opossums (Marsupialia) as Sentinel for Brazilian Spotted Fever Caused by Rickettsia rickettsii,https://doi.org/10.4269/ajtmh.25-0026,2025-09-16,0.704638,0.732670,0.696091,0.028031,B+N+Q,B+N+Q,automatic,multiple_areas,,1,1
W4414309554,Phytochemicals as therapeutic strategy for oral mucositis in cancer patients,https://doi.org/10.1016/j.prenap.2025.100378,2025-09-17,0.707746,0.691745,0.727984,0.020238,B+N+Q,B+N+Q,automatic,multiple_areas;no_abstract,Q,0,1
W4414329741,Analytical Method for Determining Renewable Diesel and Identifying Feedstock in Fossil Diesel Blends Using δ13C for Fuel Traceability,https://doi.org/10.1021/acs.energyfuels.5c03793,2025-09-18,0.743269,0.777931,0.788379,0.010448,B+N+Q,B+N+Q,automatic,multiple_areas,N,1,1
W4414344331,Flood frequency characterization of the Nhecolândia region (Pantanal) based on high spatial and temporal resolution PlanetScope satellite images,https://doi.org/10.1177/03091333251378968,2025-09-18,0.744150,0.789257,0.728289,0.045106,B+N,B+N,automatic,multiple_areas,Q,1,1
W4414346775,Stable isotope analysis reveals dietary and foraging ecology in Neotropical birds,https://doi.org/10.1093/ornithapp/duaf058,2025-09-11,0.772226,0.789421,0.740608,0.017196,B+N+Q,B+N+Q,automatic,multiple_areas,N,1,1
W4414378520,Circular bioeconomy in livestock production: harnessing crop by-products in MERCOSUR/MERCOSUL,https://doi.org/10.1093/af/vfaf032,2025-07-15,0.821866,0.824263,0.816655,0.002396,B+N+Q,B+N+Q,automatic,multiple_areas,,1,1
W4414378526,Circular bioeconomy approaches for livestock manure and post-consumer wastes: opportunities for biofertilizers and bioenergy,https://doi.org/10.1093/af/vfaf017,2025-06-30,0.754685,0.767809,0.766353,0.001456,B+N+Q,B+N+Q,automatic,multiple_areas,,1,1
W4414378906,Natural deep eutectic solvent as extractor and support for determination of metals by laser induced breakdown spectroscopy,https://doi.org/10.1016/j.aca.2025.344686,2025-09-20,0.700520,0.719327,0.804903,0.085576,Q,Q,automatic,no_abstract,Q,0,1
W4414396580,"Within- and between-site variability of δ18O, δ13C, and δ15N in Amazonian tree rings: Climatic drivers and implications for geographic traceability",https://doi.org/10.1016/j.foreco.2025.123168,2025-09-22,0.754038,0.791820,0.740500,0.037783,B+N,B+N,automatic,multiple_areas;no_abstract,N,0,1
W4414396653,Squeeze of Brazilian subtropical mangroves from a Holocene and Anthropocene perspective,https://doi.org/10.1016/j.catena.2025.109450,2025-09-22,0.769410,0.783288,0.729257,0.013878,B+N,B+N,automatic,multiple_areas,,1,1
W4414418035,Toxicity and photoprotective properties of mycosporine-like amino acids from the cyanobacterium Sphaerospermopsis torques-reginae,https://doi.org/10.1016/j.algal.2025.104326,2025-09-23,0.768166,0.729846,0.763873,0.004293,B+N+Q,B+N+Q,automatic,multiple_areas;no_abstract,,0,1
W4414420056,Environmentally friendly SLPME of propineb and mancozeb from tomato and rice,https://doi.org/10.1016/j.jfca.2025.108358,2025-09-23,0.757615,0.769204,0.810011,0.040808,N+Q,N+Q,automatic,multiple_areas;no_abstract,Q,0,1
W4414447370,Carbon-related processes as indicators of soil health in a degraded dryland area under long-term restoration: Responses of a 21-year grazing exclusion system,https://doi.org/10.1016/j.apsoil.2025.106463,2025-09-23,0.805546,0.814011,0.789181,0.008465,B+N+Q,B+N+Q,automatic,multiple_areas;no_abstract,B,0,1
W4414498791,Leveraging pre-trained computer vision models for accurate classification of meat freshness,https://doi.org/10.1016/j.foodchem.2025.146430,2025-09-25,0.717007,0.754354,0.762083,0.007728,B+N+Q,B+N+Q,automatic,multiple_areas,,1,1
W4414513717,"Nitrogen Use Efficiency in Agriculture: Integrating Biotechnology, Microbiology, and Novel Delivery Systems for Sustainable Agriculture",https://doi.org/10.3390/plants14192974,2025-09-25,0.883840,0.822008,0.806426,0.061833,B,B,automatic,,B,1,1
W4414521268,Protecting the power of organic propolis: microencapsulation preserves phenolic bioactivity through digestion and intestinal transport,https://doi.org/10.1016/j.foodres.2025.117531,2025-09-25,0.750880,0.735162,0.791211,0.040331,B+Q,B+Q,automatic,multiple_areas;no_abstract,Q,0,1
W4414530728,Molecular Characterization of Humic and Fulvic Acids of Waterlogged and Well-Drained Amazonian Podzols,https://doi.org/10.1021/acsenvironau.5c00045,2025-09-25,0.831278,0.833599,0.845213,0.011614,B+N+Q,B+N+Q,automatic,multiple_areas,Q,1,1
W4414533708,Ruderal Tithonia diversifolia inclusion in sheep diets: impacts on digestibility and greenhouse gas emissions,https://doi.org/10.1007/s11250-025-04664-5,2025-09-26,0.789971,0.795786,0.786406,0.005815,B+N+Q,B+N+Q,automatic,multiple_areas,,1,1
W4414574704,Evaluation of a cost-effective and environmentally friendly digestion method for preparing animal feed samples for elemental analysis,https://doi.org/10.1016/j.anifeedsci.2025.116511,2025-09-27,0.774936,0.807463,0.875759,0.068297,Q,Q,automatic,no_abstract,Q,0,1
W4414617030,Improvement of colony management in insect mass‐rearing for sterile insect technique applications,https://doi.org/10.1111/1744-7917.70081,2025-09-28,0.759934,0.805305,0.739560,0.045371,B+N,B+N,automatic,multiple_areas,N,1,1
W4414662254,Bone-derived hydroxyapatite: ultrastructure and tuning for controlled dissolution characteristics for a model nanofertilizer,https://doi.org/10.1039/d5en00756a,2025-01-01,0.790354,0.777156,0.806727,0.016373,B+N+Q,B+N+Q,automatic,multiple_areas,Q,1,1
W4414663265,Draft genome sequences of six Rothia mucilaginosa strains assembled from the human oral microbiome,https://doi.org/10.1128/mra.00508-25,2025-09-30,0.787577,0.735804,0.740006,0.047570,B+Q,B+Q,automatic,multiple_areas,,1,1
W4414753587,Soil microbes: below-ground defenders against desertification,https://doi.org/10.1016/j.tree.2025.09.014,2025-10-02,0.805250,0.793722,0.775855,0.011527,B+N+Q,B+N+Q,automatic,multiple_areas;no_abstract,B,0,1
W4414754088,A catalog of metagenome-assembled genomes from Amazonian forest and pasture soils,https://doi.org/10.1128/mra.00642-25,2025-10-02,0.836573,0.787315,0.760519,0.049258,B+N,B+N,automatic,multiple_areas,,1,1
W4414830571,PSXII-23 Effects of reconstitution of high amylase corn flint Enogen Feed on fermentation parameters and in vitro methane.,https://doi.org/10.1093/jas/skaf300.701,2025-10-01,0.788748,0.802766,0.814175,0.011409,B+N+Q,B+N+Q,automatic,multiple_areas,,1,1
W4414830574,"PSI-21 Zinc oxide nanoparticles and their impacts on the normality, activation, development, viability, and oxidative stress of in vitro cultured preantral ovarian follicles.",https://doi.org/10.1093/jas/skaf300.517,2025-10-01,0.745082,0.726004,0.764542,0.019460,B+N+Q,B+N+Q,automatic,multiple_areas,,1,1
W4414830656,PSXIV-20 In vivo evaluation of enteric methane production in sheep fed diets composed of agro-industrial by-products.,https://doi.org/10.1093/jas/skaf300.618,2025-10-01,0.819335,0.828704,0.823308,0.005396,B+N+Q,B+N+Q,automatic,multiple_areas,,1,1
W4414830715,PSIV-19 Proteomic detection of potential biomarkers for residual feed intake in Texel sheep.,https://doi.org/10.1093/jas/skaf300.407,2025-10-01,0.830325,0.811752,0.824472,0.005853,B+N+Q,B+N+Q,automatic,multiple_areas,,1,1
W4414831210,PSII-29 Maternal zinc oxide nanoparticle supplementation during pregnancy and lactation shapes lamb ruminal microbiota.,https://doi.org/10.1093/jas/skaf300.672,2025-10-01,0.813920,0.782102,0.804971,0.008949,B+N+Q,B+N+Q,automatic,multiple_areas,,1,1
W4414955024,Wood characteristics of nine eucalypt species grown under partial substitution of potassium by sodium,https://doi.org/10.1007/s00468-025-02688-w,2025-10-08,0.750815,0.740792,0.736891,0.010023,B+N+Q,B+N+Q,automatic,multiple_areas;no_abstract,,0,1
W4415010271,Valorization of Humulus lupulus L. Byproducts in Cake Formulations,https://doi.org/10.1021/acsfoodscitech.5c00533,2025-10-09,0.774573,0.770764,0.817872,0.043300,B+N+Q,B+N+Q,automatic,multiple_areas,Q,1,1
W4415042947,Soybean rhizosphere communities are shaped more by cropping systems than by Bacillus subtilis delivery methods,https://doi.org/10.1016/j.rhisph.2025.101199,2025-10-10,0.826824,0.779029,0.755065,0.047795,B+N,B+N,automatic,multiple_areas;no_abstract,B,0,1
W4415176175,Selenium-biofortified spent yeast cultivated in corn hydrolysate: antioxidant response and biomass production under aerobic and anaerobic conditions,https://doi.org/10.1007/s10123-025-00722-y,2025-10-14,0.813012,0.787348,0.818453,0.005441,B+N+Q,B+N+Q,automatic,multiple_areas,N,1,1
W4415215538,Can no-tillage and crop diversification sustain nutrient stocks in acidic and poorly-fertilized soils? Evidence from 32 years of real-world agricultural management in Paraguay,https://doi.org/10.1016/j.soilad.2025.100084,2025-10-15,0.834348,0.821111,0.803202,0.013238,B+N+Q,B+N+Q,automatic,multiple_areas,,1,1
W4415265502,"Formulation of Jakaba fertilizer from banana peel, pineapple peel, tea dregs for enhanced pak choi (Brassica rapa subsp. Chinensis) growth",https://doi.org/10.30821/biolokus.v8i1.4470,2025-06-28,0.805185,0.806304,0.818158,0.011854,B+N+Q,B+N+Q,automatic,multiple_areas,B,1,1
W4415292027,Combining wood traits as a promising timber origin verification and its application in the Brazilian trade chain,https://doi.org/10.1016/j.scitotenv.2025.180710,2025-10-17,0.755371,0.787595,0.771552,0.016043,B+N+Q,B+N+Q,automatic,multiple_areas;no_abstract,,0,1
W4415350751,Resistência antimicrobiana na produção ovina: semelhanças materno-descendentes em Coliformes e Enterococcus spp.,https://doi.org/10.1590/1809-6891v26e-80984p,2025-01-01,0.772372,0.782696,0.788456,0.005761,B+N+Q,B+N+Q,automatic,multiple_areas,,1,1
W4415373854,"Cytotoxicity, antioxidant activity, and gene expression effects of gossypol in primary smooth muscle of myometrium from Ovis aries (PSMo24) cells",https://doi.org/10.1016/j.repbio.2025.101092,2025-10-21,0.729082,0.713173,0.732650,0.003569,B+N+Q,B+N+Q,automatic,multiple_areas;no_abstract,Q,0,1
W4415380390,Opposing δ13C and δ15N signatures in terrestrial and aquatic insects from Brazilian ecosystems by human disturbance,https://doi.org/10.1016/j.scitotenv.2025.180745,2025-10-21,0.770432,0.809037,0.751207,0.038605,B+N,B+N,automatic,multiple_areas;no_abstract,N,0,1
W4415418331,Ivermectin modulates macrophage activity and enhances bacterial clearance in Pseudomonas aeruginosa acute pneumonia,https://doi.org/10.1007/s11010-025-05419-4,2025-10-22,0.684618,0.662612,0.684517,0.000101,B+N+Q,B+N+Q,automatic,multiple_areas;no_abstract,Q,0,1
W4415489136,"Outer Membrane Vesicles, Lipidome, and Biofilm Formation in the Endophyte Enterobacter Cloacae SEA01 from Agave Tequilana",https://doi.org/10.3390/microorganisms13112432,2025-10-23,0.839815,0.780988,0.788698,0.051116,B,B,automatic,,B,1,1
W4415493822,Tropical wood reference material for multi-element analysis in traceability studies,https://doi.org/10.1007/s10967-025-10469-5,2025-10-24,0.727475,0.769995,0.794099,0.024103,N+Q,N+Q,automatic,multiple_areas;no_abstract,,0,1
W4415611284,Anti-inflammatory properties of jaboticaba peel bioactive compounds during in vitro gastrointestinal and colonic digestion,https://doi.org/10.1016/j.phytol.2025.103668,2025-10-01,0.741676,0.723505,0.787485,0.045809,B+Q,B+Q,automatic,multiple_areas;no_abstract,Q,0,1
W4415672891,"Synergistic interaction of calcium and boron: enhancing root nodule anatomy, nitrogenase activity, leaf ultrastructure adjustments, and growth in soybean plants",https://doi.org/10.1080/01904167.2025.2573469,2025-10-29,0.856176,0.786193,0.789148,0.067028,B,B,automatic,,B,1,1
W4415731422,Gene Co‐Expression Networks Highlight Key Nodes Associated With Ammonium Nitrate in Sugarcane,https://doi.org/10.1111/ppl.70612,2025-10-31,0.878474,0.799846,0.765208,0.078627,B,B,automatic,,B,1,1
W4415742522,An improved approach for analysis of chocolate by laser induced breakdown spectroscopy (LIBS) using L-menthol as matrix modifier,https://doi.org/10.1016/j.talanta.2025.129065,2025-10-31,0.694910,0.719897,0.801007,0.081109,Q,Q,automatic,no_abstract,Q,0,1
W4415857209,"Seed-Applied Cobalt, Molybdenum, and Nickel Improve Nitrogen Metabolism in Soybean Plants Across Seed Vigor Levels",https://doi.org/10.3390/plants14213368,2025-11-04,0.830794,0.800510,0.804942,0.025852,B+N+Q,B+N+Q,automatic,multiple_areas,,1,1
W4416025479,"Moniliophthora perniciosa, the causal agent of witches’ broom disease of cacao, interferes with cytokinin metabolism during infection of Micro‐Tom tomato and promotes symptom development",https://doi.org/10.17615/c0m1-tq75,2025-11-06,0.815723,0.762630,0.740337,0.053092,B,B,automatic,,B,1,1
W4416149483,Soil phosphorus content classes and energy cane yield under controlled environmental conditions,https://doi.org/10.36783/18069657rbcs20240163,2025-01-01,0.821666,0.816319,0.788774,0.005346,B+N+Q,B+N+Q,automatic,multiple_areas,,1,1
W4416168142,Understanding consumer perceptions to guide the design of functional yogurts: Evidence from a Brazilian online survey,https://doi.org/10.1016/j.foodres.2025.117874,2025-11-13,0.691502,0.702896,0.741839,0.038943,N+Q,N+Q,automatic,multiple_areas;no_abstract,Q,0,1
W4416345626,"Forest residue removal undermines soil health and micronutrient transfer to trees, compromising sustainable productivity of Eucalyptus plantations",https://doi.org/10.1016/j.still.2025.106955,2025-11-19,0.812709,0.797030,0.792373,0.015679,B+N+Q,B+N+Q,automatic,multiple_areas;no_abstract,,0,1
W4416356149,Optimized extraction and analytical protocols for guanitoxin: an organophosphate cyanobacterial neurotoxin of environmental concern,https://doi.org/10.1039/d5ay01055a,2025-01-01,0.823293,0.819283,0.854259,0.030966,B+N+Q,B+N+Q,automatic,multiple_areas,,1,1
W4416359360,Double knockout of rice vacuolar iron transporters OsVIT1 and OsVIT2 reveals a trade-off between iron biofortification and iron excess tolerance,https://doi.org/10.1093/jxb/eraf505,2025-11-18,0.836370,0.783966,0.767979,0.052403,B,B,automatic,,,1,1
W4416412066,Determination of volatile acids in sugarcane spirits exploring an air drag system and digital image photometry,https://doi.org/10.1039/d5ay01612f,2025-01-01,0.807696,0.843154,0.872610,0.029456,N+Q,N+Q,automatic,multiple_areas,Q,1,1
W4416503286,Low-cost XRF spectrometer for agricultural sample analysis: assembly details and soil fertility prediction performance,https://doi.org/10.1590/1678-992x-2024-0311,2025-01-01,0.767951,0.806117,0.810541,0.004424,B+N+Q,B+N+Q,automatic,multiple_areas,,1,1
W4416632855,Fermentation Parameters and In Vitro Degradability of Diets Containing Cratylia argentea Hay as a Substitute for Tifton‐85 Hay,https://doi.org/10.1111/gfs.70024,2025-11-25,0.759686,0.763544,0.777067,0.013523,B+N+Q,B+N+Q,automatic,multiple_areas,,1,1
W4416673911,Revisiting Catalytic Methods Exploiting Digital Videos: Sequential Determination of Copper and Sucrose in Sugarcane Spirits,https://doi.org/10.1021/acsomega.5c07149,2025-11-10,0.765193,0.785044,0.845375,0.060331,Q,Q,automatic,,Q,1,1
W4416695564,Valorization of Brewer’s Spent Grain Liquid Fraction for the Development of a Pasteurized Strawberry-Based Blend Juice,https://doi.org/10.3390/foods14234053,2025-11-26,0.760462,0.787862,0.818423,0.030560,N+Q,N+Q,automatic,multiple_areas,Q,1,1
W4416746454,"Stable isotope profiling and machine learning for determining cocoa origin, ingredient composition, and cocoa content in Brazilian chocolates",https://doi.org/10.1016/j.foodchem.2025.147313,2025-11-27,0.770535,0.792774,0.805708,0.012934,B+N+Q,B+N+Q,automatic,multiple_areas;no_abstract,,0,1
W4416751375,Evaluation of Volatile and Non-Volatile Compounds in Specialty and Traditional Coffees from the Circuito das Águas Paulista Region,https://doi.org/10.30744/brjac.2179-3425.ar-04-2025,2025-11-27,0.793185,0.800426,0.849900,0.049474,N+Q,N+Q,automatic,multiple_areas,Q,1,1
W4416790546,An effective DNA extraction protocol optimized for tropical swamp peat samples,https://doi.org/10.1128/spectrum.01373-25,2025-11-28,0.834879,0.827392,0.820830,0.007487,B+N+Q,B+N+Q,automatic,multiple_areas,,1,1
W4416822947,Growth stage as the main drive over genotype and plant growth-promoting bacteria on bacterial communities in the rhizosphere of prickly-pear cactus,https://doi.org/10.1016/j.apsoil.2025.106661,2025-11-30,0.840315,0.790222,0.768163,0.050093,B,B,automatic,no_abstract,B,0,1
W4417256765,Root-driven microbiome memory enhances plant disease resistance,https://doi.org/10.1016/j.tplants.2025.12.002,2025-12-11,0.842745,0.788437,0.762289,0.054308,B,B,automatic,no_abstract,B,0,1
W4417259583,Digital images and chemometric tools for predicting physicochemical parameters of beers,https://doi.org/10.1016/j.microc.2025.116543,2025-12-12,0.719549,0.758569,0.798925,0.040356,N+Q,N+Q,automatic,multiple_areas;no_abstract,Q,0,1
W4417281582,Shifts in seed‐associated endophytic bacterial communities from parental lines to advanced generations in lima bean,https://doi.org/10.1111/aab.70091,2025-12-12,0.841534,0.795236,0.766527,0.046298,B+N,B+N,automatic,multiple_areas,B,1,1
W4417332138,"Amazonian Fruit (Samanea tubulosa) in Dairy Cattle Diets: In Vitro Fermentation, Gas Production, and Digestibility",https://doi.org/10.3390/ruminants5040064,2025-12-13,0.829657,0.824407,0.833441,0.003784,B+N+Q,B+N+Q,automatic,multiple_areas,,1,1
W4417335101,From immersion to emotion: virtual reality as the new frontier of sensory science,https://doi.org/10.1016/j.foodres.2025.118035,2025-12-15,0.659483,0.681803,0.695199,0.013396,B+N+Q,B+N+Q,automatic,multiple_areas;no_abstract,Q,0,1
W4417456097,You are what your fungus eats: diet shapes the microbial garden of a fungus-growing ant,https://doi.org/10.1038/s41522-025-00876-7,2025-12-18,0.826929,0.790951,0.761384,0.035978,B+N,B+N,automatic,multiple_areas,B,1,1
W7116631278,Diclosulam as a strategy for pre-emergence control of two Borreria species in different types of soils,https://doi.org/10.1080/03601234.2025.2602362,2025-11-02,0.756528,0.777757,0.756772,0.020985,B+N+Q,B+N+Q,automatic,multiple_areas,,1,1
W7116788708,Managing Nitrogen Sources in Soybean–Rhizobium Symbiosis During Reproductive Phenological Stage: Partitioning Symbiotic and Supplemental N with 15N,https://doi.org/10.3390/nitrogen7010001,2025-12-22,0.841016,0.798630,0.766145,0.042386,B+N,B+N,automatic,multiple_areas,,1,1
W7116919764,Restoration strategies shape ecological processes driving dominant and rare bacterial communities in soils under desertification in the Brazilian semiarid,https://doi.org/10.1016/j.jenvman.2025.128351,2025-12-22,0.789254,0.766500,0.734978,0.022754,B+N,B+N,automatic,multiple_areas;no_abstract,B,0,1
W7117237621,The role of gamma-irradiated microplastics in terbuthylazine sorption and desorption processes in contaminated soils,https://doi.org/10.1016/j.chemosphere.2025.144818,2025-12-25,0.767076,0.802039,0.798963,0.003076,B+N+Q,B+N+Q,automatic,multiple_areas,,1,1
W7117364325,Isotopic model as a tool for the prediction of cocoa content in cocoa-derived products: δ13C as a proxy for cocoa percentage,https://doi.org/10.1016/j.foodcont.2025.111945,2025-12-27,0.757404,0.790326,0.798689,0.008364,B+N+Q,B+N+Q,automatic,multiple_areas;no_abstract,N,0,1
W7117727740,Genômica e bioinformática aplicadas à bioeconomia no LabBCES do CENA/USP,https://doi.org/10.51780/bioinfo-05-21,2025-12-31,0.854591,0.819407,0.777582,0.035184,B+N,B+N,automatic,multiple_areas,B,1,1
W7117999539,Intrinsically microporous polymer (PIM-1) enhanced degradation of heptadecafluoro-1-nonanol at graphitic carbon nitride (g-C 3 N 4 ),https://doi.org/10.1039/d5ra07284k,2026-01-01,0.683317,0.677064,0.719115,0.035798,B+N+Q,B+N+Q,automatic,multiple_areas,Q,1,1
W7118079878,Unlocking the potential of brewer's spent grain: a review of its prebiotic and antimicrobial applications in the food industry,https://doi.org/10.1016/j.jcs.2025.104357,2026-01-02,0.749458,0.744062,0.794097,0.044639,B+Q,B+Q,automatic,multiple_areas;no_abstract,Q,0,1
W7118179333,Tapirira obtusa Bark as a Natural Agent for Inflammation Reduction and Infection Control in Orotracheal Tubes,https://doi.org/10.3390/hygiene6010001,2026-01-05,0.752673,0.738016,0.774540,0.021867,B+N+Q,B+N+Q,automatic,multiple_areas,Q,1,1
W7118645894,Biofortification of Yeast with Selenomethionine in Corn Hydrolysate: Influence of Different Metabolic Pathways,https://doi.org/10.1007/s12011-025-04963-w,2026-01-07,0.820046,0.794288,0.822352,0.002306,B+N+Q,B+N+Q,automatic,multiple_areas,N,1,1
W7119258836,Design and application of a solid-phase extraction device in disposable pipette tips for the quantification of carbaryl pesticide in water samples,,2025-01-01,0.711497,0.754433,0.799603,0.045170,N+Q,N+Q,automatic,multiple_areas;no_abstract,Q,0,1
W7119408981,A multicommuted flow system with a solid–liquid extraction chamber to extract and quantify total phenolic compounds from solid samples,,2024-01-01,0.730431,0.752869,0.833611,0.080742,Q,Q,automatic,no_abstract,Q,0,1
W7119499713,Estimating soil hydraulic conductivity by Inverse Laplace Transform,https://doi.org/10.1016/j.still.2026.107066,2026-01-09,0.715358,0.778151,0.725935,0.052217,N,N,automatic,,N,1,1
W7119505265,Microwave-Assisted Green Extraction of Bioactive Compounds from Berries,https://doi.org/10.1021/acsfoodscitech.5c01021,2026-01-08,0.719347,0.737544,0.806332,0.068788,Q,Q,automatic,,Q,1,1
W7119509939,Satellite-Guided Biomass Harvesting and Valorization of Cyanobacterial Blooms: A Circular Bioeconomy Perspective in a Brazilian River,https://doi.org/10.1021/acssuschemeng.5c05134,2026-01-09,0.817495,0.823954,0.827683,0.003729,B+N+Q,B+N+Q,automatic,multiple_areas,,1,1
W7119511354,Sorbitol-Stabilized Silicon Formulation Improve Root Traits and Antioxidant Response in Drought-Stressed Soybean,https://doi.org/10.3390/plants15020197,2026-01-08,0.853628,0.814581,0.814122,0.039047,B+N+Q,B+N+Q,automatic,multiple_areas,,1,1
W7120663370,Stable isotopes and mercury as tools to depict aquatic food webs,,2024-01-01,0.773445,0.794547,0.774780,0.019767,B+N+Q,B+N+Q,automatic,multiple_areas,N,1,1
W7122814813,ADVANCING XRF SOIL ANALYSIS PROCEDURES FOR LABORATORY MEASUREMENTS: SCENARIOS COMBINING DIFFERENT SCANNING TIMES AND REPLICATES,https://doi.org/10.1590/1809-4430-eng.agric.v45nespe220250054/2025,2025-01-01,0.771885,0.795788,0.812675,0.016887,B+N+Q,B+N+Q,automatic,multiple_areas,,1,1
W7123539336,Population genomics of Brazilian native fruit species of Eugenia spp. (Myrtaceae) for conservation and improvement,https://doi.org/10.3389/fpls.2025.1670349,2026-01-12,0.850176,0.845356,0.804993,0.004820,B+N+Q,B+N+Q,automatic,multiple_areas,B,1,1
W7124493845,"Effects of sugarcane-derived polyphenol supplementation on ruminal fermentation, methane emission, and microbiome in Holstein cows",https://doi.org/10.3389/fanim.2025.1739442,2026-01-16,0.826485,0.800585,0.807607,0.018878,B+N+Q,B+N+Q,automatic,multiple_areas,B,1,1
W7124772238,FAO crop coefficient and plant‐available water: Do soil and plant hydraulic properties matter?,https://doi.org/10.1002/agj2.70277,2026-01-01,0.784769,0.822347,0.748116,0.037578,B+N,B+N,automatic,multiple_areas,N,1,1
W7124860430,"Oxynemamangrovii sp. nov., a new filamentous species (Oscillatoriales, Cyanobacteria) from Atlantic forest mangrove",https://doi.org/10.3389/fmicb.2025.1709185,2026-01-20,0.822087,0.777735,0.764248,0.044352,B+N,B+N,automatic,multiple_areas,B,1,1
W7124866721,"Bioaccessibility and cytotoxicity of Euterpe edulis, E. oleracea and E. precatoria fruit compounds",https://doi.org/10.1590/1809-4392202403582,2026-01-01,0.741556,0.741001,0.771428,0.029872,B+N+Q,B+N+Q,automatic,multiple_areas,Q,1,1
W7125489838,On-Farm Assessment of No-Till Onion Production and Cover Crop Effects on Soil Physical and Chemical Properties and Greenhouse Gas Emissions,https://doi.org/10.3390/agronomy16030278,2026-01-23,0.818018,0.823955,0.786331,0.005937,B+N+Q,B+N+Q,automatic,multiple_areas,B,1,1
W7125646245,Impacts of Forest-to-Pasture Conversion on Soil Water Retention in the Amazon Biome,https://doi.org/10.3390/f17020157,2026-01-24,0.793196,0.836299,0.770346,0.043103,B+N,B+N,automatic,multiple_areas,,1,1
W7125683060,Effect of Chemical Management on Weed Diversity and Community Structure in Soybean–Corn Succession in Brazil’s Triângulo Mineiro Region,https://doi.org/10.3390/ecologies7010012,2026-01-26,0.809194,0.795770,0.757443,0.013424,B+N,B+N,automatic,multiple_areas,,1,1
W7125824452,Dietary oils modulate inflammatory and oxidative responses in pigs: Associations with hepatic gene expression,https://doi.org/10.1016/j.vas.2026.100583,2026-01-27,0.767705,0.736245,0.759664,0.008041,B+N+Q,B+N+Q,automatic,multiple_areas,Q,1,1
W7125979095,"Fe–Mn Biochar Composites from Sugarcane Bagasse for Herbicides Removal: Structure, Mechanisms, and Safety Relationships toward Sustainable Water Treatment",https://doi.org/10.1021/acsomega.5c12317,2026-01-29,0.787162,0.779655,0.816282,0.029120,B+N+Q,B+N+Q,automatic,multiple_areas,Q,1,1
W7126160700,Boosting tree growth in the Amazon rainforest using Amazonian Dark Earths,https://doi.org/10.1186/s12862-026-02495-y,2026-01-30,0.842021,0.821976,0.784583,0.020045,B+N,B+N,automatic,multiple_areas,,1,1
W7126211815,Rethinking plant nutrients in practice: partial substitution of potassium by sodium in tropical agriculture,https://doi.org/10.1007/s11104-026-08290-4,2026-01-31,0.849815,0.823952,0.804806,0.025863,B+N+Q,B+N+Q,automatic,multiple_areas,,1,1
W7126368580,Rapid in situ analysis with portable XRF sensor: A pioneering study proposing fitness-for-purpose approach for performance assessment in tropical soils,https://doi.org/10.1016/j.soisec.2026.100228,2026-01-31,0.802802,0.829595,0.835809,0.006214,B+N+Q,B+N+Q,automatic,multiple_areas,,1,1
W7128219188,"Nutrient Enrichment by Poultry Biochar Reshapes Soil Microbial Networks, Reducing Interaction Complexity in Tropical Sandy Soils",https://doi.org/10.1007/s42729-026-03005-1,2026-02-06,0.843124,0.813682,0.802842,0.029442,B+N+Q,B+N+Q,automatic,multiple_areas,B,1,1
W7128540922,Residual effect vs. degradation of S-metolachlor in tropical soils: Herbicide analysis by sorghum bioassay and HPLC,https://doi.org/10.1016/j.hazmo.2026.100017,2026-02-01,0.779841,0.803517,0.797306,0.006210,B+N+Q,B+N+Q,automatic,multiple_areas,,1,1
W7128715187,From deforestation to regeneration: How do land-use changes shape soil microbes and methane-cycling genes in the Eastern Amazon?,https://doi.org/10.1016/j.temicr.2026.100069,2026-02-12,0.828174,0.808145,0.765334,0.020029,B+N,B+N,automatic,multiple_areas,,1,1
W7128814720,Vulnerability of soil organic carbon in Amazonian Podsols to changes in environmental conditions,https://doi.org/10.5194/bg-23-1279-2026,2026-02-13,0.846215,0.860195,0.832863,0.013980,B+N+Q,B+N+Q,automatic,multiple_areas,Q,1,1
W7129001191,"Bioactive peptides from whey proteins: production, purification, identification, mechanism of action and biofunctionality in foods",https://doi.org/10.1016/j.idairyj.2026.106595,2026-02-16,0.767418,0.740977,0.816305,0.048887,B+Q,B+Q,automatic,multiple_areas,Q,1,1
W7129467292,Bioaccessibility of co-occurring mycotoxins in brazilian infant foods at regulatory levels and effect on the intestinal membrane integrity,https://doi.org/10.1016/j.jfca.2026.109002,2026-02-17,0.751684,0.769073,0.798698,0.029625,B+N+Q,B+N+Q,automatic,multiple_areas,Q,1,1
W7130533209,Agronomic performance of maize and cover crops using composted sewage sludge to supply phosphorus,https://doi.org/10.1002/agj2.70307,2026-01-01,0.805515,0.791519,0.780633,0.013996,B+N+Q,B+N+Q,automatic,multiple_areas,,1,1
W7130644700,Microwave-assisted extraction of total phenolic compounds from coffee,https://doi.org/10.1016/j.afres.2026.101821,2026-02-20,0.738274,0.747821,0.818276,0.070455,Q,Q,automatic,,Q,1,1
W7130652824,Inoculation with Bacillus subtilis and Paenibacillus sp. shapes the rhizosphere bacteriome of prickly pear cactus under water deficit,https://doi.org/10.1007/s11104-026-08363-4,2026-02-20,0.846057,0.793044,0.766141,0.053013,B,B,automatic,,B,1,1
W7131137685,The influence of soil pore-size distribution on limestone mobility,https://doi.org/10.1016/j.still.2026.107129,2026-02-23,0.737813,0.772169,0.752011,0.020157,B+N+Q,B+N+Q,automatic,multiple_areas;no_abstract,N,0,1
W7131216186,"Land-use intensification reshapes microbial phosphorus cycling, organic matter composition, and phosphorus fractions in Amazonian soils",https://doi.org/10.1093/ismeco/ycag027,2026-01-01,0.851883,0.817352,0.799424,0.034530,B+N,B+N,automatic,multiple_areas,,1,1
W7131224186,Fecal microbiota succession in dairy calves is driven by age and modestly influenced by colostrum source,https://doi.org/10.1038/s41598-026-38526-3,2026-02-24,0.767848,0.737810,0.743504,0.024344,B+N+Q,B+N+Q,automatic,multiple_areas,B,1,1
W7132846373,"Forage-free diet in finishing cattle: Effects on performance, ruminal fermentation, and enteric methane mitigation",https://doi.org/10.1016/j.vas.2026.100608,2026-02-28,0.814191,0.821421,0.829224,0.007803,B+N+Q,B+N+Q,automatic,multiple_areas,,1,1
W7133504447,Metabolomics analysis and in vitro and cellular bioactivity after simulated gastrointestinal digestion/Caco-2 cell transport of Amazonian Oenocarpus berries,https://doi.org/10.1016/j.foodchem.2026.148743,2026-03-05,0.774728,0.749975,0.798318,0.023590,B+N+Q,B+N+Q,automatic,multiple_areas;no_abstract,Q,0,1
W7133626563,Unraveling the Genome of Epidendrum Fulgens : Demographic History and Gene Family Dynamics in a Resilient Neotropical Orchid,https://doi.org/10.1093/gbe/evag057,2026-03-01,0.823554,0.759399,0.714406,0.064155,B,B,automatic,,B,1,1
W7134834904,Root Development of Tomato Plants Infected by the Cacao Pathogen Moniliophthora perniciosa Is Affected by Limited Sugar Availability,https://doi.org/10.17615/mjdg-rs87,2026-03-10,0.850460,0.797593,0.757947,0.052867,B,B,automatic,,B,1,1
W7135017648,"Additional file 1 of Plant diversity induces shifts from microbial generalists to specialist by enhancing niche differentiation, microbiome connectivity, and network stability in a temperate grassland",https://doi.org/10.6084/m9.figshare.31669347.v1,2026-02-07,0.811050,0.811124,0.791749,0.000074,B+N+Q,B+N+Q,automatic,multiple_areas,B,1,1
W7135033308,Environmental Mixture Toxicity of Guanitoxin and Organophosphates in Zebrafish: from Developmental and Neurobehavioral Phenotypes to Transcriptomic Responses,https://doi.org/10.1021/acs.est.5c16673,2026-03-11,0.763223,0.750275,0.749835,0.012947,B+N+Q,B+N+Q,automatic,multiple_areas,,1,1
W7135047294,"Additional file 1 of Plant diversity induces shifts from microbial generalists to specialist by enhancing niche differentiation, microbiome connectivity, and network stability in a temperate grassland",https://doi.org/10.6084/m9.figshare.31669347,2026-02-07,0.811050,0.811124,0.791749,0.000074,B+N+Q,B+N+Q,automatic,multiple_areas,B,1,1
W7135059195,Maize growth benefited by biochar and Azospirillum brasilense inoculation in subtropical soil,https://doi.org/10.3389/fenvs.2026.1772361,2026-03-12,0.849491,0.825632,0.829003,0.020488,B+N+Q,B+N+Q,automatic,multiple_areas,B,1,1
W7135096010,"Surface geoenvironments shape organic matter inputs in iron-ore caves of Carajás, southeastern Amazonia",https://doi.org/10.1371/journal.pone.0344450,2026-03-11,0.782558,0.800980,0.780648,0.018422,B+N+Q,B+N+Q,automatic,multiple_areas,,1,1
W7135182070,"Bio-based Films From Potato Starch Modified By Dry-heating Treatment: Structural, Mechanical, and Functional Properties",https://doi.org/10.1007/s11483-026-10119-7,2026-03-01,0.742736,0.762832,0.798172,0.035340,N+Q,N+Q,automatic,multiple_areas,Q,1,1
W7138028257,Cell‐Based Encapsulation of Brazilian Red Propolis in Brewer’s Spent Yeast Using Spray Drying and Biosorption Followed by Spray Drying,https://doi.org/10.1155/jfbc/4688624,2026-01-01,0.742952,0.745509,0.790655,0.045146,B+N+Q,B+N+Q,automatic,multiple_areas,Q,1,1
W7138839948,Biomathematical Approach to Hormetic Dose–Response and Varietal Radiosensitivity in Nicotiana tabacum L.,https://doi.org/10.69547/tsfjb.030203,2025-12-15,0.827472,0.838028,0.778877,0.010556,B+N,B+N,automatic,multiple_areas,N,1,1
W7140116725,FREQUENT ANALYTICAL QUESTIONS (FAQ) - 20 DÚVIDAS COMUNS EM QUÍMICA ANALÍTICA,https://doi.org/10.21577/0100-4042.20260047,2026-01-01,0.674554,0.689388,0.766206,0.076818,Q,Q,automatic,,Q,1,1
W7140202522,Connectivity and Age of Restored Atlantic Forest Fragments Drives Composition and Functionality of the Fungal Community in the Leaf Litter Layer,https://doi.org/10.1111/mec.70325,2026-03-01,0.784656,0.768096,0.731582,0.016560,B+N,B+N,automatic,multiple_areas,,1,1
W7141194719,"Green and reusable pipette tip-solid phase microextraction for the simultaneous determination of butylated hydroxyanisole, butylated hydroxytoluene, and tert-butylhydroquinone in complex food matrices by RPLC-UV",https://doi.org/10.1016/j.microc.2026.117866,2026-03-27,0.755872,0.771330,0.852385,0.081056,Q,Q,automatic,,Q,1,1
W7141730733,Nitrogen-Controlled Host Gatekeeping: Regulatory Chokepoints Across Four Windows for Diazotroph Access,https://doi.org/10.3390/ijms27073059,2026-03-27,0.864818,0.799135,0.771407,0.065683,B,B,automatic,,B,1,1
W7143282435,Sustainable recovery of phenolics from mustard seeds and study of their antioxidant and antimicrobial properties,https://doi.org/10.1590/1981-6723.0982025,2026-01-01,0.749053,0.747848,0.799591,0.050537,Q,Q,automatic,,Q,1,1
W7144265437,The rhizosphere microbiome as a decentralized immune system,https://doi.org/10.1016/j.tim.2026.03.006,2026-03-31,0.824042,0.768848,0.754936,0.055194,B,B,automatic,no_abstract,B,0,1
W7147063486,Evaluation of Closed-Vessel Conductively-Heated Digestion System with Diluted Acid for Analysis of Animal Feed by ICP-MS,https://doi.org/10.30744/brjac.2179-3425.ar-96-2025,2026-04-01,0.772366,0.805857,0.874193,0.068336,Q,Q,automatic,,Q,1,1
W7147645077,Exploring archaeal adaptations and ecosystem roles in tropical soda lake sediments,https://doi.org/10.1016/j.temicr.2026.100080,2026-03-31,0.837004,0.801430,0.790121,0.035574,B+N+Q,B+N+Q,automatic,multiple_areas,,1,1
W7147720485,Microwave-assisted sample preparation: A review of 50 years of achievements and trends,https://doi.org/10.1016/j.aca.2026.345473,2026-04-01,0.765294,0.785146,0.865581,0.080435,Q,Q,automatic,,Q,1,1
W7150915790,Lignocellulose-mediated selection of potential halophilic PET-degrading enzymes from mangrove soil,https://doi.org/10.1038/s41467-026-71548-z,2026-04-07,0.821034,0.795982,0.794151,0.025052,B+N+Q,B+N+Q,automatic,multiple_areas,B,1,1
W7151232872,"Carnauba straw application modulates composition, diversity, and network architecture of soil microbial communities across soil depths",https://doi.org/10.1016/j.geodrs.2026.e01083,2026-04-07,0.831426,0.802306,0.777932,0.029120,B+N,B+N,automatic,multiple_areas;no_abstract,B,0,1
W7151952582,Influence of materials damaged by cacao tree diseases (witches' broom and black pod disease) and rotten during processing on the quality of cocoa liquor and butter,https://doi.org/10.1016/j.lwt.2026.119345,2026-04-08,0.769047,0.781422,0.800015,0.018594,B+N+Q,B+N+Q,automatic,multiple_areas,Q,1,1
W7152445958,Sensory methods and consumer trends in functional yogurts: A scoping review,https://doi.org/10.1016/j.foohum.2026.101174,2026-04-09,0.677102,0.688352,0.748635,0.060283,Q,Q,automatic,no_abstract,Q,0,1
W7153028459,"One-pot iron determination in fortified flours using thymol–1,10-phenanthroline deep eutectic solvent and smartphone-based digital image photometry",https://doi.org/10.1039/d6ay00299d,2026-01-01,0.759788,0.784155,0.859188,0.075033,Q,Q,automatic,,Q,1,1
W7153554459,Soil biological activity and nitrogen mineralization in grass and grass–legume forage systems,https://doi.org/10.1002/saj2.70231,2026-03-01,0.824401,0.804684,0.788582,0.019718,B+N+Q,B+N+Q,automatic,multiple_areas,,1,1
W7154046043,Resistance of bacterial community in the sugarcane rhizosphere after straw burning,https://doi.org/10.1007/s42832-026-0436-1,2026-04-13,0.852807,0.807467,0.782629,0.045340,B+N,B+N,automatic,multiple_areas,B,1,1
W7154107180,Are physiological responses and infrared thermography reliable indicators of feed efficiency in Texel sheep under tropical conditions?,https://doi.org/10.1071/an25301,2026-04-14,0.731205,0.778494,0.741769,0.036725,B+N+Q,B+N+Q,automatic,multiple_areas,,1,1
W7154495696,Kinetic Parameters of Phosphorus Uptake as a Function of Cationic Metal Supply in Cotton,https://doi.org/10.3390/plants15081215,2026-04-15,0.839793,0.809873,0.807381,0.029920,B+N+Q,B+N+Q,automatic,multiple_areas,,1,1
W7155504114,Nickel Supplementation for Enhanced Soybean Growth: A Micrometric-to-Nanometric Investigation of Biological Nitrogen Fixation and Metabolism,https://doi.org/10.1021/acsomega.5c10937,2026-04-24,0.866437,0.832939,0.837155,0.029282,B+N+Q,B+N+Q,automatic,multiple_areas,,1,1
W7155552383,Açaí biochar reduced soil acidity and enhanced potassium and micronutrient availability in Amazon Ferralsol under cowpea cultivation,https://doi.org/10.1016/j.biombioe.2026.109378,2026-04-24,0.848683,0.830508,0.834913,0.013769,B+N+Q,B+N+Q,automatic,multiple_areas,,1,1
W7156702366,"Cenozoic Time Constraints on the Evolution of a Gleysol‐Ferralsol‐Podzol Toposequence, Northwest Amazon Basin, Brazil",https://doi.org/10.1111/ejss.70327,2026-04-27,0.787814,0.814860,0.797018,0.017842,B+N+Q,B+N+Q,automatic,multiple_areas,Q,1,1
W7157227426,Integrating plant microbiome for resilient agriculture and a sustainable environment,https://doi.org/10.1007/s11104-026-08578-5,2026-04-28,0.877542,0.829761,0.798857,0.047781,B+N,B+N,automatic,multiple_areas,B,1,1
W7159932079,Genotype-dependent stability and specialization of arbuscular mycorrhizal fungal communities under drought in common bean,https://doi.org/10.3389/fpls.2026.1786322,2026-05-01,0.835923,0.787660,0.742320,0.048262,B+N,B+N,automatic,multiple_areas,B,1,1
W7160047587,"Spatial Organization and Mineral Transformations of 2:1 Phyllosilicates in Saline–Alkaline Soil–Lake Systems of the Pantanal (Nhecolândia, Brazil)",https://doi.org/10.3390/min16050466,2026-04-29,0.781234,0.783020,0.792404,0.009384,B+N+Q,B+N+Q,automatic,multiple_areas,Q,1,1
W7160276040,Host genetics and environment shape the gut microbiome of Euschistus heros and Piezodorus guildinii and potentially influencing their adaptation,https://doi.org/10.3389/fmicb.2026.1782301,2026-05-05,0.828474,0.802095,0.756890,0.026379,B+N,B+N,automatic,multiple_areas,B,1,1
W7160498451,Isoscape of Oxygen Stable Isotopes in Woods of the Amazon,https://doi.org/10.3390/molecules31091542,2026-05-06,0.765186,0.810229,0.749024,0.045042,B+N,B+N,automatic,multiple_areas,N,1,1
W7160525980,"Guarana (Paullinia cupana var. sorbilis) as a dietary additive for finishing pigs: impacts on digestibility, growth performance, and carcass traits",https://doi.org/10.3389/fanim.2026.1729844,2026-05-07,0.760993,0.766377,0.774445,0.008068,B+N+Q,B+N+Q,automatic,multiple_areas,,1,1
W7160647065,Urochloa brizantha and Amazonian Dark Earths reshape soil microbiota without affecting tree growth in degraded Central Amazon Oxisols,https://doi.org/10.1007/s42832-026-0453-0,2026-05-08,0.861107,0.824598,0.802481,0.036509,B+N,B+N,automatic,multiple_areas,,1,1
W7160713028,Genomic and secondary metabolites of the marine cyanobacterium Capilliphycus salinus ALCB114379,https://doi.org/10.1111/jpy.70174,2026-05-09,0.822441,0.759486,0.773827,0.048614,B+Q,B+Q,automatic,multiple_areas,,1,1
W7161268282,"Portable, Benchtop and Micro‐XRF in Agriculture—Present and Future From the Hardware Perspective",https://doi.org/10.1002/xrs.70117,2026-05-14,0.804390,0.820325,0.833692,0.013367,B+N+Q,B+N+Q,automatic,multiple_areas,,1,1
W7161284537,Comparing ERA5 ‐Land and BR ‐ DWGD Datasets and Their Impacts on Vadose‐Zone Hydrological Modelling in the Brazilian Cerrado,https://doi.org/10.1002/hyp.70568,2026-05-01,0.735623,0.795127,0.712019,0.059503,N,N,automatic,,N,1,1
W7161403611,Long‑term impacts of a composted sewage sludge–based Class B organic fertilizer on soil micronutrients and crop production in the Tropics,https://doi.org/10.1016/j.eja.2026.128156,2026-05-16,0.827368,0.813336,0.825363,0.002006,B+N+Q,B+N+Q,automatic,multiple_areas,,1,1
W7161772949,Unveiling Foliar-Applied Calcium Translocation in Tomato: Evidence from Leaf-to-Fruit Movement Using Strontium Tracer,https://doi.org/10.1093/jxb/erag460,2026-09-14,0.817576,0.793430,0.783242,0.024147,B+N+Q,B+N+Q,automatic,multiple_areas,Q,1,1
W7162112717,Enhancing soil security in Brazilian Cerrado: composted sewage sludge as a sustainable conservation agriculture strategy,https://doi.org/10.1016/j.soisec.2026.100237,2026-05-22,0.820993,0.824405,0.819982,0.003412,B+N+Q,B+N+Q,automatic,multiple_areas,,1,1
W7162303846,Bacterial inoculation drives microbiome-mediated resistance to a soil-borne pathogen in wheat,https://doi.org/10.1038/s41522-026-01021-8,2026-05-26,0.850860,0.778644,0.757339,0.072216,B,B,automatic,,B,1,1
W7162402111,Genotype‐Dependent Modulation of Stomatal Function and Carbon Isotope Fractionation by Silicon in Common Bean Under Water Deficit,https://doi.org/10.1111/ppl.70947,2026-05-01,0.846140,0.805974,0.779392,0.040166,B+N,B+N,automatic,multiple_areas,,1,1
W7162414682,The role of soil in historical warfare: a review,https://doi.org/10.1016/j.teadva.2026.200154,2026-05-26,0.701983,0.726836,0.704632,0.022204,B+N+Q,B+N+Q,automatic,multiple_areas,,1,1
W7162504813,Rhizosphere microbes are partners in plant stress adaptation,https://doi.org/10.1093/jxb/erag254,2026-05-26,0.837593,0.778416,0.755036,0.059178,B,B,automatic,,B,1,1
W7163043388,"Greenhouse gases, nutrition, rumen fermentation, and microbiome of lambs fed sugarcane silage versus sugarcane/Moringa oleifera",https://doi.org/10.1016/j.smallrumres.2026.107816,2026-06-01,0.826156,0.811081,0.798919,0.015076,B+N+Q,B+N+Q,automatic,multiple_areas,,1,1
W7163529654,Inclusion of Tithonia diversifolia in Silages of Elephant Grass cv. BRS Capiaçu,https://doi.org/10.1002/jag2.70076,2026-06-01,0.778849,0.781557,0.775238,0.002708,B+N+Q,B+N+Q,automatic,multiple_areas,,1,1
W7163925181,Soil C and N fractions across soil depths in an ecological intensification system of maize-soybean rotation in Southern Brazil,https://doi.org/10.1016/j.ecz.2026.100087,2026-06-08,0.839344,0.834007,0.813294,0.005337,B+N+Q,B+N+Q,automatic,multiple_areas,Q,1,1
W7164540159,Multicriteria Metric for Assessing the Sustainability of Adsorbents: From Production to Disposal,https://doi.org/10.1021/acssuschemeng.6c00499,2026-06-12,0.723194,0.743189,0.777336,0.034147,N+Q,N+Q,automatic,multiple_areas,Q,1,1
W7164756081,Effect of zinc oxide nanoparticle supplementation in Santa Inês ewes during the transition period,https://doi.org/10.1007/s11250-026-05156-w,2026-06-01,0.752661,0.752105,0.786021,0.033360,B+N+Q,B+N+Q,automatic,multiple_areas,,1,1
W7164827594,Rhizosphere perspective on desertification and restoration in drylands,https://doi.org/10.1016/j.rhisph.2026.101408,2026-06-15,0.813231,0.777842,0.757363,0.035389,B+N,B+N,automatic,multiple_areas;no_abstract,B,0,1
W7164894459,Legacy Effects of 32 Years of Tillage and Crop Diversification on Soil Biological Activity in Paraguay,https://doi.org/10.3390/soilsystems10060066,2026-06-15,0.845868,0.829049,0.809141,0.016818,B+N+Q,B+N+Q,automatic,multiple_areas,,1,1
W7165133536,"Molybdenum sources and incorporation methods into urea granules: impacts on 15N-fertilizer recovery, photosynthesis-related parameters, and sugarcane growth",https://doi.org/10.1007/s11104-026-08730-1,2026-06-18,0.852085,0.815147,0.818328,0.033757,B+N+Q,B+N+Q,automatic,multiple_areas,,1,1
W7165490362,Protein Biosynthesis Is Associated with Ionome Composition in Soybean Seeds,https://doi.org/10.1021/acsagscitech.5c01032,2026-06-21,0.852935,0.796027,0.802671,0.050264,B,B,automatic,,,1,1
W7165551734,"Methane mitigation, nutritional evaluation, and in vitro degradation kinetics of diets based on tropical grass haylage treated with xylanase",https://doi.org/10.1007/s11250-026-05183-7,2026-06-22,0.802053,0.807652,0.798934,0.005599,B+N+Q,B+N+Q,automatic,multiple_areas,,1,1
W7165848297,Phyllosphere and rhizosphere microbiomes in plant disease: ecological mechanisms underlying pathogen resistance and susceptibility,https://doi.org/10.1016/j.pmpp.2026.103356,2026-06-25,0.820034,0.755842,0.748114,0.064192,B,B,automatic,no_abstract,B,0,1
W7166025656,Root uptake and translocation of 14C-sulfadiazine in leaf lettuce,https://doi.org/10.1016/j.chemosphere.2026.145007,2026-06-26,0.787682,0.788155,0.779048,0.000473,B+N+Q,B+N+Q,automatic,multiple_areas,,1,1
W7166196072,Initial results from a Trans-Amazon Drilling Project core from the Acre Basin of Brazil,https://doi.org/10.5194/sd-35-127-2026,2026-06-26,0.772643,0.804402,0.756575,0.031758,B+N+Q,B+N+Q,automatic,multiple_areas,,1,1
W7166311273,"Occurrence and ecological risk assessment of pesticides in the waters of the Tietê River, São Paulo, Brazil",https://doi.org/10.1016/j.hazmo.2026.100035,2026-06-27,0.771345,0.802332,0.799236,0.003096,B+N+Q,B+N+Q,automatic,multiple_areas,,1,1
W7166518614,An integrative multi-omics approach points to membrane composition as a key factor in E. coli persistence,https://doi.org/10.1371/journal.pone.0351161,2026-06-29,0.809438,0.749281,0.755742,0.053697,B,B,automatic,,B,1,1
W7166519098,Carbon and nitrogen stocks and soil organic matter stabilization in a tropical coffee agroecosystem: A 15-year study on phosphogypsum and brachiaria intercropping,https://doi.org/10.1016/j.jenvman.2026.130314,2026-06-30,0.851401,0.832766,0.829110,0.018635,B+N+Q,B+N+Q,automatic,multiple_areas,N,1,1
W7166718451,Stable Isotope Values in Human Dentine Collagen and Fingernails Reveal Age‐Related and Socioeconomic Dietary Patterns in Brazil,https://doi.org/10.1002/ajpa.70258,2026-06-30,0.795385,0.809687,0.807872,0.001816,B+N+Q,B+N+Q,automatic,multiple_areas,N,1,1
W7166805263,Residues of Desiccant Herbicides in Sesame Seeds ( Sesamum indicum L.) Following Preharvest Application Determined by LC-MS/MS,https://doi.org/10.1021/acs.jafc.6c06511,2026-07-01,0.757342,0.770610,0.781930,0.011320,B+N+Q,B+N+Q,automatic,multiple_areas,,1,1
W7166824171,Phosphate removal from water using zinc ferrite-based materials prepared via different methods: insights into adsorption performance and reusability,https://doi.org/10.1039/d5va00489f,2026-01-01,0.687421,0.684400,0.733194,0.045773,B+N+Q,B+N+Q,automatic,multiple_areas,,1,1
W7167511594,Rethinking metagenome-assembled genome completeness: are we truly recovering complete genomes?,https://doi.org/10.3389/fmicb.2026.1884628,2026-07-06,0.829942,0.796014,0.768794,0.033927,B+N,B+N,automatic,multiple_areas,B,1,1
W7167794098,In situ eutectic mixture combined with diluted organic acids for a greener ICP-OES elemental analysis of chocolate,https://doi.org/10.1016/j.talanta.2026.130295,2026-07-09,0.767144,0.786388,0.873625,0.087237,Q,Q,automatic,,Q,1,1
W7167806826,Integrated transcriptome–metabolome analyses reveal regulatory networks underlying soluble solids accumulation in Capsicum chinense fruits,https://doi.org/10.1111/tpj.71020,2026-07-01,0.836141,0.778869,0.772617,0.057272,B,B,automatic,,B,1,1
W7167850502,Blood plasma proteome analysis reveals biological mechanisms and potential biomarkers underlying feed efficiency in Texel sheep,https://doi.org/10.1007/s11250-026-05203-6,2026-07-01,0.786807,0.751100,0.772585,0.014222,B+N+Q,B+N+Q,automatic,multiple_areas;no_abstract,,0,1
W7167891539,Genomic and Metabolomic Insights into Amazonian Oyster-Associated Cyanobacteria Reveal the First Record of Thainema in South America,https://doi.org/10.3390/phycology6030074,2026-07-10,0.856857,0.803020,0.796798,0.053837,B,B,automatic,,,1,1
W7168038989,The Brazilian soil total available water (TAW) acquired by remote sensing and machine learning techniques,https://doi.org/10.1016/j.catena.2026.110395,2026-07-11,0.772889,0.822814,0.761207,0.049925,B+N,B+N,automatic,multiple_areas;no_abstract,N,0,1
W7168103743,Resistant and Susceptible Lima Bean Genotypes Differentially Recruit Rhizosphere and Phyllosphere Bacteria in Response to the Fungal Pathogen Colletotrichum truncatum,https://doi.org/10.1111/ppa.70234,2026-07-01,0.850448,0.793715,0.765064,0.056733,B,B,automatic,,B,1,1
W7168386074,Single standard normalized slope ratio calibration for mineral analysis by laser-induced breakdown spectroscopy,https://doi.org/10.1039/d6ja00148c,2026-01-01,0.680217,0.711999,0.745953,0.033954,N+Q,N+Q,automatic,multiple_areas,Q,1,1
W7168898679,Improving ecological indicators of mangrove canopy height and aboveground biomass through multi-source data fusion on the Amazon coast,https://doi.org/10.1016/j.ecolind.2026.115200,2026-07-16,0.756482,0.794487,0.731511,0.038005,B+N,B+N,automatic,multiple_areas,,1,1
W7169768900,Separated for too long: plant nutrition as the functional interface linking the plant-soil microbiome to plant performance,https://doi.org/10.1590/1678-992x-2026-0067,2026-01-01,0.886755,0.833342,0.811884,0.053413,B,B,automatic,,B,1,1
W7169801559,"Advancing Scientia Agricola: a new phase toward integration, quality, and global relevance",https://doi.org/10.1590/1678-992x-editorial012026,2026-01-01,0.769935,0.775300,0.746073,0.005366,B+N+Q,B+N+Q,automatic,multiple_areas;no_abstract,,0,1
W7170758741,"Microplastics interfere with sorption–desorption, leaching, and mobility of 14C-diflubenzuron, 14C-fluazinam, and 14C-metribuzin in a tropical soil",https://doi.org/10.1186/s12302-026-01467-9,2026-07-24,0.756729,0.781179,0.781832,0.000653,B+N+Q,B+N+Q,automatic,multiple_areas,,1,1
W7171362443,"Physiological responses, body temperature, enteric methane and ruminal microbiota of lambs fed sugarcane silage and Tithonia diversifolia",https://doi.org/10.1007/s11250-026-05247-8,2026-07-27,0.785729,0.775847,0.763124,0.009882,B+N+Q,B+N+Q,automatic,multiple_areas,,1,1
W7171383108,Cover Crops’ Role in Mitigating 14C-Imazethapyr in Contaminated Soils: A Phytoremediation Strategy for Intensive Agriculture,https://doi.org/10.1021/acsagscitech.6c00430,2026-07-25,0.806367,0.805112,0.790491,0.001254,B+N+Q,B+N+Q,automatic,multiple_areas,,1,1
W7171409155,Physiological hormesis induced by low-dose gamma radiation in Nicotiana tabacum L.: Varietal differences in early stress response,https://doi.org/10.1016/j.radphyschem.2026.114279,2026-07-27,0.795097,0.812470,0.760960,0.017373,B+N,B+N,automatic,multiple_areas,N,1,1
W7171563967,Ranking lambs by feed efficiency – are there changes in ruminal fermentation parameters and enteric methane emissions?,https://doi.org/10.1007/s11250-026-05257-6,2026-07-28,0.740454,0.762309,0.739545,0.021855,B+N+Q,B+N+Q,automatic,multiple_areas,,1,1
W7171772308,Tolerance of Brazil pusley biotypes to glyphosate: role of absorption and translocation and behavior of shikimic acid pathway metabolites,https://doi.org/10.51694/advweedsci/2026;44:0029,2026-01-01,0.822499,0.810205,0.781942,0.012294,B+N+Q,B+N+Q,automatic,multiple_areas,,1,1
W7171982619,Calibrating the wetting front pressure head of the Green and Ampt infiltration model,https://doi.org/10.1002/saj2.70315,2026-07-01,0.737726,0.786283,0.735415,0.048557,B+N,B+N,automatic,multiple_areas,N,1,1
W7172541110,Diurnal dynamics of maize gene expression is associated with phyllosphere microbiome composition,https://doi.org/10.1007/s10123-026-00875-4,2026-08-06,0.828362,0.771159,0.740388,0.057203,B,B,automatic,,B,1,1
W7196949283,Caenorhabditis elegans in nanosafety research: dual effect of Escherichia coli ecocorona formation on single and combined toxicity of graphene oxide,https://doi.org/10.1039/d6na00311g,2026-01-01,0.737452,0.705826,0.729890,0.007561,B+N+Q,B+N+Q,automatic,multiple_areas,,1,1
W7196972478,Impact of Climate Change on Cyanobacteria–Cyanophage Interactions and Their Role in Cyanobacterial Blooms in Freshwater Lakes,https://doi.org/10.1111/gcb.71035,2026-08-01,0.767384,0.744392,0.717801,0.022991,B+N+Q,B+N+Q,automatic,multiple_areas,,1,1
W7201877437,Climate-driven hydrological extremes restructure biogeochemical carbon cycling and CH4 emissions in Pantanal floodplain systems,https://doi.org/10.1007/s10750-026-06343-4,2026-08-07,0.783746,0.795802,0.755972,0.012056,B+N+Q,B+N+Q,automatic,multiple_areas,Q,1,1
W7201959342,Coupled organic and inorganic carbon dynamics mediated by calcium in semi-arid olive orchards,https://doi.org/10.1016/j.still.2026.107424,2026-08-08,0.849909,0.818743,0.815739,0.031166,B+N+Q,B+N+Q,automatic,multiple_areas,,1,1
W7202167304,Vis-NIR and XRF data fusion for soil organic carbon inference: Insights from large-scale spectral libraries and fitness-for-purpose evaluation,https://doi.org/10.1016/j.still.2026.107430,2026-08-11,0.807464,0.826184,0.831474,0.005290,B+N+Q,B+N+Q,automatic,multiple_areas,,1,1
W7203597002,"Feed Efficiency Classification in Confined Texel Ewe Lambs: Relationships with Ruminal Fermentation, Nitrogen Metabolism, and Greenhouse Gas Emissions",https://doi.org/10.3390/ani16162554,2026-08-16,0.790358,0.797875,0.790241,0.007517,B+N+Q,B+N+Q,automatic,multiple_areas,,1,1
W7203642431,Image-Based Phenotyping for Early Assessment of Radiosensitivity of Cowpea (Vigna unguiculata L. Walp.) Seedlings Irradiated with Gamma Rays,https://doi.org/10.3390/ijpb17080075,2026-08-17,0.829921,0.861432,0.806081,0.031511,B+N,B+N,automatic,multiple_areas,N,1,1
W7203860531,Differential stoichiometric responses of tolerant and susceptible sugarcane cultivars to silicon under drought and bacterial leaf scald,https://doi.org/10.1186/s12870-026-09425-6,2026-08-22,0.866991,0.816633,0.802303,0.050358,B,B,automatic,,B,1,1
W7204061892,Biochar,,2026-01-01,0.819441,0.808744,0.825915,0.006474,B+N+Q,B+N+Q,automatic,multiple_areas,,1,1
W7204188463,Long-lived geoxyles of the Cerrado: anatomical and radiocarbon evidence from a Psidium grandifolium xylopodium,https://doi.org/10.1016/j.flora.2026.153065,2026-08-25,0.795579,0.800925,0.763201,0.005346,B+N+Q,B+N+Q,automatic,multiple_areas;no_abstract,,0,1
W7204575193,Phytohormone-microbiome interactions and epigenetic regulation of plant stress responses and priming,https://doi.org/10.1093/jxb/erag417,2026-08-28,0.857221,0.784473,0.766454,0.072748,B,B,automatic,,B,1,1
W7204627859,Restoration contexts shape the bacterial and fungal soil communities in desertification hotspots in the Brazilian semiarid region,https://doi.org/10.1016/j.jenvman.2026.130831,2026-08-29,0.794015,0.771791,0.737535,0.022223,B+N,B+N,automatic,multiple_areas;no_abstract,B,0,1
W7204956395,Exploring functional and taxonomic rhizosphere microbiome signatures in drought-tolerant common beans,https://doi.org/10.1038/s41522-026-01127-z,2026-09-01,0.866128,0.803804,0.781184,0.062324,B,B,automatic,,B,1,1
W7207683527,Effects of partial replacement of sugarcane silage with Moringa oleifera silage on carcass traits and meat quality of lambs,https://doi.org/10.1007/s11250-026-05309-x,2026-09-01,0.766388,0.766465,0.767291,0.000826,B+N+Q,B+N+Q,automatic,multiple_areas,,1,1
W7211966851,Synthetic Orthogonal Promoters and Transcription Factor Platforms in Algae: Rational Design Principles and Applications in Synthetic Biology,https://doi.org/10.3390/synbio4030017,2026-09-08,0.802878,0.731004,0.735291,0.067587,B,B,automatic,,B,1,1
W7212120040,"Bioactive compounds in Cucurbita spp.: a critical review of functional properties, bioaccessibility, and applications in functional foods",https://doi.org/10.1016/j.frintr.2026.100016,2026-09-11,0.767972,0.750059,0.802719,0.034747,B+Q,B+Q,automatic,multiple_areas,Q,1,1
W7212129804,Leaf elemental traits and stable isotopes across a Caatinga–Atlantic forest transect reveal shifts in water-use and nutrient strategies,https://doi.org/10.1007/s10533-026-01351-x,2026-09-10,0.834472,0.821835,0.764921,0.012637,B+N,B+N,automatic,multiple_areas,N,1,1
W7212282336,"Alleviation of cefotaxime-induced diarrhea using three groups of probiotics: Effects on gut microbiota reconstitution-mediated regulation of tight junction proteins, intestinal barrier and inflammation in mice",https://doi.org/10.1016/j.fbio.2026.109956,2026-09-11,0.726750,0.702116,0.730485,0.003736,B+N+Q,B+N+Q,automatic,multiple_areas;no_abstract,Q,0,1
W7212402567,Cooperative-based agroforestry system supports steady bioeconomy in the Eastern Amazon,https://doi.org/10.1016/j.tfp.2026.101487,2026-09-12,0.810727,0.809412,0.752019,0.001315,B+N,B+N,automatic,multiple_areas,,1,1
W7212634955,"Climatic variations, vegetation and soils during the Holocene in the Pantanal of Mato Grosso do Sul, Brazil",https://doi.org/10.1016/j.quaint.2026.110455,2026-09-14,0.785373,0.814079,0.776180,0.028706,B+N+Q,B+N+Q,automatic,multiple_areas,,1,1
W7213546396,Absorption and translocation of 14 C ‐propiconazole associated with two adjuvants in young coffee plants,https://doi.org/10.1002/ps.71310,2026-09-17,0.788832,0.793029,0.787231,0.004197,B+N+Q,B+N+Q,automatic,multiple_areas,,1,1
W7214019355,Native tree species in silvopastoral system outperforms,https://doi.org/10.36783/18069657rbcs20250164,2026-01-01,0.870763,0.845916,0.822759,0.024847,B+N+Q,B+N+Q,automatic,multiple_areas,,1,1
W7214713104,A plant species persisting under desertification is associated with a distinct rhizosphere bacterial community,https://doi.org/10.1016/j.rhisph.2026.101487,2026-09-29,0.824777,0.776940,0.749621,0.047836,B+N,B+N,automatic,multiple_areas;no_abstract,B,0,1
W7214729655,Role of zinc oxide nanoparticles in the parasitism and abomasal pathophysiology of lambs artificially infected with Haemonchus contortus,https://doi.org/10.1016/j.vetpar.2026.110933,2026-09-01,0.729942,0.725891,0.746070,0.016129,B+N+Q,B+N+Q,automatic,multiple_areas,,1,1
W7214782879,Bioaccessibility and epithelial transport of chlorogenic acid extracts from Ilex paraguariensis by-product: Effect of encapsulation,https://doi.org/10.1016/j.foodchem.2026.151364,2026-09-29,0.761272,0.752231,0.800729,0.039457,B+N+Q,B+N+Q,automatic,multiple_areas,Q,1,1
W7214783276,Developmental and behavioral disruption in Zebrafish larvae by mixtures of anatoxin-a and neonicotinoids,https://doi.org/10.1016/j.aquatox.2026.108036,2026-09-01,0.769956,0.762924,0.761277,0.007032,B+N+Q,B+N+Q,automatic,multiple_areas,,1,1
W7214963263,Foliar Application of Azospirillum brasilense Enhances Wheat Nutrition and Yield Under Tropical Savanna Conditions,https://doi.org/10.15835/nbha54315112,2026-09-11,0.854021,0.807244,0.790776,0.046777,B+N,B+N,automatic,multiple_areas,B,1,1
W7215074864,Conserved Hydrocarbon Degradation Architectures in Petroleum-Associated Microbiomes Revealed by Genome-Resolved Analysis Using the Petroleum-Associated Genome Database (PaGeD),https://doi.org/10.3390/microorganisms14102197,2026-10-01,0.804925,0.754599,0.751362,0.050326,B,B,automatic,,B,1,1
W7215084676,Advancing Maize Seed Vigor Assessment Through Multispectral Imaging: Highlighting the Relevance of Ultraviolet Optical Markers,https://doi.org/10.3390/agriengineering8100415,2026-10-01,0.798652,0.818832,0.798527,0.020180,B+N+Q,B+N+Q,automatic,multiple_areas,,1,1
W7217384309,"A UNIVERSIDADE DE VOLTA A ESCOLA: EXTENSÃO CIENTÍFICA COM JOVENS ALUNOS EM PIRACICABA (SÃO PAULO, BRASIL)",,2024-12-30,0.776755,0.790739,0.766521,0.013984,B+N+Q,B+N+Q,automatic,multiple_areas,,1,0
